63 63
22075 12801 12815 22104 62 12752 12751 20413 20459 20433 20465 22063 12813 12769 20454 22036 12817 12748 22069 20412 22042 285 105 22056 12792 53 22071 27 12786 73 36 22038 12781 12734 98 20418 12744 289 12776 49 12796 12737 20 12758 12824 280 20417 12779 22080 12798 20377 22054 88 12819 22031 318 20403 20426 22032 301 22106 22112 20457
161 38
23136 45801 23177 23222 5889 45817 23139 23125 23181 23214 5844 23211 45830 45881 5843 23174 45808 5850 23178 5841 5818 45854 5913 45832 45794 5872 23196 5876 45842 23163 45837 5877 5830 5870 45882 5868 23127 5902 45816 45839 45876 45856 23160 5855 45850 45815 5863 23133 5825 23198 23180 23184 45787 5904 23134 5867 45872 23151 45819 23166 5819 45885 45806 5842 23155 23186 45809 5912 5905 45870 45836 45800 45861 23175 23156 45798 23212 45833 5887 45884 45826 5822 23208 45840 45853 5890 5853 45863 23219 23138 23203 23188 23169 23172 5906 23220 23223 45789 45795 5866 45825 5880 23217 23161 5886 5865 45812 23170 45866 45873 45857 45860 23192 45846 23150 23124 45831 23153 45822 45855 23132 23131 45844 45849 45790 23158 45868 23210 45803 45799 23195 23190 5824 45810 45858 23146 5914 23206 45880 5891 23130 45865 45811 23149 5894 45824 5878 5882 23191 23162 45843 5879 5885 23185 23152 5873 23204 5851 5832 45821 23168
80 23
1261 24041 41130 48800 12667 10759 30926 7670 49361 17017 46234 39203 46764 20179 29027 5055 36627 8228 8782 16356 44970 31635 43621 35444 23386 48046 1801 29796 50000 9418 30430 42338 18999 35978 6303 32975 20882 44 42977 643 13307 18386 25864 41741 27794 44289 24770 15242 38676 2539 3852 32225 5786 22765 37985 22145 37373 13968 26553 4346 40437 45668 17667 14464 33574 47539 28407 34183 6986 12007 3253 11402 10113 34746 25336 21480 15730 39922 19603 27279
1003 93
200 205 207 210 216 218 223 3753 239 2041 248 252 256 265 270 275 283 293 298 305 314 318 324 334 336 2763 345 355 358 360 370 373 383 384 3664 401 403 412 416 419 420 430 438 440 444 445 449 457 460 470 3118 484 5370 491 500 507 517 520 529 533 542 543 3220 5154 4693 556 3677 564 566 572 576 3600 594 601 611 618 628 629 2114 648 649 655 661 667 669 675 4837 4918 692 694 697 4305 714 715 3195 721 724 725 730 736 740 746 756 763 773 779 2354 793 794 803 2369 817 820 826 829 834 843 847 856 866 2430 882 887 890 895 897 899 901 902 906 910 915 921 929 1443 946 953 962 968 971 3075 979 988 997 1001 1007 1015 1024 1026 1030 1877 1041 1050 1056 1061 1067 1076 1081 1089 1094 1104 1110 1119 1121 1126 1135 1136 1138 1140 4449 5364 4062 1802 707 1178 1182 1186 1196 1198 1204 1210 1217 1223 1228 1234 3174 1238 1914 1248 1252 1261 4244 1274 1282 1288 1294 1299 2604 1312 1321 1325 1333 2562 4263 1346 1348 1354 1357 1366 1376 1379 1389 4044 1405 1409 1416 1422 1426 2372 3744 1439 4043 938 1445 4607 1462 1468 1470 1472 1476 1484 1492 3581 1506 1514 1518 1525 1532 1533 1537 1432 3952 1553 5468 1562 3393 1571 5076 1577 1581 2682 1593 1595 1601 1603 2600 1618 1622 1174 1628 1637 1646 1653 1654 1659 1667 1671 1680 1684 1685 1689 4590 1701 1704 4170 1710 1718 1725 1729 1736 1745 1750 5045 1762 1763 5392 1771 2662 1789 1791 1794 5156 1806 1813 1822 1825 1826 1829 1834 4829 1843 1846 1852 1853 1856 1865 1867 1869 1031 1886 4012 1897 1906 1243 1924 1927 1933 1941 1946 1955 1959 1963 1965 1967 1972 5505 1983 1990 1991 1996 1999 2006 2013 2021 2029 2031 2033 246 2044 2049 2052 2056 3837 2070 2072 4346 3641 2094 2098 2101 2102 2112 639 2123 2127 2134 2143 2149 2155 2164 684 2174 2179 4357 2194 2200 2202 2207 2214 2217 2225 2234 2236 2242 2250 3085 2257 2263 2267 2270 2276 2282 2287 2288 2289 2292 3693 2303 2305 2315 2319 2321 2327 2330 2338 2344 2346 789 2841 2362 807 1538 2382 4194 2392 2395 2399 2404 2406 2410 2417 2420 872 2434 5068 2441 2449 2452 2456 2465 2475 2478 2488 2493 2495 2499 2509 2510 2518 2519 2521 2531 2540 2542 2549 2558 2559 1338 2563 2565 2575 2585 2593 2599 1612 3368 1306 1452 2611 5083 2623 2624 2631 2640 3708 2649 2654 3211 2669 4314 2674 1591 2687 2697 2701 2704 2705 2707 2709 2710 4424 2715 2717 2994 2722 2728 4934 2734 2744 2752 2760 344 2764 2772 2779 2787 2791 2797 2798 2805 2806 2814 2824 2832 2356 2846 2849 2853 2855 2862 2863 2870 2872 2877 2881 2889 2890 2895 2896 2904 2913 2917 2926 2935 2941 2948 2949 2953 2963 2968 2977 2981 2985 2989 2719 2995 3004 5090 3018 3024 3032 3037 3046 3055 3058 3059 3066 978 3077 2253 3088 3098 3108 3111 1150 3125 3134 3135 3137 3147 3149 3152 3158 3165 3172 1235 3180 3187 717 2671 3204 3207 1781 3212 546 3357 3223 3226 3298 3237 3247 5140 3256 3266 3267 3270 3274 3283 3286 3296 3229 3300 3302 3307 3309 3315 3317 3324 3328 4986 3409 3339 3349 3352 3222 3362 4559 3370 3372 3382 3390 1564 3394 3401 3337 3413 3414 3421 3425 3427 5436 3445 3454 3463 3470 1693 3482 3483 3487 3491 3494 3498 3502 3505 3514 3520 3523 3525 3532 3533 3534 3540 3543 3552 3555 3559 3568 3575 3578 4743 3582 3590 586 3610 3620 3623 3624 3629 3638 3639 2085 3648 3655 3659 391 3665 3668 3672 561 3684 3689 2297 3695 3699 2642 3710 3716 3722 3723 3733 3739 4861 4789 230 3755 3765 3773 3776 3780 3785 3792 3797 3807 3817 3822 3828 3833 3835 2061 3843 3846 3849 3852 3862 3867 3875 3882 4328 3901 3902 3909 3913 3920 3926 3933 3940 3944 1544 3959 3963 3967 3972 3979 3984 3987 3997 4001 4004 4008 1887 4020 4022 4291 4026 4027 4036 1442 1396 4049 4056 1160 4070 4079 4085 4095 4097 4102 5401 4116 4119 4126 4127 4931 4131 4141 4147 4157 4160 4161 4111 4178 4184 4189 2383 4200 4201 4202 4210 4217 4221 4228 4234 4243 1264 4251 4257 5490 4268 4278 4286 4024 4301 1625 4307 4310 3197 4318 3892 4331 4340 2079 4352 2185 4365 4375 4383 5478 4396 4405 4414 4418 2712 485 4433 4441 4446 4447 1143 4457 4467 4475 4483 4486 4493 4497 4500 4510 4514 4516 4522 4528 4537 4543 4552 2601 4564 4572 4580 4792 4596 4597 4605 2606 4615 4620 4627 4630 4631 4634 4637 4639 4643 4649 4653 4661 4665 4673 4677 4687 550 4698 4705 4709 4711 4713 4723 4725 4727 4734 4742 1497 4752 4760 4761 4771 4780 4785 4786 4826 3480 4800 4801 4809 4810 4820 3748 1839 676 4839 4846 4849 4851 4855 1434 4863 4866 4869 4875 4885 4893 4894 4899 4901 4911 2173 4920 4922 4925 4129 2731 4941 4946 4951 4955 4964 4967 4972 4982 3333 4994 4999 5009 5017 5019 5028 5037 5044 1760 5047 5055 5061 5066 2435 5074 1574 2619 5084 3010 5091 5092 5096 5103 5112 5114 5119 5129 5130 5137 3254 5141 5150 547 1164 5164 5172 5178 5187 5193 5196 5201 5208 5213 5519 5216 5217 5226 5233 5237 5247 5255 5259 5269 5270 5275 5285 5286 5287 5295 5303 5312 5314 5322 5328 5332 5342 5344 5354 5359 5360 479 4427 5379 5384 1769 1705 5410 5418 5428 3436 5441 5447 5454 5458 5459 5461 1555 5473 5476 4388 5487 1345 5498 5501 1980 5506 5507 5513 5215 5521 5524 5525 5533 5542
7 7
319 13052 44308 17768 3444 45252 21418
103 37
26972 33332 39175 37796 13309 37180 45081 34833 16118 2498 18557 32897 955 21173 33865 13811 22547 7870 27439 23439 35236 25518 49017 10292 11747 49608 30938 19068 31275 23130 32289 10762 43172 50000 42068 43606 21630 40687 7426 1 1929 24016 18087 8839 17729 16671 19583 20189 28855 537 48615 36824 24543 20593 27984 2986 48019 44152 4846 41584 34309 15782 22146 14795 36334 5863 3922 31767 5490 12727 47563 8312 30316 15236 44529 39617 29825 38228 47041 38699 14214 28379 1557 6765 11302 4325 46065 3404 35711 41255 24976 25906 46562 9829 26398 40108 42694 29428 9352 6302 17221 12350 45490
14062 188
18974 18768 22527 27962 19412 973 48372 9965 17606 21656 12925 44200 602 26665 7405 31591 1408 25876 7687 11536 39184 5228 40416 40027 23718 14004 24379 34642 38192 19189 5319 36895 47239 37863 21545 17090 39511 28968 15300 8050 46239 42588 33966 22355 7866 23183 29512 33109 47727 18061 41970 19966 29210 36410 45888 39180 11806 18422 17537 44604 36354 23089 7172 28811 2006 32125 13097 11918 45774 37609 40675 19717 34097 39657 15142 19059 30248 41236 49029 5216 21621 19498 30726 26864 29462 49371 9037 19292 28791 32019 20153 28966 21125 35008 23582 30061 13277 43611 35998 15462 29139 10157 48239 23972 46991 11658 40252 2901 21119 20451 732 40353 46588 44397 17525 49211 38052 30068 41891 30327 3269 34017 49104 4717 14559 26680 44760 3391 18576 5122 26241 26661 45919 32329 18758 29762 42514 44476 36111 39111 29156 47219 26597 8367 33934 35112 29265 15263 22240 41951 36401 23450 12322 1339 42410 9256 40307 49710 17244 40145 33263 26718 514 46852 29488 22507 35824 36470 27937 43924 19927 34606 27940 39209 20244 42635 33932 45621 39089 40030 46115 23270 31083 39931 2248 16432 43267 8666 14802 19637 40301 6737 22985 43280 34429 29515 48828 13379 37604 27523 29926 34104 17103 19209 47257 34508 33879 34514 9305 28983 3078 16756 47237 4880 36238 29993 20886 27624 20309 35350 19915 49981 20417 33362 39037 24406 38006 49497 20511 13564 8472 24632 35243 12666 38984 34141 24499 30978 7473 39594 49466 7740 16976 11809 31619 10306 8692 10807 32688 35537 49560 49090 46825 20378 577 48317 28591 40892 9106 33218 31843 7062 25463 32422 17750 35712 4207 29255 47930 30840 5497 1802 21544 34813 10403 32053 1461 36862 48246 38683 20566 48302 48535 10673 4479 11052 47932 46906 7198 16026 41064 44252 28888 4891 20147 23084 17143 8839 30399 21436 11267 11166 6579 9670 22944 19799 17478 35830 19583 12764 44383 6312 10782 21946 42603 45506 16389 24861 7871 28057 18571 37440 44686 26257 32264 38615 43977 28810 48702 28384 21813 6883 561 12679 18045 3139 16328 13634 8335 32093 14358 11649 25792 7984 17570 42652 29806 17043 22922 35124 17344 48692 17211 27709 37539 29826 14925 2841 2400 43378 11879 44504 22648 27429 3907 8709 41925 32421 39283 30469 24684 19435 47271 19475 40965 42055 27326 35987 15619 17744 10939 18656 46599 6665 22974 1098 9346 2743 26118 14719 9825 35392 44881 37962 16395 9264 29932 672 4935 26108 13991 44065 4420 8751 7277 22544 46347 41258 6090 24011 43012 19644 35591 37906 20771 21994 12436 19756 44687 39448 27515 43388 42517 16147 8102 46532 49924 40688 41400 31763 96 29031 33320 5019 12206 16735 2888 13633 11626 44367 19981 12786 49970 14911 7346 24647 42792 18646 41811 47686 28393 26536 6802 36450 26697 40066 11764 6184 1375 32121 40979 30713 29019 2625 47056 12942 31222 20462 37941 12938 329 38556 39939 6879 23161 38975 20270 20057 39833 49597 49358 2935 45434 14313 1066 3612 39516 35470 10967 35201 32250 26045 34677 19613 23986 39767 17368 3902 44920 6524 21389 13258 8337 44955 22179 32979 18178 40983 45128 43886 11662 13740 25664 6255 25230 43842 25154 39084 34223 40503 6914 4340 17374 1324 11259 8392 34773 33160 3425 20655 26835 38151 32292 22273 13387 37008 9242 17648 36310 48910 49947 42769 45457 34446 3181 8413 10483 40141 45306 2974 33372 36326 17518 49023 47331 23009 687 2687 21117 20896 41662 27240 30434 28972 33596 17224 49635 14291 9182 31816 38150 38546 31912 3219 12341 19922 3036 2855 43700 28925 41450 1673 38625 43624 24696 34953 20907 16021 16260 37457 41314 1019 23278 47766 8978 23715 4352 9148 7174 20392 17992 25111 12452 7342 29116 10235 37829 22143 42704 47539 43077 4055 16595 9824 20967 5865 2504 29148 47880 33272 30394 8638 13149 46529 19437 47819 29476 42418 41493 45351 19309 39234 39936 20040 725 48094 41747 18245 959 31609 14745 30306 41285 7483 12479 262 25607 1541 31449 8464 8159 13439 13343 43769 9735 42584 20123 9394 48198 36754 16787 33227 47910 42204 34673 31885 48591 1696 33224 349 6863 46001 48137 14575 10671 43911 28704 15276 3995 21501 10236 45859 47767 34004 36411 3701 39965 20969 9829 28837 6838 4170 10600 22151 46809 32288 9558 31939 42327 36043 49957 8926 37537 23618 32723 42111 47626 35075 36877 4504 47580 39221 15237 2985 20514 28955 33017 12906 17572 15407 37893 15225 24062 13589 15723 45616 15642 46744 2599 26304 21312 38891 27791 21045 43038 8331 35921 47334 16649 38533 42155 14742 37707 14815 23264 14698 15212 2357 16886 5295 7604 14305 47380 4240 2767 16214 29166 37386 18184 14894 21896 40530 47492 10424 17171 26939 15964 43744 20315 20653 1342 20528 40260 29246 5831 46774 30317 17312 15290 31781 6415 34221 18874 18744 9959 2749 47997 19113 39439 39797 10742 44370 48617 47470 7993 23602 25601 10151 18411 8019 35814 25264 15603 11467 15546 46065 35310 19738 37704 837 16740 47883 17877 19918 34894 32731 22911 18484 48038 15792 13845 23705 4313 49343 22667 1754 27310 34382 27530 31237 39449 2221 26137 24767 34552 23599 7049 18189 3411 27408 9050 9343 33977 12780 38850 15785 43714 46190 7008 7992 37886 49189 10601 35931 3510 15805 11792 20256 19195 39377 1165 37403 23984 4812 29341 44377 37680 17740 427 24529 13636 6464 9817 33959 44251 4478 447 14691 21354 36634 44236 1909 20880 28548 477 22915 25934 39169 8854 5265 11646 27066 15120 29367 41304 36530 26270 38193 11274 37195 11130 49208 27488 48314 3204 131 19410 44569 45042 597 6104 23295 14634 36803 22451 6996 13615 15754 40160 47722 39177 14447 30947 42800 45368 24512 3083 8481 22814 19425 29986 42201 20466 43365 15795 24338 40327 17954 24845 14566 28176 42108 40350 36701 24113 12029 594 23889 49347 44862 41182 34408 35491 28872 48768 21166 15780 13814 26144 17644 17544 20216 43409 11401 33105 28157 10305 1110 44623 29168 44866 39001 3836 25611 8907 24089 17530 2984 29728 34548 17490 29732 35473 35217 5257 19427 2695 31405 30232 35311 23781 23122 15727 35538 22813 25354 44619 39352 46266 9749 3522 37639 41673 43091 26676 13059 16238 33121 33972 49168 28781 14738 37046 29885 155 24483 44401 21618 42806 38430 30470 4532 11714 25619 10974 6045 18991 48310 47660 45294 38890 31468 24181 31607 31148 35671 4174 27129 8959 46640 26928 43645 22178 31576 396 45147 18351 21715 47547 33252 41533 37313 18272 14616 6476 16678 15260 6809 16270 7688 40056 43646 49500 13875 40758 20492 30717 29049 22364 40763 34466 19164 40001 29633 38018 47871 3754 19365 12041 4566 31730 8637 33847 5590 3665 20740 3883 990 23063 38814 46924 3930 41135 19193 18381 19748 33623 15063 43036 32016 23323 10683 12256 40869 42962 9223 1596 5942 19125 25884 48871 34916 16594 19950 30411 17897 5075 7278 9574 42511 18698 16624 30495 30678 45762 16616 10556 14768 45008 592 10506 29073 32200 49531 44622 3274 1959 22970 2459 18523 10916 48773 2828 2346 18835 16196 31274 14281 11125 40326 28159 17721 11787 33885 20290 46421 23940 16622 1480 34471 11795 18035 7407 43029 15764 48553 12891 22558 9900 24851 36166 19119 1117 47420 237 33458 32981 22677 23178 4950 2712 47194 37107 49558 16529 22222 5095 18367 43739 16636 30391 32933 7718 40485 9364 19432 31430 40247 3725 1163 4624 46510 40902 16280 46312 27843 45159 15340 27436 15798 34023 7435 24888 26291 22903 19457 1636 39837 38784 16493 38592 8211 26222 32152 30216 40405 44060 6295 24757 16107 43019 22993 40048 38998 36908 46090 28956 4810 15021 15012 26215 7895 418 35932 34326 18076 42830 12198 15399 37990 25622 5909 29831 29422 2665 32210 917 47031 45124 5646 334 4562 47079 2168 38506 39486 36130 48147 1846 23806 21804 35405 19076 44746 34675 29104 1354 37630 6796 5055 7354 45367 22457 42684 17064 22617 49044 38996 35652 12675 24111 4203 40051 9734 41370 33201 34896 30385 7065 1522 6922 24523 34891 318 19920 25970 45362 35430 6054 40756 11546 29047 40796 6048 42150 32897 38028 19139 32377 45836 32643 21355 44254 31037 33689 46591 29061 12972 39173 49372 34188 45346 765 11568 37180 43954 34615 27777 6767 26487 46429 9333 40377 48998 10345 14009 48300 34253 40882 5901 14451 34649 44997 43166 4787 28635 18996 45321 6222 45937 34166 49991 47200 41690 12390 1297 23261 28627 41154 10450 11354 37463 941 27800 23430 41407 39502 13348 22387 25571 1648 2432 16579 7900 42006 40994 12959 528 9066 40829 19789 44719 21114 6204 47658 38486 10803 10570 34298 16465 7110 41992 14606 19093 9243 21745 27316 10412 43128 38309 741 15434 26341 49673 33000 11215 27755 35729 18816 8996 43477 39733 6968 37700 21180 12799 22175 44071 8287 35179 46784 3923 4847 29159 19714 35125 38900 35787 27371 20295 47117 34018 44712 32388 25425 11179 23005 37371 39960 745 15210 27679 48995 1965 32083 48064 2735 49754 25220 43882 15134 39766 1429 16226 44209 13771 11827 9475 19776 16810 29760 35109 16605 43633 516 3745 32469 25604 33672 11342 41952 20558 38487 37526 42401 4941 321 29449 6025 24692 48141 30858 18930 40000 26606 45123 33326 38994 506 18579 48402 34633 16456 39007 32947 34268 47434 40498 40200 34829 17713 3798 18508 14927 44635 11730 14390 24924 10679 30907 23861 14357 27115 27490 35419 20342 22011 9043 37126 35862 34513 22036 5262 27172 27638 26786 36301 33917 44411 34627 41837 42506 32898 4265 21372 43326 19601 11472 41035 40033 28709 47812 40148 25821 18287 13411 2794 38097 39110 31281 18406 37993 14928 39472 232 5027 11753 42026 9126 31570 11140 37813 21531 25580 15712 44573 1434 11817 48163 2552 1335 7022 32706 48899 46558 2978 14923 21234 42751 38992 21178 47195 2348 42087 33243 16008 13262 29327 18362 6627 1431 5544 40548 16777 19664 34549 36 49334 34578 6848 39578 21065 16516 36943 9080 24091 35759 20836 31597 19005 37961 39241 18546 32623 29271 29572 38273 30275 29039 24877 44893 30932 30891 16335 3959 20030 15057 40008 15417 25143 33640 35776 20692 18790 90 3727 23402 11636 19474 48344 34535 12267 31563 18121 20355 14233 43370 14695 40451 32226 34889 37714 30830 38324 9837 39260 6064 9501 5607 17220 33660 4485 31103 46738 40423 42510 569 24986 10663 24122 27711 12156 13463 15591 315 49063 15222 37652 1116 7629 20927 35744 49116 1865 28070 42685 24540 33911 35899 44957 32349 32853 676 19515 12831 2419 24538 25090 43906 12989 25063 9905 9059 9929 23463 43750 45950 30652 27918 4164 27113 1789 16385 43339 35983 45499 30834 36085 1173 47145 13037 47652 18595 42471 3449 35835 9352 35115 378 14033 22085 41398 20081 26771 9081 38781 24783 3406 23206 20083 5736 31195 13894 32756 18722 14950 24186 21619 37895 45210 27556 9485 25501 38561 22190 17567 6939 32597 14590 27220 8455 3124 5554 10063 29115 17030 41111 8424 35698 14887 5737 49963 7428 6539 42805 12738 5463 18776 1845 16646 33607 6169 36323 17736 1457 35677 12864 48500 26648 12730 8443 25895 21663 45890 7415 49034 36555 15786 8410 11952 4875 27385 4727 48341 25780 43844 14835 40003 9150 45572 33537 17923 28712 19210 32788 27908 16202 9099 33552 7825 16910 14463 37127 2490 48178 35552 22503 4304 17187 5598 13247 44543 22646 26379 39921 38237 39950 30626 1777 39863 4594 16414 36165 28125 12072 2674 31418 35855 17751 13938 12935 93 25208 20749 5146 40903 5498 23799 31492 5440 26775 5334 38161 48851 43867 36550 33491 11410 49990 19417 27343 30525 14571 7358 46860 47127 6855 16658 18940 13391 12882 19767 29353 29822 245 25294 28944 29328 20677 48294 24813 34162 39067 4283 22661 27976 2219 15919 7086 19067 21001 14720 740 2048 19811 8278 47588 28049 47439 16347 909 47136 38545 29349 8416 3915 49702 5555 27307 34679 24439 3792 18842 16434 26054 13854 35941 28232 24015 43727 19153 22632 22159 19207 15258 16250 15864 15527 29399 49295 25261 15977 46565 45751 34587 46032 14120 43064 2204 7819 37474 16902 40556 20161 6631 23302 20858 16001 18678 13657 12769 9363 19991 7702 49722 48832 20887 19499 21295 3794 45532 15425 30593 24741 49381 21434 7919 43085 22782 48820 28902 19229 14215 15553 42831 25599 2583 13927 30983 27439 11801 23349 37297 7600 6412 41834 22218 548 22241 6637 40249 35569 29513 12630 46076 9849 16578 9640 9576 30480 30871 34735 26741 31027 23642 24033 15452 18062 5348 12396 29982 43400 40275 10722 1701 44989 30047 25427 32441 25100 22073 6284 23950 42568 45222 44036 11065 8460 40209 49301 3434 38987 10514 14880 49988 27007 15071 247 2392 7902 15835 41359 29516 24162 48865 33893 34558 7324 2280 8297 29131 15987 41212 1328 49978 44785 2885 6040 43908 48098 39468 1083 34557 8084 649 16592 5974 47158 12087 35801 20178 30981 38631 6152 13911 47186 13164 24907 26317 36158 36782 21602 9146 44670 13135 18796 22900 25750 37515 12114 34939 31014 10714 6921 13810 27840 7456 3179 24951 45063 42537 30669 18143 8975 15133 24560 44977 24791 40737 16292 13920 10936 9458 13865 49581 24163 4515 18527 6076 17441 18901 29640 9042 33441 9090 39719 39724 9500 48360 37922 8553 42823 11987 42077 36246 49672 15460 3020 6092 25375 26560 35046 14917 46634 17390 12210 31848 16583 23007 34273 19698 20481 43748 30257 11798 45168 7832 18177 37437 22351 48241 47701 2851 10494 23313 10954 20484 30841 27257 35687 39518 11975 23265 6173 28246 48009 44203 16183 8272 12680 17230 406 4334 32679 45125 26396 42149 36521 11979 9299 24887 33611 32805 18488 37968 48625 1631 14234 4583 39479 6002 35375 3949 46051 3666 35790 31352 553 34864 951 23407 33371 16652 552 45671 38636 8322 41547 49136 21862 9318 45244 22655 10700 44669 42895 17671 34509 44929 27375 8135 24174 36744 48346 43133 18932 1140 10052 7562 23871 30749 38972 10050 21743 49800 25960 5245 28979 7401 13449 27603 38747 23897 40557 20659 18192 34265 39999 30653 46989 6349 11248 44427 10189 26332 45445 39436 18012 20871 44768 24648 49346 5184 30745 46045 48092 8279 34816 40584 1056 10324 33700 24356 9827 26824 13161 31762 2188 5703 49385 34430 40291 659 6738 43850 36539 3265 40945 37288 29825 19788 20892 6692 15175 41369 34123 42667 45703 21676 19055 35629 8849 13078 14237 26886 38340 9315 24573 40803 46260 1325 40157 17212 6335 34219 23456 18118 43513 23373 3094 15580 8318 15983 6644 26139 27584 31947 29362 39781 11108 36480 38862 8607 3260 18631 44255 32796 21093 5322 1612 22768 31534 25986 29411 38017 15737 29261 6339 17232 7722 40540 3266 19023 7419 49680 7184 4353 28676 10752 313 26920 4867 11945 34990 11444 14914 20679 2537 40664 14438 7506 10459 9846 43359 40946 4468 21568 11177 13984 22721 5256 12313 28770 21775 28174 44867 23375 49022 17579 27387 35949 692 41916 22547 45952 2449 42386 44752 41228 27110 36268 40230 39372 41229 35977 30159 12861 41544 859 11160 24405 12824 15180 28323 37774 29059 46165 35896 34970 10198 26956 48186 15986 46160 36911 37436 10555 35064 33546 1796 1416 16002 31721 277 219 24549 46920 44230 17397 27794 693 18716 46248 40585 18783 22448 19541 45599 14640 25554 3046 1370 10225 12431 19674 38627 10392 45677 4605 10118 294 43745 28826 23947 43535 41247 25383 33238 28450 28550 9612 25479 35512 37798 44810 21975 42868 28551 3650 1607 48007 32505 24240 19970 11504 29180 47858 47675 48142 24546 39183 12048 25223 31225 8918 19894 16560 34108 41894 12532 41601 32071 9872 43071 46399 12651 3744 45961 30968 13074 20800 36413 9689 16691 22853 43045 34976 2405 30752 23629 45195 1712 40007 4937 1617 7594 3482 17135 15187 23371 1536 43475 38157 47287 38968 38787 42700 25404 48647 8879 44304 46731 5716 16985 8138 21364 47153 6901 30813 21825 46977 11632 35262 15621 21525 22031 23622 11543 27785 22649 37917 6776 43918 9063 5287 24855 19647 40334 24875 48126 15423 4155 35037 324 9016 33541 33250 21145 49209 23287 48407 30254 13313 32466 44667 36120 452 27691 8347 14239 46235 8362 655 37416 31868 15337 14632 5989 33714 22828 44707 18772 33861 22374 15268 25199 1642 38131 46059 3867 25226 28030 38280 12870 45576 3261 39385 17565 2513 3415 8320 3105 29645 27407 40532 5197 39104 46459 3606 2966 39591 34445 37235 47783 23054 31882 41937 25640 29637 38094 2846 19524 16436 36420 31175 17782 37657 27246 19670 15051 281 39754 21817 10708 17192 5576 46988 813 3485 32410 6575 9232 46953 43157 16504 2534 9185 39332 8688 26198 17288 40841 48577 17381 25006 23016 41274 3565 30892 2880 44639 25159 33318 20987 36180 16167 37222 6088 37449 18441 20798 13683 33127 39779 40170 8499 35805 41491 37404 14231 22905 23998 44934 32997 32787 37709 39631 29417 39892 43013 6570 48393 27187 42965 12084 9650 40065 7642 33653 1309 20483 17873 42574 45668 9107 24574 11938 11726 21534 33408 6888 16923 30450 25262 44603 43245 39381 23416 11309 38880 7019 34279 23280 17763 46373 23858 35852 2561 23729 10240 32296 26079 37903 23945 25952 39345 42645 2143 25465 45280 40395 2944 22467 11379 40713 18276 41943 27167 10901 13631 10229 16304 24146 13806 39236 22910 35403 48859 1875 25686 26046 5777 41640 19883 46006 41222 36149 24202 5252 1206 13749 44771 39623 43606 3281 11439 45350 11633 12645 33025 13278 12964 5806 30244 5723 9121 24830 19737 18353 29953 12190 34453 30029 40195 30529 13131 44715 20805 41419 31399 7188 8969 41010 29021 47683 16239 5110 23568 45246 46317 24798 45528 9152 7622 30382 28287 1298 46873 17134 43925 47503 14479 35626 43880 8228 16098 23042 19481 12078 44943 20145 33426 6187 27630 40421 30050 29624 20327 288 43142 24923 18108 13789 4955 40080 32206 38854 34485 13344 25522 8425 38765 3608 9741 19482 42217 468 33352 10257 31739 39575 45803 14457 37192 6112 35388 39557 13257 43754 48066 33663 17909 22987 16715 26483 48306 39619 23755 6865 22422 19306 584 6770 33004 1970 27008 41336 7043 49520 18006 21345 20253 46802 40764 12261 40668 18800 45276 25036 46700 26756 1821 43442 12949 28708 32331 49592 18941 31897 18862 18673 11262 41994 34374 28164 101 30000 28059 6717 28626 5475 4738 13047 27006 49326 36404 24727 27476 4012 47733 20246 37279 21754 7844 13511 26135 35326 48435 40880 14536 9774 45444 23127 15253 35706 2578 20915 27146 32820 45861 1484 33403 41073 39567 17672 2592 1331 8791 5393 29008 8869 13591 10929 30792 7813 45917 38285 43174 27707 20495 29583 33978 17506 42442 46470 48526 15922 8292 2736 14981 15349 36123 19641 18944 17079 21670 48501 28759 12917 23496 45645 320 25562 45909 18981 47665 9499 4576 49030 1841 7175 29892 25998 19820 38343 21636 4107 8313 31977 30747 19377 35816 5591 3613 45785 31819 47646 24794 45701 28196 28706 24734 41598 14508 20993 28653 48003 26267 39398 43211 16858 35497 33863 21533 21562 19618 43914 22434 28351 42756 23152 14462 1937 9072 33889 14151 34982 47632 39113 22942 20425 7873 37780 26216 10252 33154 26312 2612 31163 15894 1492 5039 22437 28922 29739 33619 45331 42231 17647 21529 15616 18914 45756 7667 30637 39681 11494 20097 5849 30698 20292 48401 3068 25904 49595 37699 15892 2862 44222 44853 37877 28028 44779 18810 1182 47902 22933 46351 11417 28977 26308 18623 5510 2849 47018 18836 6917 9373 805 24777 46218 6211 40560 6684 28677 38736 48996 28011 22478 18209 28361 13611 46817 42838 15439 1432 25547 368 16921 45314 39399 21949 18881 49178 34416 41307 35156 44663 41368 29045 9939 40848 41814 35137 5923 22572 34331 9323 23225 30778 16189 14441 44732 42798 15549 24587 35761 19227 9547 47143 14238 17131 7509 10093 7772 5010 12398 15878 5660 3578 29281 37443 16631 48269 29770 17983 39668 36576 36641 32302 43434 19909 35765 34906 3720 8863 2015 43054 20204 36013 13195 6689 10135 28512 46203 49840 32824 45018 22272 45281 40643 38842 19854 41059 18925 10716 48459 49652 21965 4610 35913 1734 26747 18279 3525 37696 10152 38572 29393 5356 43590 36905 3713 44214 6009 29505 24450 47600 38937 43807 1526 40578 38499 30693 29772 42526 12577 6023 22475 15036 49669 21626 2834 46464 9461 41109 19955 48430 38943 11434 40026 17891 9348 11150 35121 32102 9877 47223 31307 23744 6561 34581 23358 47252 33287 13500 27334 28063 19022 40649 24133 25381 34372 21654 29209 20307 38843 22061 21550 49083 47821 41967 32669 22014 9966 36892 4146 24079 26516 42259 22698 30755 473 34979 2220 22833 15716 8641 5905 11831 41191 33902 20467 13863 33495 20750 42856 42926 8526 18861 30702 44546 27980 25979 308 1650 21090 24360 23301 22165 31070 22246 6619 12847 12277 8119 19662 9483 814 28890 25666 28877 6969 25424 6230 10474 26572 29554 27145 43585 38796 3061 19462 10164 27459 48035 21440 10381 42097 29720 46093 31748 41346 12921 45894 17775 19388 14437 22083 20873 4489 29805 12307 54 36011 29985 34629 21506 6338 2981 42627 8205 1732 538 23243 17199 28311 48783 48164 22869 48011 2096 19354 44329 38488 39789 23723 9250 5818 42906 414 32832 30619 40665 38371 35809 4147 22803 3357 8905 42330 6712 28144 7782 8234 42141 9327 1843 5914 31768 41515 23380 45771 25915 35846 21197 20011 18435 35928 11042 49465 48188 5987 30707 22052 4636 37441 5428 46328 34154 7588 30393 31661 14116 25558 33746 28283 38802 47274 39534 3991 28668 8683 19433 15227 25830 12903 25335 17315 13579 1692 36315 46891 15796 21694 35577 9118 45734 22137 8309 29638 29186 41153 49113 12226 40192 36780 4260 33654 48136 42202 22358 10798 21108 22656 31440 24570 39106 30369 40561 40462 43120 8294 16142 28899 38069 22231 15745 12589 47412 8355 2259 37914 15984 43002 16901 19673 35645 26531 7532 2408 7492 30051 7544 46198 34392 37862 25579 40907 38211 21980 29534 29559 18256 6153 3340 28084 18280 1175 4965 8423 35710 27663 38342 48548 23414 26983 33473 16664 28372 36255 25445 33656 46674 48589 42815 1543 7439 33418 34809 14997 21845 19228 7715 18092 31593 16839 27210 38411 37947 42320 48404 31498 23792 41207 43252 15963 41439 27890 33006 7375 10031 46100 37822 1946 17168 38401 25469 37690 5042 29187 5316 13276 42374 46441 13586 3231 6445 31 39424 12636 41857 41531 21303 21083 40883 28697 22049 7144 10946 32537 3218 22207 31745 33103 36105 48597 9319 9656 21572 41325 9138 16447 32427 7096 30148 10986 23585 3087 42491 2178 49616 8844 37670 36373 48428 20493 28257 942 48892 16114 11788 10897 41704 12996 35627 27486 5036 34884 47361 29382 36039 35948 1387 2673 17892 42675 18222 6543 26954 7860 32752 13182 21393 43533 6782 4218 34532 9304 46433 40938 14520 20843 8344 5203 33946 15636 3147 40779 26370 31896 11529 20985 25616 25113 46524 32875 35483 37656 22518 13473 7794 38409 27698 21686 47332 20619 13139 44179 43841 42017 5427 46155 1246 5659 28079 44952 49819 19757 12358 47060 6512 6537 9295 30878 29057 42757 22817 5604 4177 44665 21070 30152 42642 44798 10883 1349 26937 11461 10020 40042 37409 26023 33052 25005 49895 34989 8414 24352 49550 32440 49719 1992 20656 8542 1605 22763 46564 26902 8697 43181 20482 15368 34854 4318 14339 23013 29315 36056 1600 41428 44937 41121 32234 35603 42238 20738 30970 44962 39143 5296 24440 2574 40128 130 17836 8898 49008 17743 31368 7257 45143 11815 22316 26903 28583 41068 13978 15627 37623 37161 8468 30111 18471 544 45570 40024 13025 21044 25309 4645 5234 22725 19507 22535 36759 35293 8681 36812 936 49605 48181 32513 47235 1095 21489 5213 41013 48447 275 29558 7414 4249 17389 11542 38904 21981 22916 24653 3033 20944 48375 1028 11621 26227 47038 38867 12563 4368 13779 13693 42572 6485 34359 13601 31686 1514 29667 5859 7581 8401 41409 26195 31696 41848 30991 2989 39349 2882 38029 41908 29560 19522 19773 13264 43565 44479 27988 7749 37444 27509 14504 1069 22754 35167 8045 33453 12670 31636 17824 21456 23045 47605 10829 31859 34395 17500 9377 25769 47669 15446 22491 8237 27231 654 34070 28067 13731 23298 20035 32712 3786 685 13281 24758 46149 29165 40727 870 13031 22998 24974 1770 13085 34842 21358 46678 40982 32468 35674 34923 190 13080 6311 7168 7534 25873 17883 9164 36568 1504 20992 23783 22585 16997 21832 47230 46714 49682 3110 3747 40011 35684 27497 14845 6472 48153 20409 41649 27542 12841 12524 39489 7696 26927 9092 25956 28280 32985 40390 43919 12621 29911 32807 16219 10311 39313 13392 31429 29571 42718 42832 15602 28618 1562 25975 24469 29112 31284 45706 9198 29699 8645 46735 16702 10569 26390 33948 48448 38019 13202 17085 24148 1538 45380 20658 14967 37835 2306 8215 4465 861 39769 2241 42362 30681 33586 19631 15228 27739 44288 37400 42954 34100 42449 21161 33348 42618 11930 30247 43963 26068 19679 17990 29333 9017 32155 49688 8199 13102 44444 14703 21554 33865 48067 7923 32285 29483 34179 129 12858 8883 7404 46520 28286 44607 863 24014 21611 20956 11882 2372 14960 23865 33988 38089 7648 13254 23147 47448 24255 2652 22671 32360 40137 2590 14461 4068 10678 26922 17497 26773 356 18229 31048 17250 13704 39886 32865 47302 40569 43638 44440 18795 37327 41281 38194 22408 24866 27616 21592 48808 12547 31007 44946 41674 16162 12549 35708 5104 1383 15357 29002 38576 24736 37137 16671 15034 15505 13644 4793 29 10544 36297 4362 8383 5313 18205 8123 14654 42011 28081 1949 5085 29300 37856 43470 30403 25790 20898 10274 16138 26687 1073 27935 35740 16182 30997 10133 20032 21515 11598 5057 37679 4487 29236 48595 15102 12189 2694 920 46024 45911 35807 9410 29861 8941 40437 38542 44151 16956 43837 32477 31124 19013 22604 2194 12014 49203 49928 19751 27823 10330 2246 36336 19824 47298 42269 41230 26960 21149 34360 26588 10520 10353 12561 1132 7292 45518 4514 30854 7598 30005 17755 26055 31069 28485 42966 817 48006 2863 18684 25995 18637 3628 38694 4577 7426 41019 12478 27430 41006 10038 35159 6622 673 14216 6670 16344 43419 28513 5499 11056 19719 19039 33282 16697 13410 22992 25744 2670 40153 8584 18589 34636 14206 44165 39639 7584 14222 48347 30748 3226 23087 27409 11580 48588 42358 17977 31263 39041 21207 24978 46360 16099 42366 22588 12299 24581 24832 8876 45746 31016 13265 22595 6925 15828 38951 8283 43304 37999 9812 24242 29260 20329 48767 1078 8462 46844 29870 37233 20835 14863 46769 25087 30294 16338 35354 44246 17749 978 16895 3954 19556 30354 47336 12538 46503 33467 33280 46765 7047 33565 40809 2476 41832 41050 46423 20037 21972 20404 35648 26011 42693 32419 19203 751 36221 47328 41591 29146 7244 48358 45400 31976 46313 34503 32906 4599 3509 38145 24551 797 24141 18029 13396 37176 35872 48209 24417 45584 6385 41403 8013 35635 44829 2294 18989 27374 2250 19763 5485 2337 32986 6144 18034 46438 32524 29649 22917 26740 1548 14733 30956 33008 25423 6332 2160 24810 43161 8113 13245 7001 25193 13516 31265 10545 29666 46734 44959 32547 25314 38896 35426 43250 17643 28621 45070 21445 7894 41120 42145 3552 10344 710 41873 36256 8441 41380 30086 15923 13532 35875 9672 2007 37494 80 665 35535 49298 46489 42323 23035 26373 1847 8069 47041 11901 24801 21144 19237 42729 30324 3167 2823 44530 28462 43860 34929 10113 1813 6482 41114 48648 16203 45438 12165 35043 40505 13495 40364 2113 28881 37875 44847 30429 21876 6110 29648 972 7 39033 26618 25212 11304 30113 9134 23269 12040 49199 43671 30122 8658 30407 4510 30897 44553 6190 4291 22402 8177 7921 9526 23548 14592 47920 16877 7865 20476 11254 27811 25443 5540 37325 48636 13507 15069 17878 26413 4466 42586 25838 27441 36359 27393 39568 27665 29072 45446 19736 43864 25724 5192 46879 33115 13921 24039 8370 30531 3998 38947 43437 28541 35969 25238 19715 48784 17419 777 21644 28814 12543 42421 3955 43248 15823 45133 13044 43346 31883 820 24536 35757 7922 24474 27622 35248 42433 27372 24384 1418 37324 22704 14707 2491 9445 23286 36163 37603 45038 9861 7957 40968 10084 46868 25913 40263 25360 15106 25755 42137 32895 32821 12492 28952 27035 29580 48382 16984 20758 7660 39435 31679 13686 22002 23446 34872 49861 3088 12217 31118 23034 4517 4952 10132 46728 38447 19085 37561 21498 49545 39151 25269 44714 45777 39138 42440 42920 19907 883 19926 47734 9683 47520 18739 2603 16599 11330 42464 19245 41192 30448 38942 39068 48760 10046 17960 20557 33721 34427 5917 38374 37092 11012 38470 5910 46463 20901 37599 12702 35401 40785 45558 47712 12677 47384 32323 7317 29797 41266 26912 23390 29617 38836 950 35877 11835 31388 11986 32904 48455 42490 26115 3358 9311 38729 25470 41556 15128 17739 4757 2936 13322 9436 12213 40877 31216 14532 12471 38134 775 6781 17925 43417 2192 16163 9108 21189 39259 21600 32028 2927 36858 47404 30573 33361 9677 25593 37547 23374 49634 49955 33635 12298 10331 7759 37783 38123 19468 41426 10933 16873 5208 3002 48449 4872 27368 41065 43286 47477 45049 6704 5106 30756 34732 36083 39991 7834 18675 27026 31290 47714 5460 22469 21224 45581 8785 18456 23611 32185 33850 10289 45536 48594 26200 48639 47036 42416 49187 16441 27190 23227 29467 26813 21872 14734 14322 15014 8915 5618 45479 36498 43553 16180 49667 46606 44319 26752 13081 19691 45951 34599 3156 46505 41860 12370 45411 33439 18620 31025 33050 32793 7675 47228 309 30126 15525 7768 17511 18999 6878 31545 7578 17301 14022 20753 12868 44174 10139 11096 20179 37487 26181 47716 36869 49394 2839 12493 15555 47436 36399 11750 21455 19158 7523 37811 38379 24250 11453 35380 7489 24236 41317 33938 26473 15865 11695 17697 48992 5566 13696 26486 43472 30343 19554 40111 2744 8239 22206 47548 20611 3155 29819 42067 27621 25336 39318 12937 21276 23475 24721 1229 28299 40237 38532 35951 12097 45404 14791 47855 45112 964 20155 31648 23214 49705 48384 19337 42665 25578 40286 3225 31304 25717 31566 8057 49529 41122 21352 30401 4224 18942 11641 31460 41555 37770 19188 34261 25971 34680 20094 28378 34614 1647 5282 20724 34769 46400 23479 4503 31200 39735 40140 13597 40596 15375 28324 39246 44778 7016 20576 41350 30558 28612 7055 39194 39813 32506 2522 36891 1152 34603 39587 7070 32384 21265 300 49697 47579 21444 32701 24630 15659 13876 36936 10136 48040 13421 18403 29913 5474 44320 36739 9142 30590 47826 5508 27606 23988 34311 14366 14744 2118 38450 46300 18286 13373 11511 28188 37730 37001 25146 15776 1111 33614 19902 46983 49615 26750 1641 13773 12075 9676 49805 8521 41328 36269 34301 45058 22836 47427 25999 46439 14208 3140 3317 19587 44396 24247 49480 37134 38351 12631 6658 3089 38838 35873 32077 30442 14435 29706 22882 10304 11479 38463 44744 46745 4537 12620 32940 44855 13305 17773 14287 13718 25534 29235 25805 34242 4991 48176 43665 28970 25564 18329 34725 1908 38334 35032 14046 4887 16424 29848 19506 30831 34367 40990 28726 15906 48748 29726 48019 41115 27659 40215 10011 44079 22116 24205 39695 27364 16253 5210 48703 43661 6069 24318 35378 40904 46334 12333 38566 2571 40900 684 19441 35035 31610 9395 24200 37156 26374 11184 30471 22578 31063 39824 33919 6690 36073 48740 39451 23398 8983 3601 30989 27998 46821 30620 35379 37095 30380 37626 18506 23315 5662 33170 8104 8609 49823 17316 46837 22522 10230 13764 41715 44109 12830 45563 49310 3546 11105 15499 23076 36730 27850 15918 38230 49228 41804 49969 20402 30102 28306 46952 46271 3446 24036 2227 28476 46454 1640 36844 27168 4660 33670 29360 9523 48297 34296 13227 29095 45311 12884 12347 31505 39776 43609 29126 38791 36270 21140 28467 32856 22868 1987 35149 991 38540 18331 18075 16199 32857 3301 33212 38156 21642 10876 7937 25411 49052 28120 33487 42396 18160 44188 28920 47953 5024 5355 28415 33406 47865 7030 1854 26468 4620 30920 25484 3577 1442 22265 10615 10445 10271 8491 8179 46388 1551 21953 32180 40149 38764 22442 31336 33822 23317 43079 20389 28907 47882 30271 15219 5560 45283 49296 47323 3250 25647 26053 14524 5400 4408 30493 41195 14895 559 45926 9313 19976 13027 28949 19284 37636 32702 791 3817 20911 19390 10461 17058 37212 40541 6849 41525 3935 14709 21080 12061 25808 33816 30611 18165 15653 16563 34260 47181 17002 41769 20769 22953 749 20238 25278 15674 19938 45044 28915 20694 1621 34228 36723 27135 28644 16983 2833 43757 16695 16362 653 18693 23021 19965 13423 42541 16598 47327 30505 21954 6713 32183 8024 2614 14194 22689 37224 39918 2937 5061 8948 10268 18929 3692 43584 28241 36589 29103 2420 13546 9071 39922 17456 8078 4602 3189 4954 40971 13309 35905 5883 33556 15827 7036 3872 39954 1412 8360 157 31474 22929 40520 2724 22984 16913 46876 41091 17446 17105 4428 18081 12802 18505 25676 20790 47177 4136 26363 48650 43301 24396 48672 5725 21727 12844 30520 1844 40725 40916 40819 27236 42766 24754 4902 23117 20136 35265 16725 42842 8286 26433 29183 15298 46776 32847 38266 42226 48687 6216 23650 27201 37429 36694 41689 49591 47639 31030 6880 41815 44595 19179 33943 4458 10224 14798 17259 3417 6224 39319 25253 37057 34240 12057 12848 28039 33135 27695 9530 43335 43506 38224 16336 29664 19405 42443 5770 41237 40575 33382 25966 1509 17221 40558 17101 3305 21311 27440 24457 26265 10724 34343 42957 23431 7537 6962 12923 7815 42372 36837 1552 5067 42227 48664 47962 33085 6513 17837 46193 3355 39749 34663 41762 41687 5066 31435 11862 36251 31365 13970 38955 12662 40618 18988 35843 48502 49869 34186 6623 38933 2616 10697 28864 13485 37477 5378 30715 27579 26564 9663 6438 3018 20948 13850 44730 22432 42110 15343 29229 24665 12881 44276 9851 10667 35269 34877 24880 48470 21709 25395 10550 38311 31043 38272 22095 31136 7015 1491 39515 22290 3832 28192 22121 32214 7157 27116 49422 10654 13913 34822 17341 24821 44068 29838 45103 33527 20397 10952 13293 20665 12955 37172 513 30998 9344 4962 20691 47857 48843 47453 14663 10487 29905 40923 12186 16363 32922 38492 10760 22309 37738 10248 13087 26706 19109 9189 33920 21769 26562 40978 3484 8865 3539 33399 32543 34730 41918 23553 19945 12044 45964 38077 2503 9441 20046 49487 18398 41945 8224 48758 16703 39135 28254 8111 20610 47909 19942 15726 13179 41849 43855 7991 7549 18302 3897 11780 28267 37430 8339 45204 3572 37066 7985 32012 10992 34601 26213 22640 41434 44334 19830 12138 36350 19901 1938 36509 6881 2516 28136 38120 9289 37004 6391 32437 1888 31861 6598 40147 14300 20713 48456 48005 19124 34847 46568 9290 14882 2064 6473 28509 2713 6877 4545 18582 30534 33274 20059 20678 278 41433 29665 33841 6299 3968 16894 3302 26307 35817 30925 39099 42074 25044 42970 25188 27953 6976 6842 14649 6531 41988 20360 15872 48268 881 1316 4079 7322 2134 27943 33999 10525 8500 9759 27186 12257 6265 1306 16502 26300 39986 47122 11191 9691 42960 39172 42260 42834 13242 32418 40822 16936 33862 31173 25216 44773 3162 42863 41462 28408 20478 31627 8656 3571 29463 762 19161 46306 6316 7229 9883 21430 25337 38681 45355 8213 33983 41629 28468 7091 24997 27884 11922 30179 43547 27544 25826 40089 40545 11409 15360 20338 45589 1935 10456 9119 23094 1112 28832 20792 27718 17203 4243 3716 12941 26964 7060 32728 28825 11131 47349 38022 33213 22370 48608 28261 47549 9979 41878 11010 19537 11640 33042 27537 8812 4722 40802 46551 16509 25791 41004 38626 14166 14511 22307 19817 18867 2313 30967 17433 28580 28774 48540 8873 44091 15185 15995 3038 43672 35441 28015 2909 22286 37921 29737 25010 22109 44560 33083 3877 8171 23589 23344 10959 28317 32089 16071 16621 27322 48305 12788 9338 40781 29922 448 3127 34156 28255 27947 5969 25737 24743 20304 42476 9114 20597 39055 16854 16572 1060 17228 34534 3862 40521 41626 31753 46095 27320 17470 16659 422 42697 1451 5168 5998 14427 25292 44941 23684 15205 12188 47863 276 34665 36809 49483 1599 32930 5944 47753 49516 34356 37788 34926 17526 32500 19197 22250 39044 4704 19489 46432 36212 7247 23818 30183 24257 18 18662 7802 12699 3123 7538 36602 15874 41571 44532 20065 29163 13180 47112 21957 21268 1991 44526 32328 43546 33488 4760 5429 19941 32510 22375 19559 34256 37976 27015 42076 29523 17145 42057 31802 1934 14403 25471 15 8077 24506 11455 5766 38355 19333 40604 40598 27252 46785 2716 34283 26959 17325 33146 29685 37381 13780 4346 5321 22891 37651 18023 4974 26416 24222 7564 32065 46408 28329 30059 27662 37936 48468 21963 40222 14913 2831 19593 5581 41805 34961 12622 33802 4384 26995 21213 11678 7156 2856 30870 15420 9717 7539 25851 15748 23866 18909 12647 45035 29540 18657 7618 41263 17943 33695 16977 3748 46426 28417 37545 4287 17166 17139 2988 38718 39629 27958 35889 26017 34371 40738 45105 21561 49332 16544 46594 23356 20643 7661 37062 919 18041 25260 25185 34113 23423 13792 34341 43912 39926 30550 16927 42065 28368 4956 25168 14872 32204 21620 44661 27715 49236 10380 5951 26134 19060 18458 5543 44202 29950 30868 9569 48196 6940 24559 32032 39062 11756 20627 39328 49908 28292 46284 47044 43433 19532 9748 41503 6532 46437 2511 19801 11503 2946 49325 12365 40874 37552 36584 26508 671 9135 23069 49668 14329 21267 42142 34717 14219 16770 37334 30692 36071 18561 10072 6403 7323 36889 13656 24525 1385 14980 37069 21807 18544 4032 39011 44958 36469 10141 6601 1952 39078 1058 25297 4689 46938 13126 7617 46888 48643 37991 47973 23883 47559 43675 14912 49733 16197 1637 49874 10955 43164 21635 47339 31077 23491 39576 33962 1983 41635 10154 5552 1496 46962 2710 21668 26598 29027 9511 35098 22147 29845 10408 46283 44991 43001 37367 30603 12383 33032 34585 36118 34053 33691 45627 11325 13122 28658 36639 31071 48906 2661 26283 17246 22162 5984 15066 15481 20132 12571 44249 18195 11931 21077 43087 34185 12375 44587 7076 787 8596 43715 29392 34369 6789 359 43940 20579 21271 48259 43929 13563 13366 41955 42429 11049 16937 19633 44618 23011 21714 26014 28758 42411 29473 5150 10723 39970 26262 37946 45593 19421 33864 34333 39718 10232 48267 19240 42336 40439 33342 23628 22005 36581 42710 25468 34667 18740 31327 17851 13416 11807 10527 22760 8984 25494 18618 22847 9724 10821 41001 21381 31954 18217 35447 24310 8758 38960 18877 13525 16358 48847 37396 38217 39903 19317 38530 26832 48185 20518 46148 38912 7553 11936 33940 17444 4018 8778 22745 4460 44448 29674 28044 14959 17661 29446 34275 26631 20917 4591 22174 41391 13116 45997 12676 27650 25703 18935 10763 8582 26015 32443 30946 22216 7122 37480 42354 31028 20699 12581 31549 10703 32499 36673 39256 49119 42773 24568 46038 31448 28581 22441 10779 34832 45573 4651 5372 18687 36063 6791 11431 24067 17668 47618 3157 33748 28642 30986 1610 42644 21107 43062 6363 46550 45192 10080 15770 23070 42270 26843 8086 16707 28342 24838 1351 38173 4236 19729 46742 37476 10432 37541 10691 23964 12175 47506 25524 37688 18074 2028 15284 923 41858 31886 32167 10911 6167 46796 25285 14655 3039 44509 35417 38812 43189 13274 25209 46281 27037 46062 19325 22365 38219 20540 45356 44467 7736 45559 32673 42890 34390 30527 13393 30636 40368 36816 42014 35270 16907 6017 8128 35748 49412 49644 18310 12692 48771 8436 49155 29414 9898 27609 43440 39467 46101 23830 34159 13593 13419 11643 8064 22156 31741 17372 36072 41543 46918 5742 30969 32554 35019 44863 42263 39672 27221 33156 17133 45882 34351 3753 9809 2809 27577 13840 5921 49363 22751 34931 34271 28679 3478 31703 28610 38393 26203 1059 46961 45598 33995 10834 17676 13660 37737 7385 32618 36020 28848 28755 15640 39907 13475 47464 13884 22168 4573 36592 12948 5335 16255 35620 21674 32604 32091 16995 24388 43966 45007 14182 48779 48657 21869 22195 27540 41737 27293 25165 46707 3826 37782 20922 20333 33845 16957 24424 43761 15771 14918 49172 14315 15719 32994 40931 19101 32149 162 33684 41900 283 3070 28488 2422 28567 26836 13935 29823 32914 25683 6795 49627 10767 26574 1256 25690 7845 34830 18244 40899 12501 33954 36724 36087 36386 46469 27449 46530 23420 4592 48797 32398 48731 12629 14483 14275 34641 38550 34363 46797 16393 45295 38999 30521 7336 12254 43022 41143 48815 3667 8857 32049 19104 49312 45779 40683 5491 41017 36700 32290 14026 18543 15595 23587 13659 29241 18392 41320 35250 15032 26510 47034 589 41661 32303 21142 36000 26559 43005 26715 21249 17088 37406 36482 33393 43909 6132 12940 30141 40851 18024 71 5177 15586 13030 40021 1795 26979 16568 44739 20205 37320 41682 21595 44106 3585 47019 29566 36184 47976 40861 35747 3671 12919 10019 16588 23128 26310 26197 44094 44215 47169 36843 31280 27427 18559 39351 40998 43519 24438 45217 28221 33709 12035 17539 6029 18980 5103 32579 19977 33579 8074 8795 41093 30262 48681 21015 20928 20188 31180 42457 20574 37130 47090 24035 34874 16580 14375 37750 27835 31394 47497 13607 9931 36833 32294 17949 36065 608 7390 35785 37245 22390 34439 36473 34132 25366 47977 34184 39202 30009 4540 31974 38687 298 4180 32907 18254 14410 48100 7037 21839 29552 46768 11964 3176 7615 23329 16804 6467 49164 4248 35981 33222 39401 44935 24241 14901 44058 23208 23395 38897 11423 11538 36738 39393 23136 8707 44290 12247 22094 11221 27181 23101 17665 48579 48831 37023 7641 23862 22695 41882 15730 509 28216 36660 43899 13054 10498 46422 49007 8402 14799 10302 31742 29114 24618 27384 13000 9667 40999 18058 32726 22030 16403 23687 47763 22224 15130 30297 17602 48744 39916 43500 12125 23151 7177 18375 6675 36564 2270 20595 20882 3514 5194 27920 19041 47764 44421 33011 21947 4430 24308 33438 18855 15412 45782 13623 16315 21722 29369 45343 5809 34071 15215 7152 5414 13112 37067 19887 12751 5692 23408 46327 40497 27297 40169 7960 8254 28582 12483 46617 4516 39198 7097 31531 17612 31585 2111 42348 26324 22323 44400 39438 44833 29992 3569 19047 37958 2775 5242 34025 19837 46078 12920 15731 44143 36949 31219 22425 47351 4860 43124 24069 37889 42001 34096 14516 4683 49173 26250 40973 12171 2215 13079 1000 23621 19510 45211 2114 47313 47118 29954 24311 19558 47779 45117 31641 6538 5469 46389 41302 40435 33420 45031 21535 24121 44601 12558 5564 23072 28146 21106 43539 8157 16241 14364 5390 29472 19196 43089 7477 45282 35120 17812 46133 20138 44994 4789 47291 47887 36098 27155 7212 36012 43942 31386 42501 45338 16948 41438 9736 6162 16286 11669 14111 5280 40901 3349 38708 26114 19732 26003 6932 16220 30143 39496 9727 46490 44536 383 33693 11435 44900 40036 22789 32108 41880 49156 30643 40121 46146 1969 41841 28504 42894 22172 7829 22963 48571 7241 5682 30741 40107 23050 19297 31544 19711 2870 6454 42896 33987 27536 23747 976 25797 3519 22322 9216 23879 27551 37117 23199 12227 42116 40730 7755 23688 49522 22881 40189 3298 34698 8753 19591 3599 33787 31787 20498 27031 375 31695 21031 9220 16435 44173 43578 36378 16233 36516 40100 36614 9589 16534 36031 36040 20440 15982 4862 48772 41488 27952 17976 31833 30348 46015 7543 38493 33740 29244 13365 33671 25888 36741 12238 23031 26141 17889 41005 1785 34243 5183 41612 26894 26167 39452 6764 8815 35522 19338 24293 48238 46535 27680 39633 4094 21109 20385 37833 43033 12615 29652 1301 32103 37749 1606 33129 2210 44414 37790 5118 43228 38714 42793 23832 15681 13072 17319 32993 26784 18963 39920 19282 9170 11110 39782 47051 21308 40924 3413 46295 26223 22103 12642 2363 40320 7466 15432 25483 17958 24375 18201 31370 41112 41990 36680 12820 11913 23870 37080 36800 41179 6205 40636 39460 5670 48254 33563 49931 34570 30428 49248 30971 11513 44585 44822 25556 21983 18921 32806 17712 21157 39474 9397 45184 7735 208 33029 2653 39964 10466 29987 25426 43100 4154 6018 20684 20672 38846 3997 43090 47270 49801 5043 25627 48867 39123 26449 47916 41283 12433 2605 17270 44756 39983 3359 42558 25124 34314 26112 541 33888 12406 5530 40752 21894 15058 29899 19198 41532 34729 27120 21724 25864 48712 4613 42131 11574 25274 29561 42302 9493 46462 7379 38586 31766 49380 426 47373 40347 31629 4705 23860 14386 19469 38516 37664 5802 30632 7376 2580 38740 25106 604 45 20298 43878 43455 21447 17623 16835 48951 30765 14556 13616 41011 37997 45628 4511 38394 567 25577 34440 27677 27910 21521 44101 41437 32971 12100 6660 22118 2002 12407 9382 37395 20600 21526 6928 30551 48580 5874 21217 38630 25101 45544 39100 3064 49389 45612 35994 26685 353 41308 6756 25432 28745 43812 14020 27367 11261 35690 29026 39723 24908 42941 46200 14425 46491 20110 586 43323 6866 34224 47343 28613 46631 22555 16576 22785 19154 20203 5996 15936 26552 14468 20826 24609 47831 4851 29530 34034 3643 31464 7896 3768 28590 14013 5654 36089 3014 38162 5294 43659 35448 12000 33133 38477 33981 45897 22468 10909 13599 43536 28833 31120 26309 32257 29275 6481 33436 23135 15413 9647 10199 1374 18247 25502 12092 17298 25897 42578 37589 33094 24408 44741 20890 37870 45387 39325 35670 24147 10594 10394 2073 41264 36309 6452 47896 44525 37058 49684 11411 498 25008 11225 23559 32158 33509 37588 36121 44894 30628 4162 5840 16888 8025 47534 27637 22672 46950 4690 132 22493 18261 17398 26753 17345 11443 14383 1931 43834 45470 35220 22986 32850 28380 23674 41155 16567 10215 20028 16285 44933 46639 36715 27346 23274 32243 36426 4834 11548 46139 34262 22705 7612 35728 15569 34791 26490 14602 47020 33391 48697 47899 21812 10180 34263 48972 660 43075 36211 13403 45238 45206 6720 39046 11716 5409 40517 31659 42021 38709 19921 14940 10109 23401 14388 31719 32252 36519 29527 11031 15824 26751 16231 24645 43277 10712 2784 28903 45537 32249 43851 27858 44678 27405 35985 44152 47967 41034 33784 33163 34676 17735 49962 40061 23869 22990 8385 490 44042 40312 34944 49125 46922 18640 43463 5062 8153 31132 20115 5171 44040 23994 11284 45759 35929 925 38363 30816 366 48534 10598 17152 32157 31953 28212 43752 33047 31119 31747 25711 27420 38712 31592 20815 13944 36388 39154 10634 10635 28171 10511 47488 9703 24601 3927 29545 29321 43614 9963 40019 15382 10521 4083 10589 2311 9619 30595 49663 25148 45006 48414 6016 26294 25130 16259 15089 4805 31988 5175 37277 41313 15567 49665 34229 38301 45040 23266 17336 36299 39850 12511 28003 10783 28633 14480 33548 17979 33451 12807 42414 42385 15092 21589 19649 23848 3159 40006 11222 17890 35746 48706 11736 48175 9843 11469 9347 42563 18448 38755 29569 12343 20662 15342 32495 9095 29927 33952 17677 12117 26689 32060 1518 41168 17370 10367 6778 6170 31689 48034 42589 23909 41791 44308 1018 19241 42767 25725 39697 35842 45698 15913 49755 47457 23942 46243 31353 9276 10610 10134 7491 18651 4505 49770 21211 32334 47120 22110 8338 10894 9855 33690 10931 34192 48911 32447 39807 39806 23534 22580 38454 15295 18277 22359 1827 37618 40658 4344 12817 20335 39753 28316 48357 3467 1269 26179 43970 433 33007 42208 416 25408 16837 24376 26162 35476 16618 47220 36449 21794 3780 5708 35317 3388 25379 24329 43053 13490 30006 43664 45935 15302 10851 1465 35611 14411 3207 29996 36280 14623 30818 21370 1932 29592 258 29387 16710 28300 28460 14145 14685 14610 43903 48395 26640 28640 46290 8516 1661 24641 30259 45992 47057 30413 19858 13063 26940 663 17583 4964 38666 41145 17704 49730 12230 694 26355 34155 7197 17223 12386 44364 5726 40106 1232 28295 46507 16521 6765 20504 34762 6256 35206 14459 38302 18777 17769 47221 40450 16143 1672 9385 44978 30085 31093 42235 47918 34798 20781 18102 7522 34684 8341 7370 36465 23556 19658 30730 41415 42122 46104 49937 33828 35341 35848 33394 34127 37490 15889 14474 41248 33661 4781 41473 1670 26544 24056 31997 17859 5912 5699 24138 44221 6142 6290 8216 40433 31938 12108 26194 24172 1704 12821 429 24715 2621 47045 5352 9815 19956 34230 26518 12287 16485 48261 47292 25037 35726 14885 15503 48244 22765 38539 421 39703 27132 24531 26319 45339 11910 35936 40318 45025 151 14992 21482 45835 42028 18180 7088 25444 2873 42612 29729 2952 32424 14946 48512 30070 37736 1046 49391 717 14527 11005 36064 20929 25824 17095 31114 19623 22928 24693 22462 48947 11459 2269 42479 36058 40162 9218 29563 47888 37560 4541 27876 21418 16200 42390 18494 10352 26728 15361 9666 29495 26347 13512 7850 28123 14422 44393 37593 24357 49074 27922 19762 47921 1761 27388 30166 41007 27832 1660 4447 7664 13931 24984 6331 42673 41172 6435 38115 33777 19467 16379 4047 11745 38323 210 32740 44387 21079 38432 38800 17984 22414 36197 21162 15424 30028 24233 2362 13522 14792 23052 10083 27694 32247 46721 20441 29681 41879 36881 41187 1620 38535 41520 33819 9021 41961 39359 25086 10404 49106 27241 11760 18252 25509 19896 31616 4743 16495 38678 11682 16402 35545 7123 44921 6528 32652 32742 45954 17866 3160 37808 3922 38034 21651 20287 14346 4267 28357 49517 1057 785 6816 29882 40166 3408 44625 18372 16166 31821 17452 49408 12480 36228 13661 48342 47950 47629 7689 24663 9685 7330 30168 6100 8305 19054 38868 21821 22401 43317 40691 10397 13349 31608 23807 42092 4337 23409 34825 12757 15234 12346 20510 9300 20401 16849 39016 3992 29605 45802 48918 30106 45513 10590 12123 36400 7332 2019 48698 19546 16869 25649 22824 7847 3554 46132 1794 11088 46699 26981 11622 3119 48573 43983 46875 36693 3828 17436 6353 40944 39655 27410 18225 16724 35823 18308 18069 10979 29725 25768 8655 22077 9349 23175 46647 25328 20961 14718 13960 35533 10065 43967 39803 47341 26770 41699 3106 9449 18650 44170 20900 10418 37522 7684 5031 6757 22659 21780 25560 4763 47058 35443 22107 1963 37246 44206 25597 6846 41712 10778 148 41345 38978 36540 3938 25233 48017 43969 31590 24173 32277 40235 25172 31459 15086 23141 15226 2240 829 37926 36244 30848 15787 28985 27359 4375 6639 37141 10755 12534 35664 41729 13770 6324 7270 20191 47367 46687 1314 21594 1867 28978 41131 42986 3541 20634 9804 35214 8048 4231 3052 15536 21643 33219 9240 23185 33476 19300 35925 26878 14389 17993 26152 12899 42293 8986 26971 4671 16946 974 30412 23916 40818 9001 25691 22989 6182 44132 18962 40284 48522 41741 31168 12208 32118 16381 45722 21783 18347 32009 5366 41116 347 36637 6576 36230 47627 42932 40884 44815 45024 27092 12678 44012 34012 6286 35756 8359 26761 20629 23939 34461 5529 39969 18515 49906 46329 31314 22919 45822 32402 9028 42835 722 29584 48216 2923 15814 29452 14886 10573 30231 2819 37949 12489 24914 18324 36334 30342 16963 30781 17598 45823 1474 5324 22454 11454 20014 296 48169 29118 2678 40935 161 34835 37787 3596 17927 17806 9978 36109 40678 1470 302 2792 4129 26905 46733 5976 8484 31406 3769 14519 16890 25263 707 17738 30316 32867 38619 14767 46754 22686 1694 25708 18882 48913 28298 37264 1225 21720 10245 33184 38462 10533 20810 17222 20351 6685 18447 30518 14143 39163 26503 46140 1731 25089 39994 34020 48095 5739 38944 14276 37237 23209 27314 43447 15625 4496 24718 2426 40873 31952 7090 21214 26965 42283 40666 30548 35560 28198 19734 27248 41188 24281 11870 38322 28463 19542 1703 42814 32829 6247 18756 40632 3420 10218 27592 20983 31408 497 31379 28427 44781 36627 28396 47054 20316 6012 18116 25320 19266 25456 8515 17277 21222 28530 220 23121 5795 9478 3057 3693 42391 1086 41542 46893 20156 8831 38722 36009 23267 26461 48921 15704 28606 26153 34644 26601 24131 3001 41360 34563 41265 34473 37169 36366 24804 13418 43610 24652 10649 30290 41014 3983 41685 7928 11028 4996 15881 40412 24253 15311 34851 137 26148 47890 41926 21431 43795 6820 45626 15371 25844 28967 15358 22415 17260 367 36784 26041 20058 7956 23488 1362 43154 35376 19888 48451 2443 39233 2123 24965 1700 28355 9678 46601 44412 33791 16503 395 9079 27341 24175 4157 10942 16737 26587 32313 43740 26211 23892 31356 15734 10228 14103 16712 48958 17195 36598 25722 17820 25499 35617 45458 21684 4993 27160 10043 6662 25039 30222 47482 39477 5391 27078 153 46823 29132 37830 17420 17747 36267 49813 6249 46580 20823 13524 3655 17853 27182 8802 29050 40314 783 1401 42307 772 25430 39012 36229 31626 15695 9556 19818 2435 48538 1231 44073 11481 23201 32588 23166 44657 7214 29161 21538 22663 45257 2968 45552 36032 24950 25137 22691 38925 12957 24294 19833 15926 48943 16998 14142 25926 21462 34294 1197 10117 19278 18817 45052 34506 17486 5236 42168 34586 9504 15896 28061 38520 25756 18520 32735 39342 29745 26919 8510 14770 44627 30845 22319 12455 14442 24050 44919 33896 30536 49925 27591 25282 26346 44540 46526 5763 32590 1286 42043 12010 15688 23659 26492 40975 46701 4412 44895 41483 13930 15403 21279 3523 42032 44631 38259 43809 2836 5866 7276 25338 49661 43976 9386 8452 3929 44229 32307 42523 30771 8142 39893 30861 42499 17308 17673 21262 45603 8745 15722 41331 16498 12120 37534 15146 5669 48716 1022 31502 41718 22 10260 48919 49510 44864 44574 46163 11903 20960 4063 13899 36927 15779 48343 14374 10823 13404 16685 5966 10660 49726 10620 14149 35739 48157 48122 36216 12259 27885 1773 36817 12454 30281 3853 25295 48884 24334 3984 11090 39710 13170 34911 1087 15384 30926 9053 35210 6172 25013 5719 11625 42493 27452 838 23893 46219 2276 30996 6258 24435 11771 4031 31572 26027 17805 8550 40483 25377 2440 7262 37144 12413 49810 6136 34632 13394 13866 31301 31146 15048 39251 14665 15825 41963 8412 32344 16780 13496 28381 384 48618 29227 38178 23894 6365 4807 26234 2340 35947 28189 5788 19932 17638 45021 42750 39408 39383 30647 13630 26301 36944 44353 6122 46336 49513 49623 44905 28279 49848 6733 37909 27719 20003 44032 48361 18809 43279 31931 39459 20069 49967 33624 33890 45787 36985 29397 32059 5711 45379 31157 28694 48754 33430 49886 10470 23297 49439 17275 4043 36137 47813 6703 23361 34528 31876 42577 43651 47790 2380 1756 13013 22573 16327 5643 20567 36954 17207 46603 45936 37445 12470 38569 49903 11761 28843 22665 41411 8629 1379 23307 12006 42132 12521 43319 21305 6475 42872 31959 21242 38805 44496 18806 6436 24319 44480 28470 46984 24275 33254 16269 10267 9073 25050 31338 18384 44296 48202 29785 43702 36797 21551 30903 31580 43948 1146 29007 43852 7508 13224 46896 44144 20061 42342 22896 21453 39768 4889 10464 46708 15495 38677 5298 41287 14349 44002 21883 40942 17153 16645 15053 45054 38782 44423 18749 1803 20850 30115 39121 1972 19135 45990 28945 20291 14131 22839 24042 19063 19810 9962 10646 14097 6073 14830 26520 43934 4908 26670 28875 17451 49543 47592 44336 12784 22631 43119 12141 8023 5828 27446 45520 33076 5995 47207 24305 2755 34824 22157 26360 10349 28058 6975 11967 12892 36667 464 37840 19347 20027 38752 17492 19271 20852 8118 27981 39692 38096 45945 44146 48206 6695 47988 2829 24385 25162 23393 17020 3869 15671 24410 46857 5173 33881 31710 33148 20219 48900 19867 13720 36868 24953 42036 11796 44475 20669 45553 17556 45325 24940 3143 42069 31458 46749 17129 3043 22413 28383 49485 38296 42339 12272 22832 8727 45026 322 24790 11874 37571 27085 24579 6 33447 2124 37021 30314 10008 46840 49237 31446 4856 44395 17008 45844 38526 3914 44757 24519 4266 41695 47279 2555 7079 23938 12745 41603 179 33189 22895 3324 35458 36409 19471 1249 26917 34069 38905 9398 31199 4245 17800 20362 4110 4616 27199 1444 21726 25633 36520 27628 27604 49877 33754 35625 28670 11290 35938 48846 47994 8164 29213 18548 27966 34962 48742 8976 45494 9546 23774 49617 24972 22559 145 30890 27333 37781 20162 32261 29731 18133 32996 17885 33595 4788 27438 12529 49039 21941 37793 20268 11725 31138 11358 28418 6498 36143 9156 11776 3718 29509 1906 18454 32965 46331 10644 35665 12852 29599 37957 19028 18539 20778 22840 36125 21353 30099 36200 1628 9433 35500 48551 37723 38898 45176 6558 28614 5962 14538 44123 40814 40847 2604 24321 4131 24903 26999 4975 578 2316 7663 45425 28122 25984 6400 43770 19226 22000 20021 15930 41107 40105 32880 18727 45594 28296 49736 12321 25692 22756 33560 36005 31029 49242 37867 10805 43445 19472 9358 47016 9578 34609 40849 16694 31841 3622 45901 8167 45578 22806 5879 24863 25386 45757 1751 9297 32433 38248 12887 6379 39861 29322 17797 31335 26636 18584 22253 43685 4182 28346 48280 26343 15391 37060 21733 39647 43202 40344 3053 9709 30405 31328 34375 47586 18674 17401 47254 46720 4186 3326 19074 13491 30447 49855 39005 33277 36734 48584 49484 29438 35436 45729 764 44819 41652 45571 9633 23132 23992 1445 24991 43397 34008 40888 46596 28443 39685 22066 9222 18028 21698 42086 33378 18562 41933 12588 1336 38425 31708 42682 12931 38147 33643 39570 34858 30810 19368 13680 17423 42109 16244 4542 43512 27514 8003 9314 16318 14678 19846 49689 27340 19449 43203 31224 11307 26368 13057 26887 22233 34193 14681 24134 6049 31693 1709 18018 10541 38751 29641 27042 21235 47452 39855 662 24604 25525 41161 34157 15679 24282 25531 19446 20025 4522 18899 23440 9864 14567 36441 10291 20190 2707 2388 24169 9989 5214 33937 43833 32177 9212 6626 9902 40603 30977 38426 36290 5065 43318 11724 16113 19095 112 36503 14525 30601 874 27994 30767 7623 24028 39836 28206 8903 46789 6874 17371 31864 34269 36284 9188 2307 9729 4868 5952 6080 7867 28981 21148 3663 45016 36962 12947 30517 28403 31112 43329 14041 21541 42453 44196 12653 13878 15322 27404 46471 26025 44142 11754 18853 42319 48464 27450 29078 13916 11135 25396 39499 3047 708 7437 28111 38376 16755 28273 31227 46497 13174 5468 21993 30267 41976 4328 23732 36736 37111 23835 39752 5191 17939 33226 25361 7859 18866 46658 47108 7712 6906 20159 39155 29557 5571 15990 3795 31372 43517 36914 7331 9945 3309 8435 25455 1713 44406 12082 18864 41728 38140 12567 43655 13221 24449 36198 5376 38051 35433 28651 18998 4646 8486 23483 10247 13963 45697 43509 21699 41776 8399 42681 16116 30283 27279 37258 28538 39454 20013 1439 14331 3659 362 1177 44019 36300 8114 49455 2860 6323 6520 11054 35472 10809 7695 3283 24602 202 39665 4324 3741 40073 4366 14582 47825 18913 16514 10097 22115 43066 44482 32259 23221 43560 6963 38026 33031 19787 34289 23619 34997 7219 10558 8096 43179 42000 4907 43418 49263 37577 16959 46036 29784 26275 21801 35471 31384 46979 42576 644 48498 4844 3462 16230 5577 31845 27970 23213 48108 2402 16892 19147 15813 40163 43242 8611 38050 44539 3034 27554 32063 31420 37729 38308 2991 11892 1189 36528 6334 46654 27842 31699 34905 37806 38413 32133 16150 36132 27516 769 8502 9491 6278 17081 27723 39690 43165 35363 17737 31646 37899 2258 2203 15255 1814 8476 31942 767 30261 35615 33267 14492 18507 6019 22411 22964 36775 3235 38084 22287 19091 33513 9136 14344 22512 2715 33365 1989 26493 5638 10586 39166 30642 2009 45497 35955 24805 29222 16786 9298 22268 25880 4138 38330 4802 16473 47356 40921 8886 17285 2738 2145 42091 38049 24361 16806 20767 18206 25496 27743 9816 17214 33899 10193 26314 35475 42937 18966 12445 49474 17330 23803 22428 48848 12818 37336 7946 30587 22967 32691 22424 8208 20319 35939 12555 38191 30386 24634 2092 7012 20384 23252 28715 40436 15789 46663 26982 40387 28229 22961 47561 26205 26256 43641 2997 17062 46581 23930 24900 33694 23186 40698 14899 34525 16355 25207 45173 13296 7560 32541 35864 25192 26946 25413 499 26595 21836 24988 39160 42594 20768 10227 6223 35971 35200 17589 3722 27475 37232 40261 35309 2785 49067 10980 49818 14430 33719 15101 25858 5693 34980 25753 42601 17569 43955 47027 48462 22982 17684 16261 17263 35162 29689 2958 38239 19852 49159 8386 39379 7700 30829 21274 46697 49596 20947 35851 22755 46234 15217 35606 27029 32148 20129 45721 38819 15855 48861 41393 44682 31788 11113 30206 49414 4193 45348 33350 10795 10446 45723 11097 5163 32928 10863 41482 22018 22054 7183 46009 7205 23555 30788 14497 41485 16120 25421 2705 11637 15321 34174 30900 27213 40004 42562 142 21785 36430 13137 16960 36983 1488 40455 37866 31844 17082 28711 41061 47413 41798 29056 49183 6701 37592 18197 43784 34938 22285 8230 48794 35589 10444 38226 30736 4140 48902 21518 15711 6113 38748 36767 46012 8094 4677 6536 43450 33573 25452 29243 16211 10002 47692 30709 49269 34007 9885 6137 14490 27021 46419 18148 14705 30927 14979 23281 28401 10478 2962 39872 34060 4426 30424 4914 35092 11477 39083 49738 40382 21912 22978 3886 46096 45443 10286 42852 12191 21904 17856 23926 13747 49790 9088 20064 33164 31439 41931 9613 49749 45944 44212 43594 30266 13498 10086 12976 7135 24904 36978 34365 3268 12351 42918 36194 41020 34027 24833 40868 8380 24709 32330 48123 9750 47068 1662 32765 13263 24937 41276 45032 3685 40793 32281 24152 19940 30523 37660 34706 13571 40138 48749 6680 1048 28604 13295 24671 49167 48575 32938 19231 1905 5126 37748 25953 29375 12184 15630 14565 2492 125 12803 18672 13275 48622 29342 21768 35009 4042 32744 47760 46775 5791 2120 19726 3803 9061 31670 623 2773 3414 2385 48316 38565 17037 4544 9284 46153 32453 48891 35063 32378 37438 16191 48695 7752 11205 17948 24292 14722 19646 23158 29977 15709 16506 12290 15026 8917 40159 39473 39865 461 43602 23497 48897 40035 15080 46280 22823 12050 43394 11994 2668 44445 33144 17477 4748 31910 34348 1560 25779 14493 31375 49878 24515 14860 39280 26007 24118 29828 28836 39801 45940 5717 2023 36745 22200 34323 26064 2601 11877 7524 18868 13006 3031 26656 17503 34393 38961 18717 22084 33737 16784 41923 25583 21298 16132 963 33056 22957 47300 41537 42264 32232 28276 26006 41300 48086 18152 21201 14466 29824 37184 47854 23217 11128 39560 29142 5613 13503 43042 41781 24465 8838 44281 6519 10406 11820 41822 48866 31022 22534 33976 33286 45606 5473 17972 3973 23694 13526 2840 33649 22060 17484 27383 5553 15074 13159 4972 3382 15169 164 13088 10416 34555 24982 23412 21187 3742 48454 3343 19878 20176 6491 36279 29877 2702 32782 44641 31282 44307 32211 39985 25389 3404 25057 30992 27836 24108 23905 30921 21332 37349 14826 47094 38869 1471 17194 41892 21028 7540 15398 25646 15862 1639 20347 11746 10004 8543 3421 14550 27332 26853 24524 1128 47209 2342 16013 1119 16573 38088 10787 35402 23689 21034 47739 5824 43300 8821 27255 43425 43239 31700 17913 17619 22068 26989 12997 31334 33508 42636 12528 17380 29975 12310 45878 43719 24244 33928 25909 8431 48111 28089 46069 11734 25770 8253 11291 21323 25177 8409 15816 2619 10720 29448 49917 23522 10174 12546 299 41772 26149 22633 20719 11437 13549 6065 20820 38962 18240 2550 46613 12207 10077 27483 29591 10273 9911 19094 4005 4629 5470 9076 20972 43461 6495 4869 44918 41424 38118 2247 41750 31750 12837 26297 25941 46458 4639 445 12566 1266 43731 26340 7369 11008 10964 10963 32023 13595 20764 42474 24892 41190 20532 2589 23513 33906 17297 11074 18215 39558 792 3773 8946 22842 43229 45189 45864 33859 21510 6815 1277 30844 30180 46008 5332 16370 47598 9637 22125 40278 14202 20964 12857 945 43673 24226 24812 24768 1291 24353 4351 42722 34295 29278 48359 37812 4101 40768 12720 4017 28941 35821 39293 38215 27012 36916 26480 23663 41913 40132 36675 6262 4431 13118 26336 7843 8902 11868 36377 33592 44294 39050 5005 38383 14853 546 19566 44816 2852 8531 4166 24034 43676 31547 39992 28969 2624 29914 30773 36367 25069 8519 40427 7748 6985 32042 36332 24717 1817 23617 37243 27580 47960 43642 36001 20690 3815 30036 33005 29884 38813 43803 630 21989 22320 29647 13342 27726 36394 19375 19251 31062 3364 10771 1080 45432 38710 43377 37361 31548 3664 14192 17798 26386 16480 7306 45493 23653 5677 15316 31427 46027 14850 33991 29474 45003 47568 10792 49307 33256 17159 41021 19796 39132 10651 19725 393 37758 6414 34227 36052 30760 36619 37064 36556 43474 22343 24598 29169 17723 8808 16596 13707 45907 41125 44915 27073 49476 31261 42461 306 43008 33319 46269 15002 26076 14543 26721 11898 17295 19882 13 39900 20680 11352 44462 26666 40259 27664 13793 30721 472 24557 12096 31170 1878 43544 35605 38610 43320 15362 32255 31329 32593 49804 41102 1994 47368 39276 6133 41420 13433 44697 3637 48370 31537 9269 6227 27207 45770 23796 8851 29843 40118 30365 16110 7501 21613 44186 28047 46627 27230 29733 1420 43979 5004 47824 49837 3871 5714 42889 2527 29099 37663 44129 20560 40997 10490 8028 38291 31433 23593 14278 25477 36821 20082 11588 11320 6423 16164 7209 15863 18359 342 27720 13808 47678 15471 32592 351 33455 28834 18600 14605 44506 18424 24578 2535 24081 42951 2760 11100 43905 27575 28350 8351 17169 37535 22210 29216 48525 26464 39572 49140 35253 2477 32612 28753 12993 48776 35508 23668 12770 37311 25416 41950 13620 33113 29314 17300 18904 30919 28999 1190 19247 34497 49699 2005 16979 38971 48745 44469 39593 1958 33024 926 26020 35916 12822 5272 24994 14075 8749 41076 37739 49737 11488 5514 43598 49499 26453 10364 6567 11313 4555 10706 7274 40333 3894 9244 31835 2972 14006 17803 29470 9563 14354 16400 29386 31122 74 9810 2074 30018 7025 22193 37953 38551 9536 36274 28989 40319 31423 23704 1205 42368 37765 28262 10015 13858 35190 23173 12712 18681 32219 9283 11078 24155 3821 21422 5756 39688 33088 32364 13877 13665 22386 31089 29090 46457 9127 6772 463 31511 3344 5099 39996 45327 36025 27608 2732 41676 43027 7982 754 15170 12668 3481 34493 7233 49035 36609 3011 20468 13861 14755 37605 10375 43428 2610 4590 27722 34691 10222 15697 27028 32408 23369 29710 35072 1214 21288 43484 48834 36116 45693 26494 37582 39060 34211 25123 4699 45166 13626 16838 28226 40234 40303 39375 43139 48893 22466 19383 32272 28020 43144 23995 20103 18162 8722 25980 3947 4949 25417 17138 16141 26090 5407 49329 2314 29154 46850 1895 42504 37666 15660 48539 46444 9437 28716 32193 24847 41757 5166 12907 29224 6758 19879 23244 9415 10296 31489 48061 30433 19934 18415 11224 12698 36510 48037 13635 46404 3381 36828 38066 30353 20072 12309 27912 6277 34696 11432 10632 19735 5006 23143 49092 44731 22810 40064 41678 3409 30308 5579 30750 41651 49889 33583 15286 18711 1581 5001 3528 11594 13744 35239 23997 26684 9496 11735 49843 30568 17952 29864 29891 10965 40146 230 47537 2905 13552 21380 47942 45067 24688 31496 19884 8343 7033 14073 28926 48570 18689 23466 28634 27526 11644 17630 702 43712 24822 46342 40285 29856 20152 45150 27074 3517 19035 45733 41427 19919 4087 42061 8063 33087 39494 27760 40464 46022 19540 38731 40723 13519 34657 13399 41463 14316 15548 2618 47409 28536 20625 6276 39402 20668 23631 4809 7335 17216 25582 45893 15514 29628 21327 19952 28213 39842 19716 35610 46759 6959 37153 47637 49854 46968 9019 24017 8015 36507 12089 11373 26862 12587 22342 23957 11364 20937 14579 32005 26798 31082 14453 7898 30474 32586 3244 46527 20842 23079 43524 10319 2813 44841 45486 25213 4895 43889 42672 17986 22799 12223 21730 14737 37573 48410 25135 35192 12625 31635 48184 27259 23876 24848 46783 39419 44640 45530 13653 45302 48129 42723 21679 17115 44305 20101 18892 25117 17056 18575 12756 4269 43249 31697 27658 34161 5930 4273 38719 12022 25958 43497 11212 24967 24092 5160 8451 28674 38494 38514 47983 8564 34431 32559 21641 39658 20182 38543 14548 6840 2026 18157 20550 35621 16911 40039 29693 27518 41684 45824 16070 42934 18953 40274 5109 5749 17304 11818 28588 46080 7116 566 22854 11770 45062 24725 7373 45374 30004 40392 562 28143 33627 42359 48102 39698 64 7227 42953 24694 32176 23019 38035 25398 12376 15408 23014 42406 47845 4025 26893 29152 10694 25661 3206 25553 16591 43281 16188 31244 16077 42808 47474 35083 13649 38974 9696 32445 10409 27863 12516 45568 9776 49456 25225 41897 9062 43820 21826 2284 39881 19170 19302 10866 39530 724 40682 18514 46252 16057 42432 42332 5844 24023 33650 45075 15198 9541 18526 34175 7831 28224 9768 32854 41619 13124 7830 13844 26105 13750 42309 7298 34287 23777 10070 2150 17582 44513 40467 44638 23478 17479 19136 10272 17027 38200 22596 28568 3026 26156 28553 32142 4418 18158 17667 25508 35496 3145 7481 15333 9565 19676 11032 13568 14406 5507 19160 5512 25204 27873 26110 45050 22793 14047 2659 30916 45816 38336 41843 1936 10519 39289 24899 23276 11739 36588 40661 11631 1359 45682 45478 34199 35228 13829 40653 46824 33065 27872 10567 20986 25933 22485 44358 1245 9660 46338 47846 35836 15637 23797 40608 39870 20561 13667 49009 31033 9701 7724 37059 19320 9761 45011 10662 47584 41564 12846 43819 36698 28976 15033 15367 17155 16931 4310 40811 38044 24271 44075 47089 37101 15054 36433 3530 8178 49787 21320 8734 18325 3705 46948 5235 45375 21692 33724 38591 36616 49469 11856 22506 41576 14359 19265 31098 25859 10836 4196 47162 19585 14172 17924 38940 31257 22552 36928 8474 11733 17205 14095 4199 3264 17563 23533 31358 37179 24140 48519 22035 9515 21071 36014 11272 3402 13459 40406 9940 34055 24784 9075 19989 13901 3224 32047 1870 27634 9789 16225 7516 48379 323 36488 2360 34880 38760 13094 17932 9211 5608 6780 32050 12896 21228 28023 17548 20429 29423 4286 9186 4565 33736 15932 2135 45604 46050 20127 18938 26600 2634 9157 48917 13937 24125 33131 24722 27096 33395 24792 23749 46683 37469 18700 32934 44846 24868 45260 16122 23768 36981 23537 15061 40810 5569 2573 48714 2365 41865 32160 14635 9025 25538 19903 8602 46451 15534 2994 10949 12116 16369 11650 21269 44078 25326 16795 33157 42813 13603 15648 40662 47501 43190 8735 9419 20902 48274 37520 34810 45633 48778 22477 28924 41893 38060 29609 40444 9775 582 18147 49324 44386 41098 10814 28638 5960 1149 2421 13835 46442 7224 39778 38983 22515 28464 48823 8747 40959 39416 11803 49691 9387 2675 25741 2172 27062 49266 1424 14445 16409 19555 36243 20806 6714 40559 16012 48469 49050 45674 23000 14003 42778 26078 30739 13255 5666 40282 27 8836 49698 10872 4814 27923 38214 30530 30171 46127 37720 39179 49752 32833 32616 43947 12725 3558 48720 19568 33745 25587 9482 36957 40309 26456 29738 36142 21899 32540 38797 48598 14503 13918 47516 43140 16672 30211 6033 27778 3368 10399 39775 21227 17417 8011 18775 19301 47594 27773 45687 33594 11871 37108 10269 24656 21205 38125 17534 10559 23685 21275 10756 33590 1345 26749 21177 29595 39834 39090 17792 6751 29274 15158 30826 1735 41399 40367 1261 21750 38559 8616 4837 28106 45132 46241 3215 8231 11473 5950 22794 43904 37203 4261 43492 41859 22120 2177 14905 20486 7054 9098 10751 19216 13559 25152 27479 11759 45510 9399 45772 33060 1041 45427 33818 3329 33049 5533 21058 574 37326 21936 31376 33142 16773 3092 21278 25842 21103 38665 21473 36990 6597 31419 34643 32128 16148 26514 45452 24660 40354 2103 46779 38981 22761 31870 12002 40393 20171 14077 19630 40881 1722 31240 35630 45865 12152 19185 33215 4957 8511 6915 21978 39462 17208 40762 7608 27338 44843 23250 12801 26437 49132 15812 28933 8914 34475 17023 24420 15458 18417 8518 27764 14787 43214 4934 10471 11324 9624 2924 38119 13819 42473 43206 15094 13560 2911 12604 6580 43446 10126 13572 4686 1272 29017 39232 14868 30885 37369 41479 10238 21439 34807 44463 13311 18082 1481 8635 21018 15999 45448 28024 34505 16548 38196 28854 31937 37642 15229 12363 24454 47859 44925 18364 3024 12900 13199 26103 26236 19577 42107 35588 11416 42694 39535 37920 48641 5399 37316 16951 40740 28748 24846 48160 5815 12912 46053 25387 43221 815 15406 17706 31260 4263 34165 43802 17847 41824 40041 48059 45805 14926 6036 41986 46316 29821 31654 18135 30519 11943 21472 7408 38176 2265 47329 29304 479 44906 26129 27102 24080 39542 45975 22940 17762 10571 46350 21597 7130 8136 8198 42716 9976 37433 26083 18207 39091 42441 25139 8251 30735 34964 32107 11355 1333 31242 44380 28348 29871 47340 35085 47775 47729 49437 40733 34095 21759 30849 18785 12541 46926 32179 37888 48065 44035 35553 1305 16467 33506 47399 38655 46035 48752 34325 34456 47303 44718 37627 42335 29299 7890 26472 4796 10366 48883 31631 16390 1594 47935 1755 47633 4115 39428 31980 6263 8672 18588 17080 41910 11537 9580 23057 12617 39915 12688 40787 45681 38763 22009 5720 41579 6015 38818 44341 2835 48231 17217 8036 9522 20770 39756 8262 35282 13596 19184 24521 40054 3822 47647 8480 5586 6194 23609 32855 8928 22136 4695 29366 30228 21218 28794 871 18234 36114 39021 21703 27861 5221 24820 38913 30095 2332 11519 48054 43265 35170 3970 30535 23156 33543 2951 4963 40404 30618 10582 24686 29433 13157 42454 45354 9787 47984 2541 48350 49350 46382 28060 6965 13471 4835 40256 48055 9368 38534 43246 37230 33459 33960 47184 3321 11601 30654 13011 32667 17586 20791 20804 4892 43448 45391 39846 30269 6429 21830 33529 4604 34057 2960 38091 44154 19219 42258 14464 979 18679 13892 15884 18060 39832 3631 2602 8101 7287 13323 45554 34492 8065 19069 32610 27670 34458 15178 39065 4477 43991 27415 22602 2133 36387 3125 30774 11316 33223 37217 30207 38594 17392 14990 38509 24326 35404 11294 9586 44759 38517 39080 41303 22494 3443 10469 23494 20571 46909 11510 45498 28856 21992 34487 32803 37239 46 20760 37427 20024 12608 19264 43893 49468 48653 41560 42282 3584 2771 3164 46790 33321 30472 39622 27177 45799 26044 31519 30649 35184 42500 17554 49913 44050 9279 40962 11378 27395 4326 17991 39082 42881 27418 29714 13489 23971 26037 19372 34139 49490 13706 8552 23670 7474 10463 19508 47707 16524 7119 12614 46752 16311 14962 16714 10775 37869 17746 20331 1169 4754 5767 49262 18572 24185 48088 36867 39641 19982 13093 32078 32401 8143 43024 49756 46170 40063 30498 39493 42726 13956 27386 26274 46244 48408 45727 20847 33181 6451 33375 8852 18774 2517 4946 22385 3128 40484 22621 12381 124 12792 40846 2083 10125 38495 10542 19875 20393 26736 41896 5121 39159 34876 14766 34817 11124 21647 37333 47555 6095 18301 19357 25697 25032 25077 5587 38941 11604 2681 21918 36630 481 18238 13853 24414 42877 28390 34422 15732 2781 26116 39322 31497 44660 27504 6754 14748 45636 26175 21336 11093 11077 36504 17764 1395 33167 17777 27428 14414 36134 44548 14217 20865 23564 9754 31095 7730 12134 39880 33667 17766 35772 7089 23756 12001 38552 42191 25394 6638 9342 4075 29250 6143 38370 30802 23187 25318 43941 11404 42196 33774 32578 36203 4312 26261 48678 31341 23258 23888 9084 38117 45480 37512 3315 23675 12798 3765 40298 17726 31380 1890 40536 29893 47704 9160 25078 24239 17620 33760 9726 46446 13843 4104 49660 1554 41700 28249 17568 46126 10812 15345 44562 21427 27817 34779 19075 30017 38688 27529 40449 38756 43782 22777 6518 43722 7253 36485 49880 48948 7329 46509 26891 17616 44528 33673 22557 48792 1573 35116 5878 17118 23910 17679 14158 25672 40072 45360 4933 7413 331 8001 45489 2159 38352 18937 6315 11728 11675 20958 22459 43798 47259 7613 14816 47601 18096 32035 24325 41610 40454 33463 34183 34588 24398 5817 23303 21820 17938 8610 21522 18017 41853 20541 14249 36635 22431 6131 35495 35168 16922 48537 19775 35132 40369 31887 36252 41079 38042 9906 5676 36174 24681 27527 25680 25600 44471 2056 1633 2078 26180 12135 26738 7250 14585 28809 10179 17237 46279 11245 35633 46902 29798 46003 9629 34519 29960 23498 23426 44217 24448 4474 1304 28321 15662 37033 6246 6625 38174 8477 28880 20489 3709 4654 36333 43074 11492 14197 33261 41736 6805 16386 8699 35166 2234 2564 26582 22363 22786 43997 19786 14690 12271 18762 1720 7931 46974 15696 35163 30974 21365 20808 36677 4948 29239 3779 41922 48708 3086 33241 29879 17366 24706 47196 678 44851 17447 3958 3810 285 35520 36823 21371 7166 9934 27273 31470 9274 20016 38528 3808 45923 30220 30400 22104 2230 2723 12573 26225 18908 40488 33470 36524 49694 16752 33992 42846 11457 10513 44273 31812 44216 39610 21988 49319 45376 23574 21591 8620 22463 33544 43710 12691 832 15802 44531 32739 46273 22487 25370 2672 37312 25340 43568 49045 25529 19175 20870 29808 26089 15416 8405 46188 33269 1872 45107 29058 33374 33907 3969 29489 34163 8670 9798 5326 47218 14624 11006 14365 38956 22744 43176 29080 3405 41928 11282 13425 48079 38641 33892 5158 24485 45359 31485 2799 24954 42848 42919 34015 25901 20163 8859 1885 32491 7822 30912 38368 26095 37231 32801 3242 29943 1779 5829 11790 45623 15112 21133 30377 19892 43705 15163 11861 35968 3081 47560 38652 18715 25840 6328 5347 49364 49961 8997 31134 42392 22852 13832 29616 18545 2448 424 47344 11276 20821 35138 12641 10074 41620 37499 30278 31587 2444 13762 22212 15376 11480 40362 6126 6067 36445 19862 36403 63 35796 15535 20819 14973 5885 33298 14195 30288 9271 570 23124 37891 40613 14699 46209 22498 11040 37710 21850 32485 18741 15480 1393 862 47803 13041 37760 43971 3297 34272 42380 34109 29064 41698 49086 40335 905 17369 35547 36115 42174 29457 41066 42509 37569 42686 25150 23419 46131 19596 34973 48986 6839 33150 22668 170 44293 21158 21025 6798 43420 37634 36626 49152 44118 14440 27560 34278 13389 15437 11487 34469 40345 4121 31472 33021 11839 14061 41487 17815 42425 33089 13115 5932 39660 27675 48441 1808 20348 46186 11246 3506 35086 21806 27546 33492 40154 25070 26646 13446 18757 26158 47141 27043 36349 5438 33880 48621 14446 36554 35963 35527 24931 135 45180 29094 26228 28006 31362 20559 26947 17587 19861 11525 3360 41545 17926 34030 22796 25803 30990 37248 10682 32021 19872 43 17966 1967 26356 18475 35104 7769 20549 7372 41836 41367 47913 10845 1469 17248 34062 40914 24103 5557 43167 33304 4290 41033 17147 4653 11583 9662 2688 8260 12113 27244 42276 15150 18786 25950 8381 5721 1147 9337 20952 7243 41032 45342 18604 26138 7392 48629 6913 18910 31005 22350 44783 45300 1193 23863 11441 4606 5051 32619 24825 37462 3602 34647 28331 44491 3782 17271 16010 48970 33449 7679 47040 21286 17945 1285 40295 34346 43701 22924 8038 40445 43263 13437 28297 20463 2714 33242 5846 17078 3289 34143 22220 37726 12426 32056 28768 16980 17674 3648 10900 24958 518 34956 32478 13565 17814 403 43065 23241 1978 20539 7510 1839 41927 41671 2282 44244 23145 14292 45111 14244 49386 32795 21010 42333 47996 32174 42546 25659 8240 31302 39788 42376 44645 34201 30144 30153 20324 15250 13259 26581 4390 45241 19712 41885 31151 8966 5193 41941 6460 17521 49864 43849 36726 39058 6478 34839 21443 21253 41038 44125 46023 43357 22856 32072 21441 19495 9022 14039 24301 32298 24995 48610 8773 43915 12491 35701 4072 11118 1837 8719 2182 43310 16342 27643 27030 9125 19162 16692 24510 1744 13820 11362 38901 26431 7125 18794 37345 35463 28258 47103 28992 21356 48528 43694 5189 36508 25782 21652 38735 24761 11018 5819 37260 12466 39480 9110 25853 17564 3075 23952 14762 25115 33336 9506 46899 44980 46632 36749 24672 46308 42060 18320 18221 33041 2228 8532 13337 25573 24286 30185 18501 35599 9396 27704 22545 21042 47461 27511 46748 13690 36320 13624 47456 35768 17163 18737 29110 42483 25431 31709 32190 49423 18609 3953 28691 37791 14907 33419 18964 40101 4137 9993 32198 34718 33026 24518 37977 14898 19877 29705 14781 6876 27826 18246 19727 14100 23155 17048 40828 38222 26087 32893 36236 2327 12526 44892 786 38779 25815 29598 36447 39896 27204 33770 39522 28909 2339 27390 29354 4336 48014 43510 3778 42921 33114 8411 6729 44698 39389 30225 44809 46513 27716 14560 41838 22362 25449 1017 27712 11346 2468 25548 12145 36189 6777 46791 5546 31655 34274 10886 48083 9606 22093 18349 1131 15551 39186 42206 45272 30908 7092 43184 43483 29410 4857 33126 13802 32336 3168 31162 22131 46277 31810 31337 11493 18267 3313 29627 43047 46645 45744 40411 39555 31102 22798 7490 8504 31613 25594 42949 19781 29025 4612 12990 32291 41839 38726 11673 2902 40872 24530 21966 41888 22541 14205 27685 22550 27093 43783 34232 16086 1695 27655 5433 47093 19431 35586 44684 22551 39799 1282 25265 20968 16522 41753 43084 9814 22543 15469 3891 8850 49887 47706 29539 49398 28905 4148 714 2708 39137 1115 40156 29686 32924 21816 29263 41292 39982 39721 14069 10940 7429 44782 15396 14177 39562 42408 29200 29043 27801 49470 44021 12624 7496 40611 47829 41259 24196 35466 18105 29619 46822 27281 47936 16497 5993 23078 14774 3463 9548 1134 34001 11968 15980 25418 5274 8394 36204 5241 4071 18987 46068 31075 33299 40399 16134 43489 22955 32838 11207 29334 39346 33699 30876 30258 26242 26299 49250 3093 21838 3133 9913 10253 27081 23500 8962 6908 31346 19450 2447 32095 21307 7221 22925 39528 40539 34983 47326 1517 34901 23626 260 24245 13236 43586 39500 19327 17247 4077 13542 42994 11573 46872 40092 47507 15247 7527 48737 886 15126 34546 25892 4202 5551 18166 4159 13642 28474 11784 12793 14188 14702 25860 614 36458 24127 1453 48723 14637 22753 47696 47713 20093 39949 41456 33106 17542 11702 22059 24527 33801 40045 22376 40244 29660 7944 28387 21159 26707 27949 31622 7519 29420 1234 9981 9622 16016 16415 17825 10360 17357 39017 17108 13928 36156 28409 31687 15925 21593 35502 40801 12121 40526 10921 29562 3115 25551 13584 42505 46998 34857 2811 40031 11694 46216 47481 42837 23179 43148 44578 45914 6474 34992 18498 894 32729 32760 42735 4752 33728 11226 12330 10692 37898 15288 29016 33810 38438 35068 4074 7271 25437 13100 10149 99 16249 43678 17886 5288 41404 35014 28563 35602 9651 16235 10543 14198 12028 47011 5068 19171 3182 38500 42991 16968 42040 4454 8577 21257 13869 29015 19165 16745 28151 15486 27278 13733 6487 13728 5162 17349 8856 28112 4929 17440 42705 17942 31051 49914 49655 18773 48634 38997 38092 30372 32751 42977 16378 46123 13688 46048 2331 33553 44309 27954 1659 8219 47608 20447 21361 1329 32840 20201 22526 19859 12867 17838 46799 1391 44970 18521 35294 1367 966 19949 33826 16557 49467 41720 8310 28962 26281 5801 12658 20825 22327 679 11902 4275 38907 43635 19010 34277 15110 7427 25675 30783 28558 19954 10400 5028 4850 38611 12288 9857 23492 20181 2333 31207 21101 3783 6493 31004 7417 10320 7104 17042 29067 11066 1923 35624 34753 29697 46598 39877 43046 1993 17933 9317 8560 4114 4088 31079 20255 2274 42567 9865 49185 22890 20080 27520 11972 16499 33765 27337 28923 2677 10365 45929 48844 7721 24728 2136 411 35679 46220 301 21414 47142 16048 37763 23698 20215 44088 18648 27894 47192 36565 7304 29406 30913 48063 17861 25419 521 39400 22332 5229 39519 28505 45030 11974 35719 5253 41954 18616 47398 32094 30453 30761 16696 33524 39751 47317 10255 18425 24466 48935 6448 8261 6433 38242 19969 7326 14809 8255 32659 32954 47345 7697 5365 29144 9217 5072 3726 4003 16289 37405 1334 22082 4990 40179 12556 18103 6346 9048 24571 5382 27570 9096 21019 25940 18945 13709 7368 37070 29935 47111 15090 28646 48810 37030 32845 11719 38365 19722 15461 7571 12224 45473 753 13071 23150 9407 32773 44449 11154 32086 2303 24328 26554 14712 43213 33220 45469 8009 6156 47663 38929 27512 34802 24248 25699 5013 30723 13725 20095 19666 3040 44399 27060 32365 37742 46652 9975 23963 17600 28735 17968 1035 45742 19335 21476 22815 42796 3607 29718 34442 31410 9908 19929 31902 15211 100 45949 16283 32964 18015 49207 17599 32487 10351 47553 44066 9431 23877 39306 21985 26268 19491 6138 25322 17011 12320 10759 41974 48413 14743 20117 1980 36505 14595 21383 33768 49815 28552 21094 26147 34838 45201 27639 5549 23530 29799 1532 36543 49102 32129 17154 21465 36412 11810 6383 30138 28294 36060 20921 20776 25305 45187 4442 7738 29492 5120 35819 451 42445 44403 14498 29464 1884 7775 16840 22382 17480 40660 30884 13244 10871 40684 44828 30468 48644 16821 7796 25327 42866 49767 40590 21374 34385 45102 46636 39088 49526 14930 34405 43385 40910 8242 36688 14343 3561 19783 7416 29548 37464 47848 43017 37705 34993 16137 33236 31209 12424 1038 28700 37753 49504 28486 12405 35646 44260 15974 38830 42459 18492 10830 24252 48052 40866 4242 41177 8711 16602 17379 20259 30323 21831 9583 867 11840 42587 17396 35219 23486 33598 8866 12176 44598 10096 4581 39616 20461 42629 8354 22531 36041 44592 34401 5892 24249 35013 44814 38662 10859 33412 27687 34788 13672 18746 22238 9505 5880 12364 29944 11585 12302 4992 22278 21146 44080 40374 19687 20477 15707 5733 44495 20490 40621 30949 9014 780 30436 48487 33472 2657 46253 27141 39094 9854 40110 27820 1764 17666 42105 23682 17473 26140 22369 43751 34573 28942 3151 2798 48923 42821 41730 41180 40857 28995 325 37527 3574 11557 16312 17893 280 28050 20121 14870 26237 39614 39774 16174 3270 19344 29361 12873 47643 3483 40685 26125 31542 10265 23837 34176 16072 4453 10355 41039 17209 47928 38197 40777 3715 35608 14715 28897 20433 3979 20524 15539 44971 4804 33110 22651 6725 24164 18237 28465 31948 28103 49881 16768 45507 19485 35593 5517 36757 37071 25836 32521 11024 7912 35275 31143 15177 46339 32074 17634 17821 31371 30476 2899 46453 1819 20400 15749 22361 23864 48440 38826 15354 9549 13099 13201 43285 41250 21139 44518 40850 48397 19168 46499 42062 30402 43103 48369 4888 5542 5434 539 47703 45736 8974 17467 17995 22455 10282 30217 6141 21469 20801 21734 28082 20004 16862 18355 19230 48817 9078 19430 47322 45073 40099 49867 17362 31130 28790 5311 11614 10185
7251 1415
20008 11196 26236 129 4364 20567 18908 25886 46727 36970 29907 36695 22530 26253 34566 8412 37757 26783 36821 41394 15367 42571 32356 14894 7256 7308 20798 13104 24600 13110 45798 28220 3509 6973 15021 39480 39714 49745 47268 19254 34194 45526 37796 45122 20204 31614 11527 10553 29197 33373 152 20498 36329 12453 31800 25082 30666 12809 43022 38393 44794 13837 31057 32651 32854 46349 46280 7024 35371 48806 48207 27814 34720 14344 30565 2946 37714 18624 1680 33184 38812 24392 34748 23080 298 16217 25419 8738 27923 41376 25780 28984 35128 5430 9927 12056 41338 9827 45038 44303 36784 22385 35243 39524 30731 16135 21961 25072 18592 20264 43883 13452 29313 45359 47115 17136 32136 21522 2668 16176 8579 2029 4175 47152 42607 35574 6982 9595 6654 20897 19463 12810 40870 45748 1922 24763 28062 20479 23841 5419 10935 28690 29401 838 25126 9900 18418 25872 29381 48047 11840 3887 13375 48127 8347 49541 16939 29978 8228 21353 40402 2685 4314 2795 31358 27668 1831 40502 13022 11634 32795 14231 3356 48418 12183 37013 14439 45427 6763 31346 32548 32880 20109 36947 10931 18103 29656 20457 49507 31344 5723 33273 6230 5471 43843 2799 3033 1820 45953 28679 5743 17568 28822 13622 27663 3050 43439 3886 28608 16300 36260 17866 14447 9679 25333 8654 37374 33981 18075 37863 12091 26029 13887 49599 8512 6605 28292 46619 37611 5509 21267 43241 1003 8009 21523 22023 31227 34547 38975 6682 40008 32492 36656 25911 10263 23918 34668 46028 10828 24693 3806 38784 16647 35004 6204 17829 36384 19084 36774 29262 47602 7814 38139 13997 35830 29195 28051 39418 22808 11080 7415 5996 1317 39679 5887 33898 36170 19101 45687 26152 48511 31030 5081 45604 28054 41856 12543 37254 16581 31798 4898 6025 580 39963 49956 26230 12009 31598 6562 26997 23297 13125 5577 35617 16850 12037 15772 43400 27707 45700 15143 33853 34229 47559 44939 33912 16628 41815 35362 805 28214 23623 48627 18494 31328 19140 13318 11465 36306 45676 43690 5201 27144 42492 26375 30750 2614 32706 7345 20758 3786 1749 14620 40078 23437 46163 22570 16385 32736 13379 21376 37200 36211 9487 42768 12116 37646 25671 45701 20227 30647 4368 28554 38540 27639 4739 19359 32114 19083 26075 39335 10926 41042 46305 8200 31901 46241 8700 8231 7688 9929 30668 30236 39727 17139 38642 38947 38932 18302 40475 18947 49500 45013 48217 19405 12410 3197 9011 41560 13848 20884 42959 26487 45161 44851 17243 3487 40063 12238 19434 49301 11216 33447 18794 6365 30932 18352 27005 43736 37777 31458 10169 30774 18357 35098 12639 20524 38159 49527 15717 46387 27430 19159 34044 5423 45087 23594 11618 28394 10600 37636 20279 31946 45994 32566 32770 33828 3214 29651 37357 17076 36844 5563 35030 40988 13772 3385 48479 37395 34734 19268 26845 41559 11514 11758 46297 23292 17311 32095 9089 10617 14080 13784 5729 3393 6558 41663 2335 18329 10455 5051 3088 4254 17159 16998 49602 17175 13443 20551 35898 48423 32074 19955 24551 33213 31988 46746 15259 19906 45060 46765 38616 27584 3650 24539 23612 26562 32040 17179 24902 48355 20719 28377 49790 28020 4890 44042 28395 17932 14432 44889 48502 44009 43009 44597 9447 26413 31557 1505 7354 8712 19739 14768 20007 47449 14050 47045 5431 609 4178 419 15351 5599 48264 26801 39016 19510 4952 24926 19000 5167 47029 43460 24970 47168 10513 4327 7096 47409 48066 45099 15747 1709 43173 27763 23264 8692 27000 16900 21280 10514 1523 41868 25296 26215 38755 9344 12538 32109 38104 31398 32789 37233 40438 38669 43452 48756 43561 21145 31603 21560 17276 43770 35927 42686 47359 27791 19419 35354 45743 14227 3183 38788 32653 6754 4484 22497 5007 28349 5961 27728 49754 22233 28522 20717 17093 19174 31619 21419 9314 44838 17397 27263 6292 8002 37785 681 35994 19927 41372 42549 30804 34342 35737 24582 48549 29551 49672 21181 2765 35255 40571 8143 19489 31147 31718 43985 45179 48187 38568 32382 32184 39956 2306 725 27790 4829 28163 30881 36540 11418 47356 7334 17365 19828 33444 7335 10270 10427 42079 29963 47679 14602 36155 6880 16050 37241 11520 39350 28362 44265 27014 16707 4279 46531 5006 32502 21708 18383 10020 41235 46273 35386 3145 39757 19998 32115 21175 12484 48943 31846 42002 14545 38074 8722 6806 31113 40086 19574 48213 17868 21607 4230 36741 30583 44269 2732 48249 48962 23174 33754 40953 10086 13419 16579 29768 21711 37876 35206 26469 32155 45812 25270 34857 26827 12595 44359 27443 34871 20584 4717 382 26190 41355 43876 9300 18315 39268 26638 14735 24488 39012 6371 33910 30892 32671 37167 3991 9415 2417 19381 39893 6853 2959 42852 11933 19526 47077 47673 26763 18402 41032 8487 12012 42249 1091 10036 7828 37829 19626 25889 23571 23073 47722 12525 22095 16986 20621 46882 48521 38043 15142 49958 13572 44250 9366 37351 23887 34957 21257 15707 20194 14116 1952 11048 37805 17439 11518 24521 49233 16608 6764 34221 40627 26971 37271 5117 31395 29493 44107 45058 14810 3139 5321 25264 40002 46086 8922 45281 35349 21780 27228 49835 10304 48909 24517 14307 1898 11256 2196 39062 4068 27581 17119 21212 13331 908 16264 40753 25140 44388 4120 25432 13258 34090 4143 33871 34663 30047 46256 33341 44259 15834 47927 46045 8911 42192 46367 11703 35735 32624 27212 8458 3116 34010 43861 15612 27045 17390 11546 14780 24068 4317 31072 3008 42373 10622 13862 13725 29701 853 33745 17672 34542 24834 4817 22113 8068 39124 1469 26512 21742 13971 21684 45377 30378 41454 11219 23313 2416 31122 20534 18349 34995 45069 48655 10596 49729 16947 7318 1786 30862 6637 24573 39677 13671 13864 43344 3288 32746 18504 39880 36782 19568 37848 33761 47999 23216 38892 47265 19035 9994 42876 31977 35367 40051 35507 28067 16376 14333 14568 35954 31163 5870 28424 6618 48108 35637 45706 38796 881 27414 26791 32211 45096 28850 42190 1569 23788 25532 26893 9308 47735 2973 2779 48304 33927 8981 5000 29511 23757 39361 23355 22906 32927 12713 27533 11809 46169 30971 36106 26752 10277 17444 42189 12761 42486 14083 10118 8540 9591 20629 34013 18950 29144 39196 48376 6647 21639 27531 10914 29453 3188 36361 38569 3698 8158 6954 5685 3309 9010 6168 36206 35659 40032 18108 29751 11928 35566 6416 12974 44189 28878 31231 36015 47217 24482 41295 48972 9412 11175 22773 16085 15978 21360 27527 10986 33109 38388 32125 35916 44123 14965 47674 44609 26137 1521 3980 49160 3512 45884 22010 36850 38068 48310 22103 43143 29516 41156 33332 31723 2149 18171 40607 46269 13705 32221 4129 16800 300 45807 39667 14296 33799 35012 29991 4506 33757 10175 42173 19891 20315 34737 24991 31591 44307 4347 37663 45703 28942 21431 2364 24479 8840 43869 13785 36645 33816 38964 24178 30285 10641 39291 9637 11120 38160 43061 18902 7852 28042 47113 34219 13255 10664 27986 35192 3090 4537 27152 21339 28325 11859 42944 38843 9039 20350 25801 10700 30321 32768 37852 29727 11947 17490 43872 6272 20444 20700 36910 29608 32797 7699 45539 29699 36525 37709 47998 32857 39171 20646 22337 35052 43866 26349 16054 39642 34686 17241 36476 19962 23682 20225 16413 22418 28611 26295 30392 246 38481 30028 12683 1919 10995 9790 37931 13209 17548 45848 43889 44562 12148 34652 7409 20651 8787 19441 13927 40974 35958 13449 31969 38538 6920 37849 8658 3170 43257 39528 34100 17698 34242 1315 46895 19123 12154 14520 13244 10644 3931 43296 30801 10123 31306 6652 48485 14933 34926 9956 8863 9620 21173 19466 11443 15884 42576 17457 11436 48572 42652 23829 49213 12820 5742 1130 22219 754 16017 38999 40637 39595 29004 20943 21825 13034 29558 44306 18306 16245 3472 46929 38979 18341 24116 36402 47756 7119 17669 36145 45799 13393 44716 32522 10121 44992 15183 36731 22800 49578 39185 2178 17295 10409 45174 7336 14630 15189 40474 36799 24236 3834 24888 6145 6530 16093 10242 38792 3562 40443 27184 7402 22430 18399 36016 43591 17960 22751 40527 28457 19264 22772 18111 33586 8764 836 233 11877 2881 15593 17445 5784 27459 7809 5120 40601 37889 10367 5364 24619 2431 13054 42515 12553 24766 22550 18389 7541 22196 21153 35716 22980 25613 13494 47313 48126 46815 15480 38860 32960 18250 12266 36272 43441 42994 17772 46195 14443 23893 43402 21980 19633 29916 15901 5559 39514 2124 49972 31866 26616 39052 23609 47938 19237 4156 39465 402 11189 26841 354 216 24505 2809 40379 20573 3970 10798 8589 3875 19500 7376 33710 10882 28848 17761 44276 48043 45801 13907 35629 9813 48937 12850 29020 21922 16033 37220 23061 15830 36807 10337 6617 4744 1931 48951 8751 37816 26950 35350 26585 21614 14742 31305 23827 19113 11563 39309 34524 9159 30432 19391 7844 46438 43512 20594 663 36066 33962 28558 33126 49158 10257 39683 2428 28559 35695 8027 33967 11036 43239 18128 30197 12462 36069 29832 28864 14834 37996 23920 19130 6590 21559 1514 15073 45201 19290 43624 30531 44605 11663 27050 14897 17389 35485 1093 18414 39087 30824 23109 4019 15101 28363 4091 49067 35973 43434 38065 17152 5545 5461 20050 33328 28058 38634 22224 24059 14149 20783 16483 12515 45075 29715 32010 33319 24174 48544 11309 14377 33728 18117 34972 1811 29459 21455 42252 44288 7182 41016 1000 35539 48201 12747 37533 47421 29797 23094 36839 35366 24541 10130 806 4252 34675 26903 9276 37098 44160 20417 47021 43209 7760 8943 42476 27274 49832 13805 36017 23626 47485 31337 35809 631 18581 3247 6554 1491 2095 44469 37324 18245 43385 11753 19344 17470 48278 18534 14392 1339 44067 36246 38482 21072 46523 17852 22110 20536 29238 26365 29428 17707 6863 46596 48997 8629 42025 6717 36860 16214 39523 22131 17495 25184 16307 27867 42762 28678 13123 17158 22442 16113 24695 27315 211 33848 12088 35691 2830 26854 5879 10790 39853 16105 46537 43992 32874 25823 6500 30872 1838 23505 21986 20729 18646 14772 41750 33270 11950 5880 22055 28663 35886 12478 40733 4581 14157 3326 38031 2495 12206 38578 47387 39258 25714 15175 11218 19503 46842 33061 12834 43499 24416 9049 34981 38349 22299 10370 25646 42903 36465 2262 16211 21244 2158 42443 3434 31249 30703 157 21327 35427 22344 6582 49788 35887 16378 28898 18262 43875 20725 13176 11955 13965 45262 35894 7743 27396 12746 24401 8093 5083 39517 17223 22329 8739 48825 23317 21435 26600 16482 3180 38223 29770 44264 48097 3100 43097 4799 39525 47925 1287 36856 4141 18744 37296 42165 21645 4021 32066 5866 37904 25090 43248 17349 46865 39046 1161 16965 48689 30930 10089 39828 21291 479 12229 33416 5384 18924 29338 45153 5973 48276 47611 9703 33791 16555 3620 20448 33669 39241 40957 47533 33801 22846 13211 14257 11602 2595 31077 4876 12914 49203 36785 16654 36981 34903 38374 9705 40141 6935 33696 43575 9549 10784 3243 25413 20510 21377 49520 38797 8990 10185 35960 20919 44553 24425 15429 11890 22413 7946 19866 40649 995 35951 36817 43534 13090 29182 10874 35555 17465 8539 26414 12121 22826 48283 39526 11070 11302 3213 20262 45619 5146 359 49164 25995 17921 20905 9773 41913 19961 38777 38000 30058 9467 15628 25632 13451 35369 33317 26143 12720 15288 44464 20506 28044 22872 37244 17922 38137 8180 2388 3725 23749 6985 48872 23516 15930 19487 20898 3722 10233 12301 7400 43667 44151 41191 36483 8465 36531 42917 6645 30763 11462 65 40235 35438 35072 28628 36389 34299 48211 15532 44520 16680 39158 23382 47641 18658 40705 17180 47157 15991 30399 33661 43707 10119 4485 25122 27379 26223 38710 44568 34404 2845 10970 42825 11912 8868 34780 18565 2628 34438 27945 28784 357 11178 11640 20409 35164 44231 20370 18782 34966 32442 8974 38483 40432 43259 29340 41468 14194 15827 13286 1053 22684 3647 38708 10675 27817 32068 6341 41211 6651 34626 17438 17187 7886 39440 32621 24295 8564 14349 37369 37303 13828 39077 27843 32322 18815 22361 32878 36291 26987 2958 3207 3373 10629 9677 17867 23884 22905 45040 22929 7811 47651 31055 36694 14154 18265 17086 45623 6277 26472 10042 38534 42226 16893 28049 19496 35903 20096 48002 18187 36000 26717 30382 42179 18961 13409 15522 41188 26640 24493 25572 36136 31851 17081 45934 42168 12162 37705 6741 22257 31865 9262 24698 14614 42925 47592 46485 625 9616 41293 47595 8858 36823 1546 27665 47190 28352 36858 16782 3878 38731 43100 10085 17637 26030 14799 38840 33080 36674 4056 28745 38389 19511 22677 34445 44622 19350 9518 10637 13517 30945 8626 33768 21931 33364 4164 18092 43195 17112 38617 43113 6184 14776 26553 20874 45052 29880 12712 41215 25265 19373 4862 24148 44230 29455 13169 42703 49467 27776 17630 26046 37221 5948 10099 45965 25479 28975 12547 14966 14604 46964 4969 3204 7465 4430 15069 38326 47829 6793 2069 19589 40806 8527 25271 32742 21235 3287 46996 5022 47881 38017 42454 45283 48336 5631 4843 17604 2615 19374 16140 20973 44064 16064 11022 5980 24694 25249 17755 7129 11371 32313 2112 2991 39135 234 23125 32147 23293 3075 10618 31247 27478 39148 33596 42900 11643 17366 15729 35957 30599 17391 13911 19497 40931 27102 9363 1778 26000 24298 40542 30639 18894 27753 46581 44869 21368 30582 17771 25083 1612 31062 24599 22680 41988 41928 39458 40066 12074 15226 24887 15399 46906 41005 28133 38981 26302 15241 27204 36620 11214 47060 20631 23625 44670 21937 3627 19283 38695 7307 19328 6375 23202 10235 30476 15983 16231 13582 395 35535 25036 28704 2166 28119 11092 38110 33993 16921 32188 15880 25881 47114 49371 6757 6454 26730 26543 7896 7965 12358 29874 28731 15134 45402 14626 16262 20723 19515 14779 38974 41232 19277 9157 30249 42860 5851 4594 46932 33629 23015 25285 38115 46170 2383 8737 7360 39554 1996 23021 21058 44135 536 46118 20464 26668 18937 30699 9112 11451 37949 21231 22292 34333 45433 36779 17621 36250 5956 26547 45235 37205 25388 4253 48738 32231 202 11085 8236 42104 35692 29617 22506 26189 47882 40228 20793 13199 36510 11359 19325 6483 35570 37632 7315 40993 759 5232 701 47401 14538 49015 16266 35790 40612 3057 22082 7303 21247 44083 23578 9390 8138 36547 39295 40276 29505 2174 20634 10087 22798 84 22290 12990 49939 31399 47206 34027 41072 30396 32486 21982 19046 23446 26988 14934 33789 37313 20660 34949 35421 47571 33703 34439 37626 47298 41855 13550 5195 16032 10037 20952 44133 2484 1273 23886 6889 36755 14280 15345 24986 24389 4569 49320 18974 46094 2852 37506 32138 6237 9540 16199 6252 3168 28824 13219 42526 14874 19051 32699 43887 34692 22074 26024 16333 39479 33868 40302 10772 29060 16301 16915 29722 31911 42289 17779 44910 12179 821 14137 4324 5942 29395 24139 38444 10526 47732 1045 48606 11086 39156 4022 39503 29554 29029 49966 5823 44012 23030 36769 38680 30511 26458 36113 31762 23219 4469 47377 36552 46849 46478 25042 19262 11996 30890 26865 41841 9932 20299 46133 19149 32920 3240 45421 29935 49811 22791 28746 46183 49156 42220 35179 44119 13753 48196 21983 13698 7273 15771 5643 32367 8908 47407 24132 15368 26751 33675 17476 6413 43862 44806 44136 39925 29561 17834 25220 26511 32678 12862 33335 19707 11961 19780 22969 23808 43999 45062 48483 21199 48733 39777 13853 38935 30038 31063 49838 32401 2056 1571 20711 30128 28583 36717 37479 18113 48745 26209 42180 12262 10465 9191 44694 6385 23064 17194 2064 40055 39624 17793 6148 35814 38184 43408 5842 35379 6069 41600 15126 30544 12390 48116 15663 13111 22115 41680 3370 7749 39474 13631 21315 41787 44008 42653 22291 49543 12044 311 2325 17720 40306 48727 7561 5904 2194 8989 36941 9931 44395 23770 41630 9670 27241 48072 34707 49480 48851 25226 37007 6881 40745 24512 36551 35854 5667 31840 22546 27090 9563 42499 11314 16584 46 5565 45490 22395 15344 18603 40126 43016 49530 34200 5788 27616 28787 40874 10178 40081 19309 34350 32784 1593 43867 27450 45146 20162 43374 46706 2164 17705 25964 40327 31663 24094 25729 17786 28173 23598 9491 5039 15619 48658 18091 25547 38420 37965 24067 1423 44070 31021 21824 34833 11078 3230 10657 36425 41851 3291 44592 24502 8854 32113 41479 39665 44027 34264 6937 22692 25392 13722 48918 49713 4495 26563 23101 43542 39629 11442 7812 30944 2686 17601 48384 16081 49483 12631 19178 46623 10408 30755 15092 27162 29075 22420 4160 39439 28301 31712 33275 12272 43095 26966 23057 42877 27268 6366 34719 41325 14028 337 16171 41738 5317 44893 39590 38586 49506 24197 29921 44177 20526 26509 3856 34320 43091 43818 47166 14071 41186 45989 11155 47034 27793 40490 35525 39736 29415 1025 4045 18053 5018 9120 6874 25617 3441 48681 48960 296 44880 43925 12832 25205 20222 11837 7653 46810 28008 38891 7460 46316 21480 5740 43395 46955 34095 10142 2831 10932 26441 35432 7730 28589 11646 2013 8994 46518 41953 2032 31088 12135 8896 9038 39830 48154 46988 5335 35940 23645 36181 10140 35999 18768 24442 46287 22993 39189 49799 16671 8012 34770 11489 12267 20059 17110 32777 23389 3336 2379 20097 49089 3870 9367 15781 42077 30916 23013 2145 40024 18555 16679 41373 19798 41977 33245 33658 15225 21847 44455 8038 47003 13234 9460 6750 48061 8324 43714 15510 43230 28992 27143 20339 2168 16317 35292 21401 2880 18170 45920 49643 9279 26008 22111 22093 32389 44118 44115 45561 3979 42340 12649 26028 33542 5722 9939 13963 28609 5314 25948 14668 26160 29049 18015 9507 30844 38191 21481 47286 21561 1300 16106 16525 48571 46728 47706 15878 40608 17021 8125 40752 26089 16255 1881 5820 44561 47208 33093 5852 38383 45810 37842 8965 22485 30489 16183 4162 49049 13392 28833 18281 18188 33290 9222 11647 9768 17386 20331 45249 17407 31976 33368 37845 17274 26607 22019 16356 30897 32995 6953 2781 37520 6871 45549 2943 44053 39739 46020 41826 17874 18208 40954 22983 45793 12064 35133 17789 32487 8171 49095 27588 25810 40045 40659 266 40016 39670 8836 47364 38765 23448 28533 20752 27112 46592 20163 20555 42529 30949 37972 48784 25214 32277 21567 19196 746 4932 30937 44226 28280 13074 43794 48707 44032 2104 12718 6076 22027 41462 37862 11539 7251 38025 412 21369 47410 46731 25008 19654 32905 36258 35738 34983 31281 21375 15777 13711 24003 3618 20850 12036 29570 38983 26523 47665 42097 19167 36539 17459 979 19127 19651 20971 9265 12330 9838 36144 48218 17642 12239 19026 6353 44544 39992 5338 26237 1853 35657 4973 27796 13780 27038 25244 25578 31626 3968 18466 29346 15850 45675 28596 41420 49397 38855 8516 37228 8025 25941 35198 9028 9350 27472 32914 40546 41594 23755 33336 585 36491 5639 14781 5719 33293 10584 36971 12927 36337 29842 1622 7029 5699 15744 31995 41619 6294 15499 25508 737 365 2639 1176 42832 2820 10585 32171 39656 32542 47550 871 18571 42222 8409 49457 14838 46403 47970 16138 20608 47176 5266 12419 43557 7433 16154 14359 27607 41970 47348 47694 36445 355 9254 16990 35278 21794 44599 43998 32321 13225 16372 6929 4992 14968 8294 27194 22622 16462 41435 49980 22293 48725 16219 181 24027 38218 5484 7502 29607 1798 1306 24813 40224 13602 37976 42583 32525 24533 43732 28601 810 36811 36444 43305 41788 24347 22464 22874 41052 26315 39328 26493 44369 21990 12296 960 12897 39141 8352 33599 39473 40668 299 45055 44551 19358 46470 6810 20107 40909 9875 44598 30907 27894 43480 8281 13754 32249 11020 49776 40340 34336 21544 13592 476 40090 42881 19459 39888 2266 29298 35622 43459 38100 18844 45383 16878 20602 27920 44663 4184 884 31528 26035 35419 32554 30083 13 29139 32841 35138 34803 49126 11949 42991 24485 40173 31962 2696 40074 390 31529 24702 25767 30510 29352 17579 35848 33441 37009 1993 15516 29645 36927 44338 40720 5420 12393 28262 33865 48629 1596 12246 30885 45144 26536 39637 46027 18793 557 22072 27423 14855 38230 45231 27012 20504 31367 43635 8821 31991 38265 44376 5080 38869 38370 21519 34401 10722 13141 23188 638 27027 33220 28402 24252 40287 21079 44667 29042 15205 1398 16962 11667 45381 12200 10470 47894 25773 4148 23088 25255 25476 4777 11827 30535 38924 41612 40610 11140 39327 40225 23526 44567 3965 7554 42356 49890 45304 39198 19095 27218 15033 29824 12689 11268 15251 33066 41558 45723 17247 24192 14290 43464 43112 8301 13982 45113 39289 48578 47358 21129 29067 35876 28963 49556 47455 10441 47569 5092 20351 47869 41090 44268 140 36745 47874 43726 18920 18441 23694 18420 12728 40695 35713 20687 26927 7607 21727 16504 5821 25354 4206 19433 20044 49345 10415 44921 8219 28619 39616 27652 43068 23885 3017 49931 10431 38120 3210 22064 21775 20136 16516 26040 22995 12204 27402 36938 41458 30924 42485 4417 2224 39822 35474 43186 5076 39075 5619 48602 15007 6335 16750 38057 20328 46464 7577 14694 36588 483 24161 2185 16549 15536 24685 5025 44965 684 21602 42683 17272 26555 46627 1305 19263 5405 28079 14738 24066 23435 10211 9479 13442 5135 32203 1197 2250 48295 10051 39939 21394 387 14530 43399 43598 21211 30856 48067 10492 13126 5217 25200 47833 5824 47820 42352 8258 39320 13037 21837 37148 25958 35542 4612 38543 30023 23980 37193 29585 43413 23444 2826 11786 6350 1717 567 7571 32158 7683 16474 25088 13964 39639 28028 2328 12451 9940 2311 46995 38954 45620 45592 9174 20148 36385 6141 715 21838 6 541 38458 35252 19583 28041 43249 26738 34922 18283 14297 45797 25080 41741 33077 3795 20402 49138 4423 30240 27834 39447 49666 23658 42914 32836 29879 18412 23852 13290 24683 27340 7162 25832 10143 24447 37715 47543 10530 21905 7259 9769 35590 21268 11545 22730 37074 9652 29697 36221 42838 43742 40355 6046 43043 25905 13662 20841 28236 37275 9304 31714 16922 19957 23687 10587 48062 44915 14320 8075 24379 46798 2361 12587 30278 20139 2264 16688 28565 37187 45852 31407 40550 31144 6987 16293 39802 46686 28555 2678 31223 10403 4772 39161 21038 17738 10871 33287 11347 26778 8859 29636 23302 27755 40740 30888 11267 36080 39585 46388 20292 49648 10158 49199 47373 3854 34632 33958 33531 49797 48546 19841 38367 42023 39858 10566 32726 24861 34798 36012 31732 5885 49630 34199 29469 15232 35047 15471 1664 3471 7331 39553 25362 47579 20372 2019 33794 3527 22438 42163 36411 13586 34603 38632 14084 4997 30017 32515 18537 49016 45650 9943 46501 26667 38217 34076 9004 4077 12345 2635 31183 18204 44470 9192 9625 38243 47979 4745 37652 17297 169 132 35888 46998 47369 17002 2438 38085 38438 47624 15620 49293 12839 23376 11861 37375 40683 11427 29936 22988 22545 35380 8852 49746 1752 12801 11485 27420 19424 24525 47418 4900 45514 19228 20337 46064 13796 16350 45509 43027 4207 8620 48259 33747 44110 7893 23891 882 14332 17612 28656 33281 41762 2346 21139 9896 34587 19135 1120 32947 14517 23988 43812 9704 4412 40079 31280 36081 37397 35731 9379 49888 42239 4082 24327 10853 48224 9105 31971 39363 36758 17008 34379 8768 12066 34998 2254 19112 24897 20447 10868 36008 20833 39183 891 21936 19010 24977 11470 12476 8853 45547 4450 70 15374 32800 1075 588 16751 2764 24206 25742 25803 24037 24350 7981 23611 43900 29281 32014 32712 48519 6013 14906 21331 48793 5483 19468 5439 19980 29643 39575 45193 40305 7629 35154 22999 11388 31259 43196 24398 33858 12000 36895 37173 36398 39786 11657 1448 44103 30108 35090 39190 47911 40470 1203 6729 5161 22033 6332 28527 30654 37560 4857 37196 35288 31693 10155 8571 40059 47367 32137 43321 27840 12573 23822 26580 38101 19991 6030 19474 31488 33003 27302 11195 47781 43052 20808 3656 16123 25207 31766 30655 29728 25325 2039 42431 3538 17951 19727 22594 22524 32831 49154 40937 33987 7785 37629 36983 2297 24211 41665 14335 30039 29433 35006 13691 36276 18012 41508 11939 25724 18295 37797 34498 34589 5628 492 49659 45787 6698 9622 15858 38508 12295 8796 43908 47024 13543 32708 12063 46750 5964 48747 8153 35027 18874 38409 22377 37900 18087 34927 27111 13425 42114 7934 4384 6150 47993 11478 45861 26167 24832 22968 39747 32501 27270 16975 47479 25730 10102 40969 37136 5200 34191 26724 19118 34872 24835 31092 44504 7284 24779 23743 49889 32315 11917 13066 45933 44984 48671 35218 8998 49802 18622 48467 49366 30708 17778 10707 11906 37201 13881 4961 15282 18729 3330 31905 36455 9000 56 49242 10133 42210 19253 32959 13884 30766 22580 674 8843 5291 17517 22606 9338 46488 3267 1269 13540 44668 14092 38297 15508 33843 11564 39567 18611 44254 10366 27049 13183 44329 4134 37411 8503 21618 5554 30838 24427 39577 10489 14 29980 10631 17353 17174 10497 13693 16761 26567 5591 7544 3316 8103 20934 7731 24639 4185 1769 49311 16622 10861 31510 17540 32348 18692 31536 33974 49356 9328 165 19594 48070 9481 36099 30313 40203 38479 18865 19240 13069 48363 5231 34881 46380 46035 21788 41369 2137 38480 47976 17723 46317 6116 34799 25463 45159 39804 22112 3550 17323 10647 28733 48792 28531 42969 22065 33091 26454 22759 18452 40927 20739 11163 2394 32622 27383 996 1852 31272 8144 15138 45348 32193 9633 5009 24591 126 26354 43377 6866 5480 29838 29073 18566 7790 30466 48059 14457 38152 5166 44262 5548 25070 15721 20962 7848 29686 13908 17121 27318 18457 16391 13107 19847 7534 7280 9862 47529 39153 32749 19212 1059 33148 2376 1681 12282 25599 29612 6608 22863 13137 26951 48901 4971 42400 13943 22419 47912 26088 2511 18502 27715 10578 37526 24449 20344 37496 45931 48122 13307 10135 44028 29988 17765 49540 6520 27296 20748 48359 40764 13350 27213 5377 14370 1498 26834 21423 47837 40069 35918 16911 41282 8969 45389 27326 35989 40828 28943 14305 27338 13867 38529 32815 22087 30621 3327 10863 20743 3709 18515 29254 48317 12894 41289 26118 10068 19845 16467 22470 2977 14159 31633 18186 6316 23563 12458 14490 48656 15659 42812 19940 47576 36121 7849 9234 42706 7705 4094 16807 28521 49563 9512 43005 24346 25079 7213 19547 25618 15687 28421 33263 25442 28413 23375 17430 37278 37168 29163 39180 24243 23314 49833 22228 1963 11385 40195 10160 41500 27577 47720 26006 42270 48011 2053 31834 21545 26750 38958 39945 39607 38018 17524 1653 42276 39368 19473 22107 7936 23581 16550 43389 29591 1854 29064 6919 38130 35643 20645 48891 44804 12552 25549 3520 4883 13153 23866 14714 11450 23053 40174 4369 14139 37528 6574 3707 27306 12551 28076 11583 49303 1725 15070 38251 20239 7351 40630 13650 2910 49061 44957 12736 35303 1456 39484 46247 29328 12997 10876 45440 34512 4860 41333 40848 29057 45041 29822 29083 20079 41575 40892 4218 48252 41978 6131 20166 37000 19171 32455 22038 18112 27836 18387 40255 43854 16077 20586 22415 36505 44000 13229 3376 36611 38626 17957 33589 79 16810 27593 37463 7555 11274 27264 47609 43129 47686 35322 30430 33909 30626 30284 25576 42907 43665 48433 16401 6865 7855 39097 11089 44161 47155 2144 15714 31220 47218 26522 21040 39494 9545 45756 48089 7044 27084 4909 10854 35160 37502 23340 37108 43612 29343 48984 43723 4446 18317 32600 9985 26594 4567 37899 2805 4610 7177 30344 43023 21626 31349 41486 6950 13502 45449 16992 13337 22823 47704 19519 42394 4946 43618 37513 35406 32019 47904 36130 41058 44836 49749 15233 6684 6265 2953 40372 40968 48894 49066 24108 46067 40809 5804 13179 33715 23940 8234 14363 34386 16774 20569 3005 25582 8978 18856 36087 28298 49118 32448 3903 49708 41366 7862 3948 24995 37985 770 23945 27282 2300 49073 25806 23987 41703 24794 37991 40522 22142 40387 34004 33934 25350 22776 9026 10341 5152 15886 21939 44952 15462 21134 47767 42525 23591 18535 1647 48004 39387 7516 12967 13349 34912 8511 20014 15048 36734 26484 2084 30342 3338 21555 42601 1862 25076 45611 10803 42133 5260 46702 35013 603 15467 20960 45063 10054 33875 33864 7181 2658 15390 5736 20334 42593 20547 5831 5659 33756 19335 38497 41412 5762 41371 697 16100 43276 18215 33161 21316 30062 14691 49509 46892 11106 46529 21046 49640 12676 40797 38598 4290 18780 14422 15675 13412 41883 13369 33343 11416 41961 43587 31029 25349 48665 9317 11968 2146 37476 6781 5113 35681 38942 39949 3339 34711 44413 15970 26202 49907 21255 10548 28711 504 27866 8946 41989 30665 9309 9162 47504 13376 17347 33489 19304 40056 27654 16094 28752 13595 6566 38273 37988 7291 18343 31748 1026 8119 11734 31601 20057 14289 14930 11594 6876 47235 3495 45298 14752 27474 14769 12079 23140 8491 12556 30492 43431 9712 43767 38591 16340 9999 9167 30935 1198 19825 25603 41791 29937 25518 10161 13360 13329 15541 45800 12456 33687 48035 29255 39090 32754 13534 17809 579 18435 17656 179 42753 32884 2955 11476 7114 43092 32456 9757 9188 36368 42719 36710 17069 4543 11045 47400 22745 17838 969 23678 46608 32444 10546 24031 439 38575 9647 22062 21378 5795 2893 43646 41554 25762 37240 19456 20306 47025 35436 21966 28191 1433 18931 12351 33537 35733 47769 46362 33961 49405 307 19006 48545 35086 17378 44096 44734 6822 36046 48305 47432 14803 21030 16825 31207 9901 36705 45417 13632 29990 49726 20896 185 5982 24927 23491 42663 666 30114 31741 7 29550 40560 46056 17186 27016 40207 11790 16296 28038 48491 19293 33509 29983 45632 5198 38650 34628 48518 33964 5656 4722 36632 34241 48477 36489 27850 45668 10581 38451 3105 32520 37424 3954 1384 42972 34702 7396 5427 49176 32013 7898 4378 16160 4914 1268 39826 29085 49721 21478 16503 20421 22050 9805 5011 14792 3649 47891 34727 36030 46951 21453 39069 44382 2789 20606 37339 29741 47426 17871 21553 49079 410 30843 6243 15193 14470 1328 9061 30948 46472 9535 25625 32809 16765 37741 46887 19375 47805 48668 21540 22363 45316 34484 25218 32633 26935 41783 17178 30960 6009 17493 24311 27653 33733 10144 16357 32140 23159 36818 12129 1744 15365 45681 6094 25752 34286 9118 49433 29734 26569 49400 42272 49858 13194 46373 41254 3514 722 49982 46396 34689 1723 35239 2052 5109 22271 23363 16179 46723 1754 45603 28922 1401 13929 24180 22842 47980 25843 36685 26394 33507 9793 49261 1779 27657 29316 3046 15829 25438 49208 4157 6085 34724 49189 25591 36693 26835 11460 15006 46242 26833 7092 22907 24342 4464 10296 40653 41236 4028 10131 26958 49537 5132 20886 3348 124 20720 19367 5711 45017 40107 1482 42030 23406 24846 27311 33886 35673 24524 9020 16102 43572 6257 45472 20786 14293 23714 33633 32958 28109 32078 9324 18427 34426 5247 187 14951 559 23238 44600 37727 466 44005 34077 15556 34329 8367 47344 18456 25243 23969 10768 23759 13812 7476 40587 47153 40021 34260 48869 5936 26498 43955 45493 36650 29033 21 7087 42636 29364 7427 8213 6621 9645 39730 21409 36903 367 25057 16091 2366 13233 5850 16471 20056 9928 27041 25103 15014 33623 46591 13197 38908 33869 5373 21918 29429 12219 11141 16068 13313 39080 15469 8885 41682 23077 20268 36304 19896 3307 682 25287 3032 8792 44601 7638 41443 35604 35533 42829 3136 21272 45313 29377 10 28231 6367 18716 34841 44229 31145 31982 20726 35290 31262 32668 45177 32833 41776 31255 49682 37242 1869 27157 35586 38761 12759 9074 27804 41201 43961 41713 39810 31552 39404 10887 16056 18580 33713 26238 6273 15383 32597 17372 32139 45882 1747 25096 40663 36058 6047 24321 34706 3957 3489 19786 22868 5826 29396 43738 8783 17427 664 11552 12621 41061 35748 8747 404 37335 19735 3503 39751 18354 43121 15849 943 12963 4080 3708 43778 23518 17040 35959 38209 16625 7932 49989 17787 2774 16817 31131 19099 30939 13026 16275 37404 42532 9223 44278 46902 49657 35935 519 43734 37887 28140 2287 22242 41872 9025 566 37142 37501 17332 33680 10132 19653 9246 41623 17162 32929 37706 12361 24653 22068 15512 42435 11531 2150 45731 37024 30700 41535 49390 24904 22211 46223 42750 29286 4786 17133 31519 4613 38412 38772 29574 41890 5203 48673 27166 2068 35147 30088 12784 35765 33309 16418 21630 12898 27470 38304 19760 21833 42269 8622 1286 21023 6631 2985 2210 35256 12362 27687 23050 8244 20610 46622 673 2972 10642 9764 40606 32693 46432 23838 39773 9339 28072 13948 32167 24847 37020 28270 5349 20497 27576 27590 26335 33204 28308 44273 26110 34627 29675 42174 782 19213 12226 39049 31975 47173 37166 27745 20078 28569 42954 18619 46793 19757 8079 45329 37992 24082 42705 40103 12690 2624 36355 20410 1621 12983 5538 17799 49601 29489 25873 9772 18169 15156 36068 22318 4315 32399 10987 42403 46999 42448 2877 46456 1809 30368 3115 2578 8682 8001 49119 22811 17103 18280 28528 10827 4811 33211 6187 2652 43594 27312 12687 28795 16953 6844 17310 24943 27774 23449 9913 49267 15637 23647 35844 30386 8689 982 23620 13472 4286 25206 44940 5424 26402 24758 22120 32233 16432 47397 7168 41441 16132 17168 31787 4667 17516 41844 38334 33989 34535 27937 4398 14686 28769 37558 36437 28600 48632 19340 48961 8432 38066 5650 27805 9751 19900 39944 32902 34371 9104 20054 31651 4076 7992 45503 25474 5830 20623 4073 12378 18685 37006 16530 7695 6102 15340 46566 44958 38022 7450 49310 42237 21373 49628 14146 44924 7278 25798 46029 23675 27513 42605 4238 29389 2245 10758 29050 3723 19248 22185 28831 23983 21721 14567 28372 7617 3317 23761 42978 36029 34408 43099 37724 25077 38851 20349 48947 18739 39063 15400 35304 26122 13735 28603 39953 49380 7958 18798 19717 48999 23105 373 1565 49544 20539 7037 30110 23663 48777 46641 10245 38786 7227 19087 17047 9746 15977 8586 37815 2141 47493 9373 21909 33918 31897 49880 2673 12873 10251 41402 48751 30234 40222 2670 35417 17425 33792 18252 20817 22411 40389 2106 39504 10715 41143 11508 32047 18040 25564 18154 2731 35926 26560 2403 31758 19554 35077 20004 24309 46922 13604 15263 7711 24997 31889 27646 19819 35295 21349 39723 33860 19338 3801 45820 651 39020 40165 25120 47285 9066 20254 36091 25888 45541 9195 32026 45357 42441 43809 24495 16360 14857 38266 28290 24678 45156 26430 46649 30444 32300 26824 19725 4944 30077 12622 20826 42129 43286 20511 6850 46846 19430 38468 10940 10947 16827 49913 46532 36336 6958 17719 11826 15435 3715 33195 5495 27523 32849 11853 38646 1476 44813 33740 9148 35777 49081 3575 33032 25208 32419 24784 26848 26649 40169 26678 41799 41532 33261 39981 45854 48585 31797 31868 35019 16560 3234 46921 9117 46142 7723 42301 30603 4313 44026 29367 47389 11855 29609 26639 27 20297 40176 45376 16623 19959 48959 12885 19232 19753 49113 8456 12153 8847 38647 29055 46017 41438 44004 48396 27273 24464 240 48246 8701 25317 31664 15247 10971 46635 17486 26127 43415 13207 20458 1031 27787 34108 43312 29292 13208 24212 9034 42248 27393 44148 43522 38337 41929 31060 19063 40570 31331 40465 32911 10013 26161 7075 11448 43936 20572 41495 48270 32737 24871 9611 28470 33535 17346 5691 47471 3744 18560 4016 7079 43322 20383 22552 48607 28207 17614 15378 10512 49414 43473 22376 48447 21037 6488 2715 14401 15355 18401 38806 15847 9554 34126 40646 44404 38149 37838 34151 37836 47437 22417 20935 39382 49604 24606 43731 45335 9628 38347 4382 4165 7508 16078 14245 8992 36400 21599 26109 47777 17177 690 32758 37382 25336 2721 43621 11390 34259 42869 7443 24689 12149 36295 39177 20424 18811 19242 31746 18293 45847 3547 20738 47610 37756 1617 37475 17558 46214 25961 31002 35018 3873 3530 22366 49436 21509 16502 44154 25321 36118 14498 39391 10558 16919 20915 33841 39659 41233 17632 27743 32446 30798 18290 15333 26548 27325 32748 42910 3529 36116 10859 4383 25562 3166 12131 44175 20305 44085 38963 18126 17766 23419 16818 16205 23040 40351 40439 48383 10162 37027 5655 17355 27931 31888 15421 39317 5673 36115 19950 5474 32256 24626 1835 535 30733 47118 14049 42742 18711 37414 9063 36838 23936 21237 44983 10745 18545 3556 23217 43712 22305 18484 944 6158 28227 41845 22301 15702 48294 11435 2188 49932 22133 49883 14941 10330 27797 14952 48117 31964 41837 11685 16315 35440 507 7776 38531 4783 2353 41176 10458 37470 36498 15500 24007 47111 42038 36660 25797 49185 5367 40136 12855 35982 46858 11558 43353 38109 19951 13675 22827 26967 15927 40037 11591 25629 41155 24176 23510 23388 16059 36770 43616 14993 29287 17277 9322 24743 43948 24748 12479 8916 48796 24420 18728 22599 29703 28925 21186 20792 35644 38799 25735 35893 32380 27231 17902 39420 8918 48863 10432 1981 49629 33682 20483 13682 39225 11444 20810 33571 25716 13978 23234 1994 46642 40958 41477 3205 42851 14325 2317 33124 35311 25538 20902 32590 17395 42722 14713 9183 2874 49074 1105 16034 30033 44817 15920 30357 31026 40395 37638 43026 44364 27023 33265 14281 44316 44181 32183 20684 14854 31364 4408 3380 28505 35845 35335 21220 28134 34026 43089 1450 49678 49824 40826 47225 24787 37062 14918 49182 42582 35114 35813 42048 28480 5517 33449 17191 48381 40707 45762 48225 46720 728 25109 26444 47101 18362 4885 14271 6883 21644 30781 37532 48735 5168 36655 34561 26360 33614 12176 37001 31839 20010 24293 153 14860 14908 174 44911 36474 3821 16363 25877 5122 47580 14570 25953 36820 35262 13608 7619 16770 38275 17597 22645 30828 21301 45251 31164 36516 26308 47103 10774 8719 5748 6075 13429 1304 9834 8850 42076 20192 40518 1101 915 39600 20146 15489 22910 14643 26839 31190 29559 34039 47861 29576 18881 49388 40159 9511 37615 5 19186 17753 2611 46993 17498 985 38429 13861 49335 22400 6859 16971 15220 31477 16184 22697 9058 4006 18469 571 49929 43822 32292 8168 48699 26106 7462 22067 37800 35858 22032 30281 39426 28055 17536 43065 43383 40537 2485 4831 41148 15808 36629 11829 8557 45243 2612 11684 30962 35074 21440 17132 8362 11878 37095 3982 4873 2971 8105 19300 30441 11169 2114 49375 49906 2787 23133 10012 10799 27187 38495 48965 4808 9242 41144 1292 41591 32752 10604 8903 851 10440 47725 31554 35859 5758 22591 27878 27048 12396 5774 18531 13070 30832 47687 25356 38826 540 4850 32059 22736 45471 31881 22871 44945 27342 20340 35786 20282 27895 26051 34103 2682 15910 31036 34715 19319 18132 31884 677 5311 15230 49174 39493 250 18710 48547 18157 28990 42074 3389 18736 2182 44533 44745 2133 37316 23667 10072 23481 2238 44029 19148 24522 18819 12579 22035 14907 16308 37810 11502 46007 9170 9917 14565 21335 1215 19688 47198 44933 16157 42989 24510 2970 40914 191 8993 43719 27219 38450 7052 45191 43706 31941 13564 2932 13402 21962 19124 45491 33506 4061 7698 41111 49725 13909 31180 13823 15960 3749 38491 24611 758 1303 49516 41045 6846 41000 9550 25338 29750 47380 15763 8565 43412 27036 5576 14684 11922 39423 37 31037 5494 27835 9106 6012 25161 38656 36726 20009 9674 26261 27993 41056 40162 17431 40272 31867 46935 27290 13529 37952 6996 18803 6839 35109 34667 14615 17764 23042 101 43530 28387 12368 46460 21783 19773 14251 45656 37081 42388 44563 21935 47581 42802 35134 39282 28483 527 25525 25053 21158 29442 31736 19453 37997 43700 49977 43927 34619 1844 27432 9289 22435 18267 31743 23710 48414 47087 36543 33486 26440 906 15056 32507 18917 17031 19520 33946 13531 29600 32904 33691 13121 21492 16988 22888 41408 48290 45140 16116 44319 5269 7027 11059 2055 24850 37921 43628 42465 38583 27028 2573 38614 46198 335 40048 31445 24444 16881 9103 14695 22935 1077 23011 15146 31457 29680 18752 23892 3051 47921 2190 44713 37832 14345 47357 47541 19598 8686 38599 9155 41811 24898 15494 26579 46672 25840 48794 7432 31930 451 3554 16038 46370 25639 4871 19122 18326 31954 11992 3438 46497 24980 2531 7567 3192 12302 18007 29475 36701 2898 5567 9226 37165 18653 9333 15828 10505 11596 6244 22740 37215 30536 47032 30153 17665 48265 22916 37561 2676 5847 32105 44476 6328 25926 39613 19607 21743 34771 30230 3510 21894 31284 28660 1714 12783 16735 16945 49471 41213 47625 31213 15648 2743 45906 34209 9960 10843 11157 42760 11892 885 1850 5147 29503 4834 23336 21979 41265 31933 10357 35987 11117 39197 40759 12071 23432 30167 31025 6831 42942 29632 33646 2305 8425 49965 9643 5444 28181 36007 32866 3962 24635 204 47164 29928 45211 22387 34501 24257 15412 29167 13397 7778 11694 30165 48843 25460 34272 8287 14549 30126 43595 20777 7026 8126 12729 2303 45367 6098 21256 36394 41139 16933 9687 9306 24120 40337 13444 38099 25395 48687 23206 26622 37273 37598 1674 48551 6501 12637 7685 16620 5575 31426 49168 26168 27551 435 35515 26538 40533 40997 22998 14619 19630 40346 45860 32755 29527 11073 14255 42782 11697 49252 32041 33170 39276 34492 1743 15121 5003 28152 15442 44398 30730 45233 32658 5352 45796 40011 17543 47035 47637 14121 26527 15813 29968 37933 31768 33525 25291 45483 28179 43747 22839 33906 26343 20327 6186 43893 49836 88 17917 45885 27059 47567 49281 22638 5016 34227 5170 43740 36166 25531 24053 3659 28923 42478 28944 7246 32268 7850 48494 23934 45659 6147 2854 24549 30698 39636 39946 616 19693 44065 4555 44351 2861 2001 48316 8355 17581 22709 1904 31547 17471 20486 16822 49687 12355 5370 41473 43982 564 37995 38364 33162 3977 24823 33353 31662 17676 38063 38519 49256 48279 11651 31124 43304 19762 35026 4270 27985 8942 12224 26591 9954 26631 7513 34120 7206 27815 11524 41395 26568 16005 43565 25314 36169 37721 13491 4934 14460 4135 12606 17188 21789 42916 736 13868 27362 39778 19905 5815 26157 44753 47521 4766 26931 18984 370 45932 43673 19255 19461 9810 396 15670 25351 21473 25452 31188 34801 17294 44437 44479 26059 38641 30390 4046 10562 46992 870 35594 19043 33618 2940 27498 23031 7398 11250 26401 2232 24057 27451 39300 20456 35523 7819 48052 3415 42384 16465 14572 35757 6787 49012 36289 33611 22256 47791 44117 22378 14350 9281 35029 24135 30180 46401 2758 6216 43369 14130 3832 40279 13154 40492 25774 14747 49587 12365 24319 28643 23629 4655 28502 48248 31745 1740 41481 3789 35911 47091 46212 21647 37129 43403 49248 31912 2099 47499 46791 43475 16776 27300 38830 23379 37489 15660 38097 14201 43300 47802 28047 45465 21319 39604 23503 6214 21917 21326 2129 2007 26868 32824 26810 30540 39216 24881 42764 12334 24724 33348 48228 47366 47010 14008 5137 32285 21012 12486 30727 24189 5406 13638 833 30407 28695 49450 11687 4636 6715 10095 45252 37566 21252 3623 34521 10116 14023 41807 33306 1655 7184 14471 5368 34931 43935 43268 2213 14373 41193 27440 6890 26448 1690 5557 8985 22132 37531 25838 33469 38404 30085 14634 29100 6924 45094 43150 10049 38735 15582 8793 15609 5512 44168 16459 19625 35946 20291 29310 3319 43337 26725 25190 2780 31876 45294 44166 39867 7224 37929 43127 46268 46186 18416 46553 4551 22205 14761 38141 45365 38897 1455 327 9745 10556 47066 324 34750 67 5626 20912 9997 43284 43969 8136 48963 41782 9448 2426 27437 24864 29679 20563 45551 35857 480 9887 31392 4957 30067 19663 34149 25065 11246 31613 37698 888 16722 42246 36097 20111 109 8518 44517 6420 10230 42594 19829 14884 14495 10717 46009 12701 29028 38470 36093 17634 29702 501 48990 7831 39824 3755 17702 48618 46558 12136 29545 48168 35190 21926 5622 45386 18088 8691 43059 24215 48877 34278 40145 12996 11316 4493 42565 22102 41428 8775 19549 35805 17743 32813 4433 43482 6709 10352 45898 19464 44266 12964 49981 46097 23184 13530 25026 26800 40767 24882 5663 18137 49916 16125 35993 27220 37178 42784 48615 18101 3760 41608 22920 1985 10416 37260 28893 43558 31585 18166 49877 46832 32346 41476 17528 24404 31345 19394 1645 20964 19943 35635 5922 40363 33493 6695 22279 29470 19356 43830 42109 4009 18901 5443 36680 5606 20006 23984 15334 32261 6739 4763 32536 40466 37980 29834 44451 41470 27899 30041 38546 11137 7907 39794 544 11446 8573 17309 24239 48604 31471 36021 10867 34825 3218 10322 46000 3987 22620 40863 22603 7623 1552 38521 17200 22261 44925 33466 1767 4995 25295 25028 949 6250 49882 21959 35223 27852 6544 11230 14827 46834 25327 19231 3006 6190 4309 15733 36565 43058 5905 49704 46970 43405 15431 26619 30752 562 30170 36236 41997 24583 44377 9017 3044 20242 21960 16026 13117 12279 27624 14986 26355
102 7
13436 20728 48960 27295 9933 8495 1 28741 30786 4534 23337 33119 16246 1063 26200 28245 10916 14832 45548 37660 20328 14397 22706 2974 12372 41565 15804 43125 23737 18223 36051 47477 35600 5505 29659 40117 24283 6498 18749 16736 21781 31639 40536 24816 1489 38163 41011 36544 15337 45053 11942 42545 44084 30162 6965 37036 34245 17723 46979 25665 39029 49511 518 27784 7882 32664 17271 11376 2393 12892 45961 19366 8864 35133 39693 38632 29209 32212 3531 50000 4976 3896 46534 10297 41993 48428 19790 31197 13873 26747 22298 2034 44553 43539 21337 9401 5863 33657 48118 34616 7449 25265
574 103
3017 204 208 928 221 228 232 238 241 1769 251 254 264 266 269 270 280 2199 296 303 311 316 325 334 338 339 2887 354 359 364 367 729 380 390 1861 402 654 407 408 409 1423 2349 426 430 439 441 443 445 3018 454 456 461 467 476 486 491 929 500 506 509 511 515 524 526 531 535 543 553 560 562 572 581 585 590 597 602 604 610 613 618 2135 625 630 637 645 404 659 666 670 2657 677 686 1050 695 1080 701 710 720 725 726 375 2148 731 999 736 738 744 750 756 763 766 767 770 771 773 777 785 789 797 804 806 1646 814 824 834 1636 1764 844 1138 858 859 864 1734 868 876 879 889 893 899 903 909 912 918 214 497 935 944 949 953 697 968 970 980 990 997 735 1008 1012 1013 1023 1025 1035 1040 1041 690 1060 1070 1075 958 1088 1090 1097 1105 1110 2267 1125 1135 850 1147 1577 1159 1163 1164 1244 1177 1181 1188 1190 1192 1194 1202 1209 1216 1218 1220 1225 1234 1242 1167 1248 1249 1252 1255 1258 1266 1270 1273 1277 1280 1281 1287 1293 1301 1309 1338 1792 1318 1322 1332 1333 1334 1336 1310 1340 1348 1351 1357 1359 1360 1369 1373 1383 1385 1389 1396 1404 1407 1414 1416 416 1429 1432 1435 1443 1450 1458 1459 1465 2995 1478 1483 2945 1493 1498 1508 1511 1518 1520 1521 1526 1536 1545 1551 3004 1784 1567 1576 1155 1578 1582 1587 1591 1598 2548 2478 1611 1614 1616 1621 1626 835 1642 813 1649 1653 1660 1879 2751 2513 1681 1689 1696 1699 1703 1710 1711 1713 1715 1720 1729 2309 1740 1742 1751 1755 2877 246 1771 1778 1557 2166 1317 1802 1806 1815 1816 1825 1832 1835 1842 1843 1849 1855 398 1869 1871 2312 1669 1880 1884 1886 1891 2029 1906 1908 1959 1912 1922 1931 1933 1672 1950 1952 1909 1963 1964 1973 1979 1987 1996 2005 2011 2014 2018 3163 3113 2036 2044 2045 2049 2611 2063 2064 2069 2079 2082 2086 2087 2088 2094 2102 2103 2113 2122 2130 620 2141 2147 730 2151 2161 1788 3067 2176 2184 2193 287 2208 2213 2219 2226 2229 2234 2237 2242 2250 2255 2258 2261 2870 1118 2269 2275 2277 2283 2286 2293 2298 2305 866 2532 1874 2319 2329 2333 2342 418 2356 2361 2366 2371 2374 2380 2383 2389 2398 2405 2410 2419 2426 2434 2435 2443 3185 2458 2463 2470 2473 2475 2477 1605 2487 2495 2501 2503 2790 1675 2519 2525 2310 2541 2850 2552 2561 2961 2566 2570 2571 2577 2585 2588 2592 2602 2605 2054 2620 2624 2631 2635 2643 2023 2648 674 2664 2674 2681 2683 2690 2695 2703 2704 2706 2709 2713 2716 2725 2731 2733 2742 2747 1943 2756 2766 2776 2782 2785 2504 2797 2800 2805 2814 2821 2824 2830 2835 2837 2841 2848 1604 2858 2860 2265 839 2882 346 2889 2898 2903 2907 2911 2919 2926 2929 2930 2937 2939 1486 2948 2950 2955 2564 2964 2971 2974 2982 2987 1470 2997 2998 3003 1553 3007 196 448 3028 3031 3039 3045 3050 3058 2169 3076 3085 3088 3089 3090 3095 3103 3104 3112 1901 3120 3130 3139 3149 3152 3154 2647 3165 3175 2449 3194 3196 3205
900 89
59 61 67 522 86 89 91 101 109 119 129 139 149 159 164 174 176 186 190 1481 2630 4688 2106 220 226 228 231 310 237 238 245 254 255 260 270 276 285 290 299 557 234 312 317 319 322 328 334 337 342 346 350 360 365 369 378 1359 387 1106 401 406 415 421 431 432 578 442 443 953 1418 4963 468 472 477 482 492 495 505 507 3776 512 513 1665 527 528 531 532 539 824 555 303 5046 752 568 571 576 438 583 586 587 590 591 593 603 609 1355 4855 628 633 640 3761 4371 661 671 680 688 698 705 712 721 731 739 747 749 562 757 760 763 770 775 778 5006 3633 792 801 809 811 819 2875 2585 834 836 842 852 856 861 4895 872 880 889 894 899 900 909 1909 1315 928 938 2761 1398 444 3428 965 975 979 987 991 996 4409 1013 4777 1020 1017 1032 1041 1047 1084 1060 1061 1068 2603 1075 1052 1091 1100 397 1109 1119 1127 1517 1142 4759 1151 1154 4005 1167 1176 1181 1788 1192 1201 1202 1212 1220 1230 1235 1240 1242 1250 1251 1256 1261 1269 1270 1274 1284 2770 1291 1292 1297 1307 3169 4974 1333 1338 4984 1352 613 1356 382 1364 1371 1380 1390 952 1400 1404 1411 2809 449 1842 1430 1432 1439 1445 1451 1460 1467 1468 1475 194 1482 1492 1497 4839 1514 1136 1518 1520 1522 1530 1535 1537 1544 1550 1557 1564 4331 1583 1586 1587 1597 1606 1608 1610 2524 1622 1632 1639 1640 1645 3517 4187 1661 76 1671 1678 1681 1687 1690 1697 1700 1701 4913 1709 1715 1722 1727 1733 1740 2107 1749 1758 1762 1763 1767 3495 5086 1781 1787 1190 1793 1800 1809 1811 1820 1823 1830 1833 1839 1841 4656 1843 1848 1856 1865 1873 1876 1885 1894 1899 1906 917 1914 1920 1923 1927 1934 1939 1941 1950 1958 1959 1968 4950 1985 1995 2001 2008 2009 3914 2018 2028 2034 2036 2045 5134 2055 2060 2061 2070 2074 2076 2081 2086 2096 2097 2102 212 2450 2113 2116 2118 2128 2129 2133 2140 2142 2149 2154 2156 2158 2161 2170 2177 2184 2187 2197 2201 2209 2219 2221 2231 2237 2238 2241 2242 2246 4921 2255 2257 2263 2272 2277 2280 2284 2288 2297 2301 2251 2312 2315 3784 2324 2331 2340 2341 2347 2353 2361 2367 2377 2387 2397 2403 2406 2415 2420 2428 2435 2443 1745 2453 4848 2468 2475 2484 2487 2489 2492 2498 2499 2509 2511 2516 1618 2529 4819 2543 2550 2557 2560 4882 2572 2577 828 2590 2594 2602 1071 2611 2617 2626 204 2634 2643 2644 2649 2656 2663 2673 2683 2693 2702 2704 622 2717 2726 2730 2731 2737 3669 2751 3095 1288 2777 2786 2792 2800 2808 4515 2817 2827 2828 2830 2835 2843 4982 2854 2861 2862 2866 2867 2868 546 2877 2883 2890 2893 2903 4407 2922 2929 2930 3738 2943 2948 2955 2959 2968 2972 2982 2991 3643 4258 4322 3006 3016 3020 3023 3030 3031 3039 3041 3051 3061 3063 3069 3072 3079 3083 3091 948 3098 3103 3111 3120 3127 3134 3141 3147 5160 3156 2845 3164 926 3179 3188 3196 3206 3215 3225 3234 3238 3242 3247 3248 3250 3251 3257 3264 3274 3282 3292 3295 3297 3303 3307 3309 3316 3317 3325 3335 3340 3350 3357 3360 3361 3367 3374 3379 3387 3391 3396 3401 3411 3413 3417 3427 959 3476 3444 3454 3456 3459 3468 3470 3436 3486 1768 3502 3509 3514 1649 3521 3523 3533 3537 1005 3551 3552 3553 3554 3556 3563 4842 3576 3586 3593 3599 3600 3604 3611 3617 3624 790 4304 3652 3654 3659 2745 3675 3678 3688 3690 3691 3692 3701 3711 3719 3728 4966 3746 3756 3760 649 3768 510 2534 2320 3790 3792 3800 3804 3807 3808 3812 2462 3822 3832 3842 3849 3854 3855 3861 3871 3881 3887 3895 3898 3904 2011 3921 3930 3932 3936 3942 3944 3954 3957 3959 3968 3972 3976 3982 3988 3993 3998 1160 4006 4013 4023 4031 4041 4046 4055 4064 4070 4071 4074 4083 4088 4090 4096 4104 4107 4116 4120 4122 4124 4130 4133 4139 4457 4145 4148 4150 4151 4161 4165 4171 4176 4185 1653 4191 4199 4204 4205 4210 4220 4226 4230 4238 4240 4249 4255 4256 2996 4268 4277 4278 4280 4286 4295 2993 4312 4320 3002 1574 4341 4342 4349 4359 4367 651 4375 4385 4390 4398 2913 3543 4419 5116 4433 4440 4441 4445 4450 4144 4463 4471 4478 4484 4486 4492 4493 4494 4499 4503 4509 4513 1412 4523 4533 4540 4550 4556 4566 4576 4585 4587 4595 4604 4607 4612 4622 4631 4640 4645 4647 4648 1428 4660 4662 4671 4680 205 4693 4697 4699 4707 4717 4726 4736 4737 4738 4748 4751 1147 4765 4775 1030 4784 4785 4791 4799 4809 3780 4820 4830 1505 3573 3813 5073 4864 4871 4878 2567 4888 4890 870 4898 4908 1706 2303 4927 4930 4940 1975 4953 4958 459 2938 1324 4975 4977 3159 4983 1346 4990 4991 4998 5037 788 5009 5019 5029 5003 559 5052 5058 5068 2713 5074 5078 1774 5092 5098 5106 4427 5122 5125 2054 5139 5148 5150 5153 5155 3153 5162 5171
213 153
37053 25279 25320 12019 15822 15736 37060 12045 15797 24221 12058 15739 37095 24184 24219 24259 12051 15794 12053 24186 15799 37031 15731 12005 37084 12020 12022 12067 24206 15829 12060 24237 37033 37093 12043 15753 15757 37046 37082 24187 24173 15811 11990 15812 12082 25326 24180 15742 37051 15815 12049 15813 25308 11989 11996 24260 15766 12033 24166 37056 24208 15744 15801 37044 15750 37063 12083 15740 37061 15734 15754 15796 15830 12030 15777 12063 12027 15828 15773 15827 15802 37023 37062 15788 25251 25306 25259 24254 15819 24193 15806 12073 15738 24229 24256 25243 24188 12018 15765 12028 12003 37067 12037 24238 25286 37097 15791 12039 24249 25318 24190 25270 15817 12015 24174 15747 11995 25248 25281 24210 15776 12001 15763 15743 15789 37012 24170 15752 15735 12074 24179 24232 15792 15769 15808 15749 12086 15737 24194 12062 15756 12069 24247 37008 24214 37011 24218 15826 24252 15785 24224 12032 15768 12046 12010 37007 12050 12048 25252 37045 12024 15732 37106 12085 12004 24228 12006 12042 37028 11992 37059 24204 37039 15810 25234 15770 12087 24202 12061 12052 15820 24185 24213 11998 12047 12044 15774 24231 12059 25300 15821 25290 25282 24171 37081 15804 12002 24216 37018 24243 25283 24167 12080 37069 15795 15800 24255 24197 15741 12079 12040 12084 12036
464 9
234 235 237 243 246 254 258 259 267 276 280 1619 2608 657 296 301 302 338 320 329 337 310 345 347 351 354 361 366 1606 376 377 386 395 1326 1685 420 1515 879 437 438 441 443 1035 452 460 815 467 470 2138 472 477 482 483 488 855 503 506 509 514 524 532 2102 550 1160 560 561 1105 570 997 588 597 599 2304 613 623 627 635 642 646 647 648 652 286 666 2262 1070 1395 700 1527 703 710 715 724 2443 735 736 740 746 749 759 1031 774 776 777 781 2358 788 798 800 806 2405 824 826 835 1447 841 842 846 1910 863 865 871 2324 886 895 899 909 913 2071 924 927 928 938 948 953 961 966 967 973 1978 982 991 995 1683 998 1006 1007 1014 1024 1029 767 1034 445 1041 1050 1052 1062 684 1078 1080 1082 1087 1096 2594 569 1108 1116 1503 1128 1130 1135 1143 1150 553 1164 1168 1169 1179 1182 1187 1192 1200 1201 1211 1212 1216 1225 1422 1230 1234 1239 1247 1253 1261 2585 1276 1278 1286 1296 1298 1307 1312 1376 1320 1324 404 1327 1329 1332 1333 1338 1357 1351 1352 1525 1358 1361 1364 1366 1367 1318 1385 1386 1394 693 1401 1411 1421 1867 1431 1435 1439 839 1452 1459 1463 1468 1476 1479 1484 1494 1123 1512 425 1344 1526 701 2511 1534 1535 1540 1541 1544 1550 1557 1566 1575 1580 1585 1592 1597 1598 375 1611 2194 1622 1630 1636 1644 1653 1655 1659 1661 1662 1671 1679 579 410 1688 1697 1703 1706 1707 1717 1722 1727 1730 1738 1747 1750 1758 1767 1769 1772 1903 1783 1785 1789 1795 1804 1814 1817 1821 1826 1835 1836 1841 1845 1849 1858 1860 1226 1868 1877 1882 1892 1897 1779 493 2647 1926 1930 1935 1939 1943 1951 1955 1957 1962 1970 1973 981 1981 1989 1994 2000 2004 2009 2011 2021 2031 2038 2393 2054 2057 2066 916 2078 2081 2083 2088 2092 2098 540 2112 2119 2122 2123 2124 2128 471 2140 2148 2153 2154 2161 2163 2164 2173 2180 2181 2187 284 2195 2200 2205 2209 2219 2222 2227 2234 2239 2243 2252 2720 674 2269 2276 2284 2288 2290 2293 2298 2302 607 2314 429 2334 2339 2349 785 2364 2371 2380 2383 2048 2402 461 2406 2407 2411 2412 2416 2426 2433 2441 725 2448 2449 2450 2452 2460 2463 2471 2476 2482 2491 2497 2505 2506 1530 2519 2529 2535 2539 2540 2547 2555 2559 2568 2576 2578 1271 1097 2603 285 2618 2626 2631 2634 2638 1920 2654 2664 2667 2675 2682 2687 2695 2703 2707 2714 2719 2254
120 105
15131 40304 22648 40251 42389 40253 15117 39169 42376 39155 15045 42393 15119 15058 22605 39138 42378 22644 42404 39180 42330 42366 42353 40309 22620 42336 40320 15095 22672 40267 42321 39142 22647 40270 22592 39149 22577 39211 22613 40234 42398 40327 15127 39225 40297 40239 15105 39210 22602 39141 40315 15081 22636 15056 40271 40266 15102 22643 39216 15076 40311 40262 39177 15046 39182 39159 40282 22641 22601 39158 39190 42402 22667 39212 42374 39166 22618 15073 22666 15040 22674 22600 22599 22635 39131 39194 42370 15100 42326 39167 15099 15084 15096 39170 39171 39185 15115 39214 40260 42360 42331 39187 42322 39134 15110 42337 40322 22637 22633 40288 40326 40328 42396 39197 22626 42382 42335 42357 15039 39162
30000 5000
1 2 3 4 5 6 7 8 9 10 11 12 13 14 15 16 17 18 19 20 21 22 23 24 25 26 27 28 29 30 31 32 33 34 35 36 37 38 39 40 41 42 43 44 45 46 47 48 49 50 51 52 53 54 55 56 57 58 59 60 61 62 63 64 65 66 67 68 69 70 71 72 73 74 75 76 77 78 79 80 81 82 83 84 85 86 87 88 89 90 91 92 93 94 95 96 97 98 99 100 101 102 103 104 105 106 107 108 109 110 111 112 113 114 115 116 117 118 119 120 121 122 123 124 125 126 127 128 129 130 131 132 133 134 135 136 137 138 139 140 141 142 143 144 145 146 147 148 149 150 151 152 153 154 155 156 157 158 159 160 161 162 163 164 165 166 167 168 169 170 171 172 173 174 175 176 177 178 179 180 181 182 183 184 185 186 187 188 189 190 191 192 193 194 195 196 197 198 199 200 201 202 203 204 205 206 207 208 209 210 211 212 213 214 215 216 217 218 219 220 221 222 223 224 225 226 227 228 229 230 231 232 233 234 235 236 237 238 239 240 241 242 243 244 245 246 247 248 249 250 251 252 253 254 255 256 257 258 259 260 261 262 263 264 265 266 267 268 269 270 271 272 273 274 275 276 277 278 279 280 281 282 283 284 285 286 287 288 289 290 291 292 293 294 295 296 297 298 299 300 301 302 303 304 305 306 307 308 309 310 311 312 313 314 315 316 317 318 319 320 321 322 323 324 325 326 327 328 329 330 331 332 333 334 335 336 337 338 339 340 341 342 343 344 345 346 347 348 349 350 351 352 353 354 355 356 357 358 359 360 361 362 363 364 365 366 367 368 369 370 371 372 373 374 375 376 377 378 379 380 381 382 383 384 385 386 387 388 389 390 391 392 393 394 395 396 397 398 399 400 401 402 403 404 405 406 407 408 409 410 411 412 413 414 415 416 417 418 419 420 421 422 423 424 425 426 427 428 429 430 431 432 433 434 435 436 437 438 439 440 441 442 443 444 445 446 447 448 449 450 451 452 453 454 455 456 457 458 459 460 461 462 463 464 465 466 467 468 469 470 471 472 473 474 475 476 477 478 479 480 481 482 483 484 485 486 487 488 489 490 491 492 493 494 495 496 497 498 499 500 501 502 503 504 505 506 507 508 509 510 511 512 513 514 515 516 517 518 519 520 521 522 523 524 525 526 527 528 529 530 531 532 533 534 535 536 537 538 539 540 541 542 543 544 545 546 547 548 549 550 551 552 553 554 555 556 557 558 559 560 561 562 563 564 565 566 567 568 569 570 571 572 573 574 575 576 577 578 579 580 581 582 583 584 585 586 587 588 589 590 591 592 593 594 595 596 597 598 599 600 601 602 603 604 605 606 607 608 609 610 611 612 613 614 615 616 617 618 619 620 621 622 623 624 625 626 627 628 629 630 631 632 633 634 635 636 637 638 639 640 641 642 643 644 645 646 647 648 649 650 651 652 653 654 655 656 657 658 659 660 661 662 663 664 665 666 667 668 669 670 671 672 673 674 675 676 677 678 679 680 681 682 683 684 685 686 687 688 689 690 691 692 693 694 695 696 697 698 699 700 701 702 703 704 705 706 707 708 709 710 711 712 713 714 715 716 717 718 719 720 721 722 723 724 725 726 727 728 729 730 731 732 733 734 735 736 737 738 739 740 741 742 743 744 745 746 747 748 749 750 751 752 753 754 755 756 757 758 759 760 761 762 763 764 765 766 767 768 769 770 771 772 773 774 775 776 777 778 779 780 781 782 783 784 785 786 787 788 789 790 791 792 793 794 795 796 797 798 799 800 801 802 803 804 805 806 807 808 809 810 811 812 813 814 815 816 817 818 819 820 821 822 823 824 825 826 827 828 829 830 831 832 833 834 835 836 837 838 839 840 841 842 843 844 845 846 847 848 849 850 851 852 853 854 855 856 857 858 859 860 861 862 863 864 865 866 867 868 869 870 871 872 873 874 875 876 877 878 879 880 881 882 883 884 885 886 887 888 889 890 891 892 893 894 895 896 897 898 899 900 901 902 903 904 905 906 907 908 909 910 911 912 913 914 915 916 917 918 919 920 921 922 923 924 925 926 927 928 929 930 931 932 933 934 935 936 937 938 939 940 941 942 943 944 945 946 947 948 949 950 951 952 953 954 955 956 957 958 959 960 961 962 963 964 965 966 967 968 969 970 971 972 973 974 975 976 977 978 979 980 981 982 983 984 985 986 987 988 989 990 991 992 993 994 995 996 997 998 999 1000 1001 1002 1003 1004 1005 1006 1007 1008 1009 1010 1011 1012 1013 1014 1015 1016 1017 1018 1019 1020 1021 1022 1023 1024 1025 1026 1027 1028 1029 1030 1031 1032 1033 1034 1035 1036 1037 1038 1039 1040 1041 1042 1043 1044 1045 1046 1047 1048 1049 1050 1051 1052 1053 1054 1055 1056 1057 1058 1059 1060 1061 1062 1063 1064 1065 1066 1067 1068 1069 1070 1071 1072 1073 1074 1075 1076 1077 1078 1079 1080 1081 1082 1083 1084 1085 1086 1087 1088 1089 1090 1091 1092 1093 1094 1095 1096 1097 1098 1099 1100 1101 1102 1103 1104 1105 1106 1107 1108 1109 1110 1111 1112 1113 1114 1115 1116 1117 1118 1119 1120 1121 1122 1123 1124 1125 1126 1127 1128 1129 1130 1131 1132 1133 1134 1135 1136 1137 1138 1139 1140 1141 1142 1143 1144 1145 1146 1147 1148 1149 1150 1151 1152 1153 1154 1155 1156 1157 1158 1159 1160 1161 1162 1163 1164 1165 1166 1167 1168 1169 1170 1171 1172 1173 1174 1175 1176 1177 1178 1179 1180 1181 1182 1183 1184 1185 1186 1187 1188 1189 1190 1191 1192 1193 1194 1195 1196 1197 1198 1199 1200 1201 1202 1203 1204 1205 1206 1207 1208 1209 1210 1211 1212 1213 1214 1215 1216 1217 1218 1219 1220 1221 1222 1223 1224 1225 1226 1227 1228 1229 1230 1231 1232 1233 1234 1235 1236 1237 1238 1239 1240 1241 1242 1243 1244 1245 1246 1247 1248 1249 1250 1251 1252 1253 1254 1255 1256 1257 1258 1259 1260 1261 1262 1263 1264 1265 1266 1267 1268 1269 1270 1271 1272 1273 1274 1275 1276 1277 1278 1279 1280 1281 1282 1283 1284 1285 1286 1287 1288 1289 1290 1291 1292 1293 1294 1295 1296 1297 1298 1299 1300 1301 1302 1303 1304 1305 1306 1307 1308 1309 1310 1311 1312 1313 1314 1315 1316 1317 1318 1319 1320 1321 1322 1323 1324 1325 1326 1327 1328 1329 1330 1331 1332 1333 1334 1335 1336 1337 1338 1339 1340 1341 1342 1343 1344 1345 1346 1347 1348 1349 1350 1351 1352 1353 1354 1355 1356 1357 1358 1359 1360 1361 1362 1363 1364 1365 1366 1367 1368 1369 1370 1371 1372 1373 1374 1375 1376 1377 1378 1379 1380 1381 1382 1383 1384 1385 1386 1387 1388 1389 1390 1391 1392 1393 1394 1395 1396 1397 1398 1399 1400 1401 1402 1403 1404 1405 1406 1407 1408 1409 1410 1411 1412 1413 1414 1415 1416 1417 1418 1419 1420 1421 1422 1423 1424 1425 1426 1427 1428 1429 1430 1431 1432 1433 1434 1435 1436 1437 1438 1439 1440 1441 1442 1443 1444 1445 1446 1447 1448 1449 1450 1451 1452 1453 1454 1455 1456 1457 1458 1459 1460 1461 1462 1463 1464 1465 1466 1467 1468 1469 1470 1471 1472 1473 1474 1475 1476 1477 1478 1479 1480 1481 1482 1483 1484 1485 1486 1487 1488 1489 1490 1491 1492 1493 1494 1495 1496 1497 1498 1499 1500 1501 1502 1503 1504 1505 1506 1507 1508 1509 1510 1511 1512 1513 1514 1515 1516 1517 1518 1519 1520 1521 1522 1523 1524 1525 1526 1527 1528 1529 1530 1531 1532 1533 1534 1535 1536 1537 1538 1539 1540 1541 1542 1543 1544 1545 1546 1547 1548 1549 1550 1551 1552 1553 1554 1555 1556 1557 1558 1559 1560 1561 1562 1563 1564 1565 1566 1567 1568 1569 1570 1571 1572 1573 1574 1575 1576 1577 1578 1579 1580 1581 1582 1583 1584 1585 1586 1587 1588 1589 1590 1591 1592 1593 1594 1595 1596 1597 1598 1599 1600 1601 1602 1603 1604 1605 1606 1607 1608 1609 1610 1611 1612 1613 1614 1615 1616 1617 1618 1619 1620 1621 1622 1623 1624 1625 1626 1627 1628 1629 1630 1631 1632 1633 1634 1635 1636 1637 1638 1639 1640 1641 1642 1643 1644 1645 1646 1647 1648 1649 1650 1651 1652 1653 1654 1655 1656 1657 1658 1659 1660 1661 1662 1663 1664 1665 1666 1667 1668 1669 1670 1671 1672 1673 1674 1675 1676 1677 1678 1679 1680 1681 1682 1683 1684 1685 1686 1687 1688 1689 1690 1691 1692 1693 1694 1695 1696 1697 1698 1699 1700 1701 1702 1703 1704 1705 1706 1707 1708 1709 1710 1711 1712 1713 1714 1715 1716 1717 1718 1719 1720 1721 1722 1723 1724 1725 1726 1727 1728 1729 1730 1731 1732 1733 1734 1735 1736 1737 1738 1739 1740 1741 1742 1743 1744 1745 1746 1747 1748 1749 1750 1751 1752 1753 1754 1755 1756 1757 1758 1759 1760 1761 1762 1763 1764 1765 1766 1767 1768 1769 1770 1771 1772 1773 1774 1775 1776 1777 1778 1779 1780 1781 1782 1783 1784 1785 1786 1787 1788 1789 1790 1791 1792 1793 1794 1795 1796 1797 1798 1799 1800 1801 1802 1803 1804 1805 1806 1807 1808 1809 1810 1811 1812 1813 1814 1815 1816 1817 1818 1819 1820 1821 1822 1823 1824 1825 1826 1827 1828 1829 1830 1831 1832 1833 1834 1835 1836 1837 1838 1839 1840 1841 1842 1843 1844 1845 1846 1847 1848 1849 1850 1851 1852 1853 1854 1855 1856 1857 1858 1859 1860 1861 1862 1863 1864 1865 1866 1867 1868 1869 1870 1871 1872 1873 1874 1875 1876 1877 1878 1879 1880 1881 1882 1883 1884 1885 1886 1887 1888 1889 1890 1891 1892 1893 1894 1895 1896 1897 1898 1899 1900 1901 1902 1903 1904 1905 1906 1907 1908 1909 1910 1911 1912 1913 1914 1915 1916 1917 1918 1919 1920 1921 1922 1923 1924 1925 1926 1927 1928 1929 1930 1931 1932 1933 1934 1935 1936 1937 1938 1939 1940 1941 1942 1943 1944 1945 1946 1947 1948 1949 1950 1951 1952 1953 1954 1955 1956 1957 1958 1959 1960 1961 1962 1963 1964 1965 1966 1967 1968 1969 1970 1971 1972 1973 1974 1975 1976 1977 1978 1979 1980 1981 1982 1983 1984 1985 1986 1987 1988 1989 1990 1991 1992 1993 1994 1995 1996 1997 1998 1999 2000 2001 2002 2003 2004 2005 2006 2007 2008 2009 2010 2011 2012 2013 2014 2015 2016 2017 2018 2019 2020 2021 2022 2023 2024 2025 2026 2027 2028 2029 2030 2031 2032 2033 2034 2035 2036 2037 2038 2039 2040 2041 2042 2043 2044 2045 2046 2047 2048 2049 2050 2051 2052 2053 2054 2055 2056 2057 2058 2059 2060 2061 2062 2063 2064 2065 2066 2067 2068 2069 2070 2071 2072 2073 2074 2075 2076 2077 2078 2079 2080 2081 2082 2083 2084 2085 2086 2087 2088 2089 2090 2091 2092 2093 2094 2095 2096 2097 2098 2099 2100 2101 2102 2103 2104 2105 2106 2107 2108 2109 2110 2111 2112 2113 2114 2115 2116 2117 2118 2119 2120 2121 2122 2123 2124 2125 2126 2127 2128 2129 2130 2131 2132 2133 2134 2135 2136 2137 2138 2139 2140 2141 2142 2143 2144 2145 2146 2147 2148 2149 2150 2151 2152 2153 2154 2155 2156 2157 2158 2159 2160 2161 2162 2163 2164 2165 2166 2167 2168 2169 2170 2171 2172 2173 2174 2175 2176 2177 2178 2179 2180 2181 2182 2183 2184 2185 2186 2187 2188 2189 2190 2191 2192 2193 2194 2195 2196 2197 2198 2199 2200 2201 2202 2203 2204 2205 2206 2207 2208 2209 2210 2211 2212 2213 2214 2215 2216 2217 2218 2219 2220 2221 2222 2223 2224 2225 2226 2227 2228 2229 2230 2231 2232 2233 2234 2235 2236 2237 2238 2239 2240 2241 2242 2243 2244 2245 2246 2247 2248 2249 2250 2251 2252 2253 2254 2255 2256 2257 2258 2259 2260 2261 2262 2263 2264 2265 2266 2267 2268 2269 2270 2271 2272 2273 2274 2275 2276 2277 2278 2279 2280 2281 2282 2283 2284 2285 2286 2287 2288 2289 2290 2291 2292 2293 2294 2295 2296 2297 2298 2299 2300 2301 2302 2303 2304 2305 2306 2307 2308 2309 2310 2311 2312 2313 2314 2315 2316 2317 2318 2319 2320 2321 2322 2323 2324 2325 2326 2327 2328 2329 2330 2331 2332 2333 2334 2335 2336 2337 2338 2339 2340 2341 2342 2343 2344 2345 2346 2347 2348 2349 2350 2351 2352 2353 2354 2355 2356 2357 2358 2359 2360 2361 2362 2363 2364 2365 2366 2367 2368 2369 2370 2371 2372 2373 2374 2375 2376 2377 2378 2379 2380 2381 2382 2383 2384 2385 2386 2387 2388 2389 2390 2391 2392 2393 2394 2395 2396 2397 2398 2399 2400 2401 2402 2403 2404 2405 2406 2407 2408 2409 2410 2411 2412 2413 2414 2415 2416 2417 2418 2419 2420 2421 2422 2423 2424 2425 2426 2427 2428 2429 2430 2431 2432 2433 2434 2435 2436 2437 2438 2439 2440 2441 2442 2443 2444 2445 2446 2447 2448 2449 2450 2451 2452 2453 2454 2455 2456 2457 2458 2459 2460 2461 2462 2463 2464 2465 2466 2467 2468 2469 2470 2471 2472 2473 2474 2475 2476 2477 2478 2479 2480 2481 2482 2483 2484 2485 2486 2487 2488 2489 2490 2491 2492 2493 2494 2495 2496 2497 2498 2499 2500 2501 2502 2503 2504 2505 2506 2507 2508 2509 2510 2511 2512 2513 2514 2515 2516 2517 2518 2519 2520 2521 2522 2523 2524 2525 2526 2527 2528 2529 2530 2531 2532 2533 2534 2535 2536 2537 2538 2539 2540 2541 2542 2543 2544 2545 2546 2547 2548 2549 2550 2551 2552 2553 2554 2555 2556 2557 2558 2559 2560 2561 2562 2563 2564 2565 2566 2567 2568 2569 2570 2571 2572 2573 2574 2575 2576 2577 2578 2579 2580 2581 2582 2583 2584 2585 2586 2587 2588 2589 2590 2591 2592 2593 2594 2595 2596 2597 2598 2599 2600 2601 2602 2603 2604 2605 2606 2607 2608 2609 2610 2611 2612 2613 2614 2615 2616 2617 2618 2619 2620 2621 2622 2623 2624 2625 2626 2627 2628 2629 2630 2631 2632 2633 2634 2635 2636 2637 2638 2639 2640 2641 2642 2643 2644 2645 2646 2647 2648 2649 2650 2651 2652 2653 2654 2655 2656 2657 2658 2659 2660 2661 2662 2663 2664 2665 2666 2667 2668 2669 2670 2671 2672 2673 2674 2675 2676 2677 2678 2679 2680 2681 2682 2683 2684 2685 2686 2687 2688 2689 2690 2691 2692 2693 2694 2695 2696 2697 2698 2699 2700 2701 2702 2703 2704 2705 2706 2707 2708 2709 2710 2711 2712 2713 2714 2715 2716 2717 2718 2719 2720 2721 2722 2723 2724 2725 2726 2727 2728 2729 2730 2731 2732 2733 2734 2735 2736 2737 2738 2739 2740 2741 2742 2743 2744 2745 2746 2747 2748 2749 2750 2751 2752 2753 2754 2755 2756 2757 2758 2759 2760 2761 2762 2763 2764 2765 2766 2767 2768 2769 2770 2771 2772 2773 2774 2775 2776 2777 2778 2779 2780 2781 2782 2783 2784 2785 2786 2787 2788 2789 2790 2791 2792 2793 2794 2795 2796 2797 2798 2799 2800 2801 2802 2803 2804 2805 2806 2807 2808 2809 2810 2811 2812 2813 2814 2815 2816 2817 2818 2819 2820 2821 2822 2823 2824 2825 2826 2827 2828 2829 2830 2831 2832 2833 2834 2835 2836 2837 2838 2839 2840 2841 2842 2843 2844 2845 2846 2847 2848 2849 2850 2851 2852 2853 2854 2855 2856 2857 2858 2859 2860 2861 2862 2863 2864 2865 2866 2867 2868 2869 2870 2871 2872 2873 2874 2875 2876 2877 2878 2879 2880 2881 2882 2883 2884 2885 2886 2887 2888 2889 2890 2891 2892 2893 2894 2895 2896 2897 2898 2899 2900 2901 2902 2903 2904 2905 2906 2907 2908 2909 2910 2911 2912 2913 2914 2915 2916 2917 2918 2919 2920 2921 2922 2923 2924 2925 2926 2927 2928 2929 2930 2931 2932 2933 2934 2935 2936 2937 2938 2939 2940 2941 2942 2943 2944 2945 2946 2947 2948 2949 2950 2951 2952 2953 2954 2955 2956 2957 2958 2959 2960 2961 2962 2963 2964 2965 2966 2967 2968 2969 2970 2971 2972 2973 2974 2975 2976 2977 2978 2979 2980 2981 2982 2983 2984 2985 2986 2987 2988 2989 2990 2991 2992 2993 2994 2995 2996 2997 2998 2999 3000 3001 3002 3003 3004 3005 3006 3007 3008 3009 3010 3011 3012 3013 3014 3015 3016 3017 3018 3019 3020 3021 3022 3023 3024 3025 3026 3027 3028 3029 3030 3031 3032 3033 3034 3035 3036 3037 3038 3039 3040 3041 3042 3043 3044 3045 3046 3047 3048 3049 3050 3051 3052 3053 3054 3055 3056 3057 3058 3059 3060 3061 3062 3063 3064 3065 3066 3067 3068 3069 3070 3071 3072 3073 3074 3075 3076 3077 3078 3079 3080 3081 3082 3083 3084 3085 3086 3087 3088 3089 3090 3091 3092 3093 3094 3095 3096 3097 3098 3099 3100 3101 3102 3103 3104 3105 3106 3107 3108 3109 3110 3111 3112 3113 3114 3115 3116 3117 3118 3119 3120 3121 3122 3123 3124 3125 3126 3127 3128 3129 3130 3131 3132 3133 3134 3135 3136 3137 3138 3139 3140 3141 3142 3143 3144 3145 3146 3147 3148 3149 3150 3151 3152 3153 3154 3155 3156 3157 3158 3159 3160 3161 3162 3163 3164 3165 3166 3167 3168 3169 3170 3171 3172 3173 3174 3175 3176 3177 3178 3179 3180 3181 3182 3183 3184 3185 3186 3187 3188 3189 3190 3191 3192 3193 3194 3195 3196 3197 3198 3199 3200 3201 3202 3203 3204 3205 3206 3207 3208 3209 3210 3211 3212 3213 3214 3215 3216 3217 3218 3219 3220 3221 3222 3223 3224 3225 3226 3227 3228 3229 3230 3231 3232 3233 3234 3235 3236 3237 3238 3239 3240 3241 3242 3243 3244 3245 3246 3247 3248 3249 3250 3251 3252 3253 3254 3255 3256 3257 3258 3259 3260 3261 3262 3263 3264 3265 3266 3267 3268 3269 3270 3271 3272 3273 3274 3275 3276 3277 3278 3279 3280 3281 3282 3283 3284 3285 3286 3287 3288 3289 3290 3291 3292 3293 3294 3295 3296 3297 3298 3299 3300 3301 3302 3303 3304 3305 3306 3307 3308 3309 3310 3311 3312 3313 3314 3315 3316 3317 3318 3319 3320 3321 3322 3323 3324 3325 3326 3327 3328 3329 3330 3331 3332 3333 3334 3335 3336 3337 3338 3339 3340 3341 3342 3343 3344 3345 3346 3347 3348 3349 3350 3351 3352 3353 3354 3355 3356 3357 3358 3359 3360 3361 3362 3363 3364 3365 3366 3367 3368 3369 3370 3371 3372 3373 3374 3375 3376 3377 3378 3379 3380 3381 3382 3383 3384 3385 3386 3387 3388 3389 3390 3391 3392 3393 3394 3395 3396 3397 3398 3399 3400 3401 3402 3403 3404 3405 3406 3407 3408 3409 3410 3411 3412 3413 3414 3415 3416 3417 3418 3419 3420 3421 3422 3423 3424 3425 3426 3427 3428 3429 3430 3431 3432 3433 3434 3435 3436 3437 3438 3439 3440 3441 3442 3443 3444 3445 3446 3447 3448 3449 3450 3451 3452 3453 3454 3455 3456 3457 3458 3459 3460 3461 3462 3463 3464 3465 3466 3467 3468 3469 3470 3471 3472 3473 3474 3475 3476 3477 3478 3479 3480 3481 3482 3483 3484 3485 3486 3487 3488 3489 3490 3491 3492 3493 3494 3495 3496 3497 3498 3499 3500 3501 3502 3503 3504 3505 3506 3507 3508 3509 3510 3511 3512 3513 3514 3515 3516 3517 3518 3519 3520 3521 3522 3523 3524 3525 3526 3527 3528 3529 3530 3531 3532 3533 3534 3535 3536 3537 3538 3539 3540 3541 3542 3543 3544 3545 3546 3547 3548 3549 3550 3551 3552 3553 3554 3555 3556 3557 3558 3559 3560 3561 3562 3563 3564 3565 3566 3567 3568 3569 3570 3571 3572 3573 3574 3575 3576 3577 3578 3579 3580 3581 3582 3583 3584 3585 3586 3587 3588 3589 3590 3591 3592 3593 3594 3595 3596 3597 3598 3599 3600 3601 3602 3603 3604 3605 3606 3607 3608 3609 3610 3611 3612 3613 3614 3615 3616 3617 3618 3619 3620 3621 3622 3623 3624 3625 3626 3627 3628 3629 3630 3631 3632 3633 3634 3635 3636 3637 3638 3639 3640 3641 3642 3643 3644 3645 3646 3647 3648 3649 3650 3651 3652 3653 3654 3655 3656 3657 3658 3659 3660 3661 3662 3663 3664 3665 3666 3667 3668 3669 3670 3671 3672 3673 3674 3675 3676 3677 3678 3679 3680 3681 3682 3683 3684 3685 3686 3687 3688 3689 3690 3691 3692 3693 3694 3695 3696 3697 3698 3699 3700 3701 3702 3703 3704 3705 3706 3707 3708 3709 3710 3711 3712 3713 3714 3715 3716 3717 3718 3719 3720 3721 3722 3723 3724 3725 3726 3727 3728 3729 3730 3731 3732 3733 3734 3735 3736 3737 3738 3739 3740 3741 3742 3743 3744 3745 3746 3747 3748 3749 3750 3751 3752 3753 3754 3755 3756 3757 3758 3759 3760 3761 3762 3763 3764 3765 3766 3767 3768 3769 3770 3771 3772 3773 3774 3775 3776 3777 3778 3779 3780 3781 3782 3783 3784 3785 3786 3787 3788 3789 3790 3791 3792 3793 3794 3795 3796 3797 3798 3799 3800 3801 3802 3803 3804 3805 3806 3807 3808 3809 3810 3811 3812 3813 3814 3815 3816 3817 3818 3819 3820 3821 3822 3823 3824 3825 3826 3827 3828 3829 3830 3831 3832 3833 3834 3835 3836 3837 3838 3839 3840 3841 3842 3843 3844 3845 3846 3847 3848 3849 3850 3851 3852 3853 3854 3855 3856 3857 3858 3859 3860 3861 3862 3863 3864 3865 3866 3867 3868 3869 3870 3871 3872 3873 3874 3875 3876 3877 3878 3879 3880 3881 3882 3883 3884 3885 3886 3887 3888 3889 3890 3891 3892 3893 3894 3895 3896 3897 3898 3899 3900 3901 3902 3903 3904 3905 3906 3907 3908 3909 3910 3911 3912 3913 3914 3915 3916 3917 3918 3919 3920 3921 3922 3923 3924 3925 3926 3927 3928 3929 3930 3931 3932 3933 3934 3935 3936 3937 3938 3939 3940 3941 3942 3943 3944 3945 3946 3947 3948 3949 3950 3951 3952 3953 3954 3955 3956 3957 3958 3959 3960 3961 3962 3963 3964 3965 3966 3967 3968 3969 3970 3971 3972 3973 3974 3975 3976 3977 3978 3979 3980 3981 3982 3983 3984 3985 3986 3987 3988 3989 3990 3991 3992 3993 3994 3995 3996 3997 3998 3999 4000 4001 4002 4003 4004 4005 4006 4007 4008 4009 4010 4011 4012 4013 4014 4015 4016 4017 4018 4019 4020 4021 4022 4023 4024 4025 4026 4027 4028 4029 4030 4031 4032 4033 4034 4035 4036 4037 4038 4039 4040 4041 4042 4043 4044 4045 4046 4047 4048 4049 4050 4051 4052 4053 4054 4055 4056 4057 4058 4059 4060 4061 4062 4063 4064 4065 4066 4067 4068 4069 4070 4071 4072 4073 4074 4075 4076 4077 4078 4079 4080 4081 4082 4083 4084 4085 4086 4087 4088 4089 4090 4091 4092 4093 4094 4095 4096 4097 4098 4099 4100 4101 4102 4103 4104 4105 4106 4107 4108 4109 4110 4111 4112 4113 4114 4115 4116 4117 4118 4119 4120 4121 4122 4123 4124 4125 4126 4127 4128 4129 4130 4131 4132 4133 4134 4135 4136 4137 4138 4139 4140 4141 4142 4143 4144 4145 4146 4147 4148 4149 4150 4151 4152 4153 4154 4155 4156 4157 4158 4159 4160 4161 4162 4163 4164 4165 4166 4167 4168 4169 4170 4171 4172 4173 4174 4175 4176 4177 4178 4179 4180 4181 4182 4183 4184 4185 4186 4187 4188 4189 4190 4191 4192 4193 4194 4195 4196 4197 4198 4199 4200 4201 4202 4203 4204 4205 4206 4207 4208 4209 4210 4211 4212 4213 4214 4215 4216 4217 4218 4219 4220 4221 4222 4223 4224 4225 4226 4227 4228 4229 4230 4231 4232 4233 4234 4235 4236 4237 4238 4239 4240 4241 4242 4243 4244 4245 4246 4247 4248 4249 4250 4251 4252 4253 4254 4255 4256 4257 4258 4259 4260 4261 4262 4263 4264 4265 4266 4267 4268 4269 4270 4271 4272 4273 4274 4275 4276 4277 4278 4279 4280 4281 4282 4283 4284 4285 4286 4287 4288 4289 4290 4291 4292 4293 4294 4295 4296 4297 4298 4299 4300 4301 4302 4303 4304 4305 4306 4307 4308 4309 4310 4311 4312 4313 4314 4315 4316 4317 4318 4319 4320 4321 4322 4323 4324 4325 4326 4327 4328 4329 4330 4331 4332 4333 4334 4335 4336 4337 4338 4339 4340 4341 4342 4343 4344 4345 4346 4347 4348 4349 4350 4351 4352 4353 4354 4355 4356 4357 4358 4359 4360 4361 4362 4363 4364 4365 4366 4367 4368 4369 4370 4371 4372 4373 4374 4375 4376 4377 4378 4379 4380 4381 4382 4383 4384 4385 4386 4387 4388 4389 4390 4391 4392 4393 4394 4395 4396 4397 4398 4399 4400 4401 4402 4403 4404 4405 4406 4407 4408 4409 4410 4411 4412 4413 4414 4415 4416 4417 4418 4419 4420 4421 4422 4423 4424 4425 4426 4427 4428 4429 4430 4431 4432 4433 4434 4435 4436 4437 4438 4439 4440 4441 4442 4443 4444 4445 4446 4447 4448 4449 4450 4451 4452 4453 4454 4455 4456 4457 4458 4459 4460 4461 4462 4463 4464 4465 4466 4467 4468 4469 4470 4471 4472 4473 4474 4475 4476 4477 4478 4479 4480 4481 4482 4483 4484 4485 4486 4487 4488 4489 4490 4491 4492 4493 4494 4495 4496 4497 4498 4499 4500 4501 4502 4503 4504 4505 4506 4507 4508 4509 4510 4511 4512 4513 4514 4515 4516 4517 4518 4519 4520 4521 4522 4523 4524 4525 4526 4527 4528 4529 4530 4531 4532 4533 4534 4535 4536 4537 4538 4539 4540 4541 4542 4543 4544 4545 4546 4547 4548 4549 4550 4551 4552 4553 4554 4555 4556 4557 4558 4559 4560 4561 4562 4563 4564 4565 4566 4567 4568 4569 4570 4571 4572 4573 4574 4575 4576 4577 4578 4579 4580 4581 4582 4583 4584 4585 4586 4587 4588 4589 4590 4591 4592 4593 4594 4595 4596 4597 4598 4599 4600 4601 4602 4603 4604 4605 4606 4607 4608 4609 4610 4611 4612 4613 4614 4615 4616 4617 4618 4619 4620 4621 4622 4623 4624 4625 4626 4627 4628 4629 4630 4631 4632 4633 4634 4635 4636 4637 4638 4639 4640 4641 4642 4643 4644 4645 4646 4647 4648 4649 4650 4651 4652 4653 4654 4655 4656 4657 4658 4659 4660 4661 4662 4663 4664 4665 4666 4667 4668 4669 4670 4671 4672 4673 4674 4675 4676 4677 4678 4679 4680 4681 4682 4683 4684 4685 4686 4687 4688 4689 4690 4691 4692 4693 4694 4695 4696 4697 4698 4699 4700 4701 4702 4703 4704 4705 4706 4707 4708 4709 4710 4711 4712 4713 4714 4715 4716 4717 4718 4719 4720 4721 4722 4723 4724 4725 4726 4727 4728 4729 4730 4731 4732 4733 4734 4735 4736 4737 4738 4739 4740 4741 4742 4743 4744 4745 4746 4747 4748 4749 4750 4751 4752 4753 4754 4755 4756 4757 4758 4759 4760 4761 4762 4763 4764 4765 4766 4767 4768 4769 4770 4771 4772 4773 4774 4775 4776 4777 4778 4779 4780 4781 4782 4783 4784 4785 4786 4787 4788 4789 4790 4791 4792 4793 4794 4795 4796 4797 4798 4799 4800 4801 4802 4803 4804 4805 4806 4807 4808 4809 4810 4811 4812 4813 4814 4815 4816 4817 4818 4819 4820 4821 4822 4823 4824 4825 4826 4827 4828 4829 4830 4831 4832 4833 4834 4835 4836 4837 4838 4839 4840 4841 4842 4843 4844 4845 4846 4847 4848 4849 4850 4851 4852 4853 4854 4855 4856 4857 4858 4859 4860 4861 4862 4863 4864 4865 4866 4867 4868 4869 4870 4871 4872 4873 4874 4875 4876 4877 4878 4879 4880 4881 4882 4883 4884 4885 4886 4887 4888 4889 4890 4891 4892 4893 4894 4895 4896 4897 4898 4899 4900 4901 4902 4903 4904 4905 4906 4907 4908 4909 4910 4911 4912 4913 4914 4915 4916 4917 4918 4919 4920 4921 4922 4923 4924 4925 4926 4927 4928 4929 4930 4931 4932 4933 4934 4935 4936 4937 4938 4939 4940 4941 4942 4943 4944 4945 4946 4947 4948 4949 4950 4951 4952 4953 4954 4955 4956 4957 4958 4959 4960 4961 4962 4963 4964 4965 4966 4967 4968 4969 4970 4971 4972 4973 4974 4975 4976 4977 4978 4979 4980 4981 4982 4983 4984 4985 4986 4987 4988 4989 4990 4991 4992 4993 4994 4995 4996 4997 4998 4999 5000 5001 5002 5003 5004 5005 5006 5007 5008 5009 5010 5011 5012 5013 5014 5015 5016 5017 5018 5019 5020 5021 5022 5023 5024 5025 5026 5027 5028 5029 5030 5031 5032 5033 5034 5035 5036 5037 5038 5039 5040 5041 5042 5043 5044 5045 5046 5047 5048 5049 5050 5051 5052 5053 5054 5055 5056 5057 5058 5059 5060 5061 5062 5063 5064 5065 5066 5067 5068 5069 5070 5071 5072 5073 5074 5075 5076 5077 5078 5079 5080 5081 5082 5083 5084 5085 5086 5087 5088 5089 5090 5091 5092 5093 5094 5095 5096 5097 5098 5099 5100 5101 5102 5103 5104 5105 5106 5107 5108 5109 5110 5111 5112 5113 5114 5115 5116 5117 5118 5119 5120 5121 5122 5123 5124 5125 5126 5127 5128 5129 5130 5131 5132 5133 5134 5135 5136 5137 5138 5139 5140 5141 5142 5143 5144 5145 5146 5147 5148 5149 5150 5151 5152 5153 5154 5155 5156 5157 5158 5159 5160 5161 5162 5163 5164 5165 5166 5167 5168 5169 5170 5171 5172 5173 5174 5175 5176 5177 5178 5179 5180 5181 5182 5183 5184 5185 5186 5187 5188 5189 5190 5191 5192 5193 5194 5195 5196 5197 5198 5199 5200 5201 5202 5203 5204 5205 5206 5207 5208 5209 5210 5211 5212 5213 5214 5215 5216 5217 5218 5219 5220 5221 5222 5223 5224 5225 5226 5227 5228 5229 5230 5231 5232 5233 5234 5235 5236 5237 5238 5239 5240 5241 5242 5243 5244 5245 5246 5247 5248 5249 5250 5251 5252 5253 5254 5255 5256 5257 5258 5259 5260 5261 5262 5263 5264 5265 5266 5267 5268 5269 5270 5271 5272 5273 5274 5275 5276 5277 5278 5279 5280 5281 5282 5283 5284 5285 5286 5287 5288 5289 5290 5291 5292 5293 5294 5295 5296 5297 5298 5299 5300 5301 5302 5303 5304 5305 5306 5307 5308 5309 5310 5311 5312 5313 5314 5315 5316 5317 5318 5319 5320 5321 5322 5323 5324 5325 5326 5327 5328 5329 5330 5331 5332 5333 5334 5335 5336 5337 5338 5339 5340 5341 5342 5343 5344 5345 5346 5347 5348 5349 5350 5351 5352 5353 5354 5355 5356 5357 5358 5359 5360 5361 5362 5363 5364 5365 5366 5367 5368 5369 5370 5371 5372 5373 5374 5375 5376 5377 5378 5379 5380 5381 5382 5383 5384 5385 5386 5387 5388 5389 5390 5391 5392 5393 5394 5395 5396 5397 5398 5399 5400 5401 5402 5403 5404 5405 5406 5407 5408 5409 5410 5411 5412 5413 5414 5415 5416 5417 5418 5419 5420 5421 5422 5423 5424 5425 5426 5427 5428 5429 5430 5431 5432 5433 5434 5435 5436 5437 5438 5439 5440 5441 5442 5443 5444 5445 5446 5447 5448 5449 5450 5451 5452 5453 5454 5455 5456 5457 5458 5459 5460 5461 5462 5463 5464 5465 5466 5467 5468 5469 5470 5471 5472 5473 5474 5475 5476 5477 5478 5479 5480 5481 5482 5483 5484 5485 5486 5487 5488 5489 5490 5491 5492 5493 5494 5495 5496 5497 5498 5499 5500 5501 5502 5503 5504 5505 5506 5507 5508 5509 5510 5511 5512 5513 5514 5515 5516 5517 5518 5519 5520 5521 5522 5523 5524 5525 5526 5527 5528 5529 5530 5531 5532 5533 5534 5535 5536 5537 5538 5539 5540 5541 5542 5543 5544 5545 5546 5547 5548 5549 5550 5551 5552 5553 5554 5555 5556 5557 5558 5559 5560 5561 5562 5563 5564 5565 5566 5567 5568 5569 5570 5571 5572 5573 5574 5575 5576 5577 5578 5579 5580 5581 5582 5583 5584 5585 5586 5587 5588 5589 5590 5591 5592 5593 5594 5595 5596 5597 5598 5599 5600 5601 5602 5603 5604 5605 5606 5607 5608 5609 5610 5611 5612 5613 5614 5615 5616 5617 5618 5619 5620 5621 5622 5623 5624 5625 5626 5627 5628 5629 5630 5631 5632 5633 5634 5635 5636 5637 5638 5639 5640 5641 5642 5643 5644 5645 5646 5647 5648 5649 5650 5651 5652 5653 5654 5655 5656 5657 5658 5659 5660 5661 5662 5663 5664 5665 5666 5667 5668 5669 5670 5671 5672 5673 5674 5675 5676 5677 5678 5679 5680 5681 5682 5683 5684 5685 5686 5687 5688 5689 5690 5691 5692 5693 5694 5695 5696 5697 5698 5699 5700 5701 5702 5703 5704 5705 5706 5707 5708 5709 5710 5711 5712 5713 5714 5715 5716 5717 5718 5719 5720 5721 5722 5723 5724 5725 5726 5727 5728 5729 5730 5731 5732 5733 5734 5735 5736 5737 5738 5739 5740 5741 5742 5743 5744 5745 5746 5747 5748 5749 5750 5751 5752 5753 5754 5755 5756 5757 5758 5759 5760 5761 5762 5763 5764 5765 5766 5767 5768 5769 5770 5771 5772 5773 5774 5775 5776 5777 5778 5779 5780 5781 5782 5783 5784 5785 5786 5787 5788 5789 5790 5791 5792 5793 5794 5795 5796 5797 5798 5799 5800 5801 5802 5803 5804 5805 5806 5807 5808 5809 5810 5811 5812 5813 5814 5815 5816 5817 5818 5819 5820 5821 5822 5823 5824 5825 5826 5827 5828 5829 5830 5831 5832 5833 5834 5835 5836 5837 5838 5839 5840 5841 5842 5843 5844 5845 5846 5847 5848 5849 5850 5851 5852 5853 5854 5855 5856 5857 5858 5859 5860 5861 5862 5863 5864 5865 5866 5867 5868 5869 5870 5871 5872 5873 5874 5875 5876 5877 5878 5879 5880 5881 5882 5883 5884 5885 5886 5887 5888 5889 5890 5891 5892 5893 5894 5895 5896 5897 5898 5899 5900 5901 5902 5903 5904 5905 5906 5907 5908 5909 5910 5911 5912 5913 5914 5915 5916 5917 5918 5919 5920 5921 5922 5923 5924 5925 5926 5927 5928 5929 5930 5931 5932 5933 5934 5935 5936 5937 5938 5939 5940 5941 5942 5943 5944 5945 5946 5947 5948 5949 5950 5951 5952 5953 5954 5955 5956 5957 5958 5959 5960 5961 5962 5963 5964 5965 5966 5967 5968 5969 5970 5971 5972 5973 5974 5975 5976 5977 5978 5979 5980 5981 5982 5983 5984 5985 5986 5987 5988 5989 5990 5991 5992 5993 5994 5995 5996 5997 5998 5999 6000 6001 6002 6003 6004 6005 6006 6007 6008 6009 6010 6011 6012 6013 6014 6015 6016 6017 6018 6019 6020 6021 6022 6023 6024 6025 6026 6027 6028 6029 6030 6031 6032 6033 6034 6035 6036 6037 6038 6039 6040 6041 6042 6043 6044 6045 6046 6047 6048 6049 6050 6051 6052 6053 6054 6055 6056 6057 6058 6059 6060 6061 6062 6063 6064 6065 6066 6067 6068 6069 6070 6071 6072 6073 6074 6075 6076 6077 6078 6079 6080 6081 6082 6083 6084 6085 6086 6087 6088 6089 6090 6091 6092 6093 6094 6095 6096 6097 6098 6099 6100 6101 6102 6103 6104 6105 6106 6107 6108 6109 6110 6111 6112 6113 6114 6115 6116 6117 6118 6119 6120 6121 6122 6123 6124 6125 6126 6127 6128 6129 6130 6131 6132 6133 6134 6135 6136 6137 6138 6139 6140 6141 6142 6143 6144 6145 6146 6147 6148 6149 6150 6151 6152 6153 6154 6155 6156 6157 6158 6159 6160 6161 6162 6163 6164 6165 6166 6167 6168 6169 6170 6171 6172 6173 6174 6175 6176 6177 6178 6179 6180 6181 6182 6183 6184 6185 6186 6187 6188 6189 6190 6191 6192 6193 6194 6195 6196 6197 6198 6199 6200 6201 6202 6203 6204 6205 6206 6207 6208 6209 6210 6211 6212 6213 6214 6215 6216 6217 6218 6219 6220 6221 6222 6223 6224 6225 6226 6227 6228 6229 6230 6231 6232 6233 6234 6235 6236 6237 6238 6239 6240 6241 6242 6243 6244 6245 6246 6247 6248 6249 6250 6251 6252 6253 6254 6255 6256 6257 6258 6259 6260 6261 6262 6263 6264 6265 6266 6267 6268 6269 6270 6271 6272 6273 6274 6275 6276 6277 6278 6279 6280 6281 6282 6283 6284 6285 6286 6287 6288 6289 6290 6291 6292 6293 6294 6295 6296 6297 6298 6299 6300 6301 6302 6303 6304 6305 6306 6307 6308 6309 6310 6311 6312 6313 6314 6315 6316 6317 6318 6319 6320 6321 6322 6323 6324 6325 6326 6327 6328 6329 6330 6331 6332 6333 6334 6335 6336 6337 6338 6339 6340 6341 6342 6343 6344 6345 6346 6347 6348 6349 6350 6351 6352 6353 6354 6355 6356 6357 6358 6359 6360 6361 6362 6363 6364 6365 6366 6367 6368 6369 6370 6371 6372 6373 6374 6375 6376 6377 6378 6379 6380 6381 6382 6383 6384 6385 6386 6387 6388 6389 6390 6391 6392 6393 6394 6395 6396 6397 6398 6399 6400 6401 6402 6403 6404 6405 6406 6407 6408 6409 6410 6411 6412 6413 6414 6415 6416 6417 6418 6419 6420 6421 6422 6423 6424 6425 6426 6427 6428 6429 6430 6431 6432 6433 6434 6435 6436 6437 6438 6439 6440 6441 6442 6443 6444 6445 6446 6447 6448 6449 6450 6451 6452 6453 6454 6455 6456 6457 6458 6459 6460 6461 6462 6463 6464 6465 6466 6467 6468 6469 6470 6471 6472 6473 6474 6475 6476 6477 6478 6479 6480 6481 6482 6483 6484 6485 6486 6487 6488 6489 6490 6491 6492 6493 6494 6495 6496 6497 6498 6499 6500 6501 6502 6503 6504 6505 6506 6507 6508 6509 6510 6511 6512 6513 6514 6515 6516 6517 6518 6519 6520 6521 6522 6523 6524 6525 6526 6527 6528 6529 6530 6531 6532 6533 6534 6535 6536 6537 6538 6539 6540 6541 6542 6543 6544 6545 6546 6547 6548 6549 6550 6551 6552 6553 6554 6555 6556 6557 6558 6559 6560 6561 6562 6563 6564 6565 6566 6567 6568 6569 6570 6571 6572 6573 6574 6575 6576 6577 6578 6579 6580 6581 6582 6583 6584 6585 6586 6587 6588 6589 6590 6591 6592 6593 6594 6595 6596 6597 6598 6599 6600 6601 6602 6603 6604 6605 6606 6607 6608 6609 6610 6611 6612 6613 6614 6615 6616 6617 6618 6619 6620 6621 6622 6623 6624 6625 6626 6627 6628 6629 6630 6631 6632 6633 6634 6635 6636 6637 6638 6639 6640 6641 6642 6643 6644 6645 6646 6647 6648 6649 6650 6651 6652 6653 6654 6655 6656 6657 6658 6659 6660 6661 6662 6663 6664 6665 6666 6667 6668 6669 6670 6671 6672 6673 6674 6675 6676 6677 6678 6679 6680 6681 6682 6683 6684 6685 6686 6687 6688 6689 6690 6691 6692 6693 6694 6695 6696 6697 6698 6699 6700 6701 6702 6703 6704 6705 6706 6707 6708 6709 6710 6711 6712 6713 6714 6715 6716 6717 6718 6719 6720 6721 6722 6723 6724 6725 6726 6727 6728 6729 6730 6731 6732 6733 6734 6735 6736 6737 6738 6739 6740 6741 6742 6743 6744 6745 6746 6747 6748 6749 6750 6751 6752 6753 6754 6755 6756 6757 6758 6759 6760 6761 6762 6763 6764 6765 6766 6767 6768 6769 6770 6771 6772 6773 6774 6775 6776 6777 6778 6779 6780 6781 6782 6783 6784 6785 6786 6787 6788 6789 6790 6791 6792 6793 6794 6795 6796 6797 6798 6799 6800 6801 6802 6803 6804 6805 6806 6807 6808 6809 6810 6811 6812 6813 6814 6815 6816 6817 6818 6819 6820 6821 6822 6823 6824 6825 6826 6827 6828 6829 6830 6831 6832 6833 6834 6835 6836 6837 6838 6839 6840 6841 6842 6843 6844 6845 6846 6847 6848 6849 6850 6851 6852 6853 6854 6855 6856 6857 6858 6859 6860 6861 6862 6863 6864 6865 6866 6867 6868 6869 6870 6871 6872 6873 6874 6875 6876 6877 6878 6879 6880 6881 6882 6883 6884 6885 6886 6887 6888 6889 6890 6891 6892 6893 6894 6895 6896 6897 6898 6899 6900 6901 6902 6903 6904 6905 6906 6907 6908 6909 6910 6911 6912 6913 6914 6915 6916 6917 6918 6919 6920 6921 6922 6923 6924 6925 6926 6927 6928 6929 6930 6931 6932 6933 6934 6935 6936 6937 6938 6939 6940 6941 6942 6943 6944 6945 6946 6947 6948 6949 6950 6951 6952 6953 6954 6955 6956 6957 6958 6959 6960 6961 6962 6963 6964 6965 6966 6967 6968 6969 6970 6971 6972 6973 6974 6975 6976 6977 6978 6979 6980 6981 6982 6983 6984 6985 6986 6987 6988 6989 6990 6991 6992 6993 6994 6995 6996 6997 6998 6999 7000 7001 7002 7003 7004 7005 7006 7007 7008 7009 7010 7011 7012 7013 7014 7015 7016 7017 7018 7019 7020 7021 7022 7023 7024 7025 7026 7027 7028 7029 7030 7031 7032 7033 7034 7035 7036 7037 7038 7039 7040 7041 7042 7043 7044 7045 7046 7047 7048 7049 7050 7051 7052 7053 7054 7055 7056 7057 7058 7059 7060 7061 7062 7063 7064 7065 7066 7067 7068 7069 7070 7071 7072 7073 7074 7075 7076 7077 7078 7079 7080 7081 7082 7083 7084 7085 7086 7087 7088 7089 7090 7091 7092 7093 7094 7095 7096 7097 7098 7099 7100 7101 7102 7103 7104 7105 7106 7107 7108 7109 7110 7111 7112 7113 7114 7115 7116 7117 7118 7119 7120 7121 7122 7123 7124 7125 7126 7127 7128 7129 7130 7131 7132 7133 7134 7135 7136 7137 7138 7139 7140 7141 7142 7143 7144 7145 7146 7147 7148 7149 7150 7151 7152 7153 7154 7155 7156 7157 7158 7159 7160 7161 7162 7163 7164 7165 7166 7167 7168 7169 7170 7171 7172 7173 7174 7175 7176 7177 7178 7179 7180 7181 7182 7183 7184 7185 7186 7187 7188 7189 7190 7191 7192 7193 7194 7195 7196 7197 7198 7199 7200 7201 7202 7203 7204 7205 7206 7207 7208 7209 7210 7211 7212 7213 7214 7215 7216 7217 7218 7219 7220 7221 7222 7223 7224 7225 7226 7227 7228 7229 7230 7231 7232 7233 7234 7235 7236 7237 7238 7239 7240 7241 7242 7243 7244 7245 7246 7247 7248 7249 7250 7251 7252 7253 7254 7255 7256 7257 7258 7259 7260 7261 7262 7263 7264 7265 7266 7267 7268 7269 7270 7271 7272 7273 7274 7275 7276 7277 7278 7279 7280 7281 7282 7283 7284 7285 7286 7287 7288 7289 7290 7291 7292 7293 7294 7295 7296 7297 7298 7299 7300 7301 7302 7303 7304 7305 7306 7307 7308 7309 7310 7311 7312 7313 7314 7315 7316 7317 7318 7319 7320 7321 7322 7323 7324 7325 7326 7327 7328 7329 7330 7331 7332 7333 7334 7335 7336 7337 7338 7339 7340 7341 7342 7343 7344 7345 7346 7347 7348 7349 7350 7351 7352 7353 7354 7355 7356 7357 7358 7359 7360 7361 7362 7363 7364 7365 7366 7367 7368 7369 7370 7371 7372 7373 7374 7375 7376 7377 7378 7379 7380 7381 7382 7383 7384 7385 7386 7387 7388 7389 7390 7391 7392 7393 7394 7395 7396 7397 7398 7399 7400 7401 7402 7403 7404 7405 7406 7407 7408 7409 7410 7411 7412 7413 7414 7415 7416 7417 7418 7419 7420 7421 7422 7423 7424 7425 7426 7427 7428 7429 7430 7431 7432 7433 7434 7435 7436 7437 7438 7439 7440 7441 7442 7443 7444 7445 7446 7447 7448 7449 7450 7451 7452 7453 7454 7455 7456 7457 7458 7459 7460 7461 7462 7463 7464 7465 7466 7467 7468 7469 7470 7471 7472 7473 7474 7475 7476 7477 7478 7479 7480 7481 7482 7483 7484 7485 7486 7487 7488 7489 7490 7491 7492 7493 7494 7495 7496 7497 7498 7499 7500 7501 7502 7503 7504 7505 7506 7507 7508 7509 7510 7511 7512 7513 7514 7515 7516 7517 7518 7519 7520 7521 7522 7523 7524 7525 7526 7527 7528 7529 7530 7531 7532 7533 7534 7535 7536 7537 7538 7539 7540 7541 7542 7543 7544 7545 7546 7547 7548 7549 7550 7551 7552 7553 7554 7555 7556 7557 7558 7559 7560 7561 7562 7563 7564 7565 7566 7567 7568 7569 7570 7571 7572 7573 7574 7575 7576 7577 7578 7579 7580 7581 7582 7583 7584 7585 7586 7587 7588 7589 7590 7591 7592 7593 7594 7595 7596 7597 7598 7599 7600 7601 7602 7603 7604 7605 7606 7607 7608 7609 7610 7611 7612 7613 7614 7615 7616 7617 7618 7619 7620 7621 7622 7623 7624 7625 7626 7627 7628 7629 7630 7631 7632 7633 7634 7635 7636 7637 7638 7639 7640 7641 7642 7643 7644 7645 7646 7647 7648 7649 7650 7651 7652 7653 7654 7655 7656 7657 7658 7659 7660 7661 7662 7663 7664 7665 7666 7667 7668 7669 7670 7671 7672 7673 7674 7675 7676 7677 7678 7679 7680 7681 7682 7683 7684 7685 7686 7687 7688 7689 7690 7691 7692 7693 7694 7695 7696 7697 7698 7699 7700 7701 7702 7703 7704 7705 7706 7707 7708 7709 7710 7711 7712 7713 7714 7715 7716 7717 7718 7719 7720 7721 7722 7723 7724 7725 7726 7727 7728 7729 7730 7731 7732 7733 7734 7735 7736 7737 7738 7739 7740 7741 7742 7743 7744 7745 7746 7747 7748 7749 7750 7751 7752 7753 7754 7755 7756 7757 7758 7759 7760 7761 7762 7763 7764 7765 7766 7767 7768 7769 7770 7771 7772 7773 7774 7775 7776 7777 7778 7779 7780 7781 7782 7783 7784 7785 7786 7787 7788 7789 7790 7791 7792 7793 7794 7795 7796 7797 7798 7799 7800 7801 7802 7803 7804 7805 7806 7807 7808 7809 7810 7811 7812 7813 7814 7815 7816 7817 7818 7819 7820 7821 7822 7823 7824 7825 7826 7827 7828 7829 7830 7831 7832 7833 7834 7835 7836 7837 7838 7839 7840 7841 7842 7843 7844 7845 7846 7847 7848 7849 7850 7851 7852 7853 7854 7855 7856 7857 7858 7859 7860 7861 7862 7863 7864 7865 7866 7867 7868 7869 7870 7871 7872 7873 7874 7875 7876 7877 7878 7879 7880 7881 7882 7883 7884 7885 7886 7887 7888 7889 7890 7891 7892 7893 7894 7895 7896 7897 7898 7899 7900 7901 7902 7903 7904 7905 7906 7907 7908 7909 7910 7911 7912 7913 7914 7915 7916 7917 7918 7919 7920 7921 7922 7923 7924 7925 7926 7927 7928 7929 7930 7931 7932 7933 7934 7935 7936 7937 7938 7939 7940 7941 7942 7943 7944 7945 7946 7947 7948 7949 7950 7951 7952 7953 7954 7955 7956 7957 7958 7959 7960 7961 7962 7963 7964 7965 7966 7967 7968 7969 7970 7971 7972 7973 7974 7975 7976 7977 7978 7979 7980 7981 7982 7983 7984 7985 7986 7987 7988 7989 7990 7991 7992 7993 7994 7995 7996 7997 7998 7999 8000 8001 8002 8003 8004 8005 8006 8007 8008 8009 8010 8011 8012 8013 8014 8015 8016 8017 8018 8019 8020 8021 8022 8023 8024 8025 8026 8027 8028 8029 8030 8031 8032 8033 8034 8035 8036 8037 8038 8039 8040 8041 8042 8043 8044 8045 8046 8047 8048 8049 8050 8051 8052 8053 8054 8055 8056 8057 8058 8059 8060 8061 8062 8063 8064 8065 8066 8067 8068 8069 8070 8071 8072 8073 8074 8075 8076 8077 8078 8079 8080 8081 8082 8083 8084 8085 8086 8087 8088 8089 8090 8091 8092 8093 8094 8095 8096 8097 8098 8099 8100 8101 8102 8103 8104 8105 8106 8107 8108 8109 8110 8111 8112 8113 8114 8115 8116 8117 8118 8119 8120 8121 8122 8123 8124 8125 8126 8127 8128 8129 8130 8131 8132 8133 8134 8135 8136 8137 8138 8139 8140 8141 8142 8143 8144 8145 8146 8147 8148 8149 8150 8151 8152 8153 8154 8155 8156 8157 8158 8159 8160 8161 8162 8163 8164 8165 8166 8167 8168 8169 8170 8171 8172 8173 8174 8175 8176 8177 8178 8179 8180 8181 8182 8183 8184 8185 8186 8187 8188 8189 8190 8191 8192 8193 8194 8195 8196 8197 8198 8199 8200 8201 8202 8203 8204 8205 8206 8207 8208 8209 8210 8211 8212 8213 8214 8215 8216 8217 8218 8219 8220 8221 8222 8223 8224 8225 8226 8227 8228 8229 8230 8231 8232 8233 8234 8235 8236 8237 8238 8239 8240 8241 8242 8243 8244 8245 8246 8247 8248 8249 8250 8251 8252 8253 8254 8255 8256 8257 8258 8259 8260 8261 8262 8263 8264 8265 8266 8267 8268 8269 8270 8271 8272 8273 8274 8275 8276 8277 8278 8279 8280 8281 8282 8283 8284 8285 8286 8287 8288 8289 8290 8291 8292 8293 8294 8295 8296 8297 8298 8299 8300 8301 8302 8303 8304 8305 8306 8307 8308 8309 8310 8311 8312 8313 8314 8315 8316 8317 8318 8319 8320 8321 8322 8323 8324 8325 8326 8327 8328 8329 8330 8331 8332 8333 8334 8335 8336 8337 8338 8339 8340 8341 8342 8343 8344 8345 8346 8347 8348 8349 8350 8351 8352 8353 8354 8355 8356 8357 8358 8359 8360 8361 8362 8363 8364 8365 8366 8367 8368 8369 8370 8371 8372 8373 8374 8375 8376 8377 8378 8379 8380 8381 8382 8383 8384 8385 8386 8387 8388 8389 8390 8391 8392 8393 8394 8395 8396 8397 8398 8399 8400 8401 8402 8403 8404 8405 8406 8407 8408 8409 8410 8411 8412 8413 8414 8415 8416 8417 8418 8419 8420 8421 8422 8423 8424 8425 8426 8427 8428 8429 8430 8431 8432 8433 8434 8435 8436 8437 8438 8439 8440 8441 8442 8443 8444 8445 8446 8447 8448 8449 8450 8451 8452 8453 8454 8455 8456 8457 8458 8459 8460 8461 8462 8463 8464 8465 8466 8467 8468 8469 8470 8471 8472 8473 8474 8475 8476 8477 8478 8479 8480 8481 8482 8483 8484 8485 8486 8487 8488 8489 8490 8491 8492 8493 8494 8495 8496 8497 8498 8499 8500 8501 8502 8503 8504 8505 8506 8507 8508 8509 8510 8511 8512 8513 8514 8515 8516 8517 8518 8519 8520 8521 8522 8523 8524 8525 8526 8527 8528 8529 8530 8531 8532 8533 8534 8535 8536 8537 8538 8539 8540 8541 8542 8543 8544 8545 8546 8547 8548 8549 8550 8551 8552 8553 8554 8555 8556 8557 8558 8559 8560 8561 8562 8563 8564 8565 8566 8567 8568 8569 8570 8571 8572 8573 8574 8575 8576 8577 8578 8579 8580 8581 8582 8583 8584 8585 8586 8587 8588 8589 8590 8591 8592 8593 8594 8595 8596 8597 8598 8599 8600 8601 8602 8603 8604 8605 8606 8607 8608 8609 8610 8611 8612 8613 8614 8615 8616 8617 8618 8619 8620 8621 8622 8623 8624 8625 8626 8627 8628 8629 8630 8631 8632 8633 8634 8635 8636 8637 8638 8639 8640 8641 8642 8643 8644 8645 8646 8647 8648 8649 8650 8651 8652 8653 8654 8655 8656 8657 8658 8659 8660 8661 8662 8663 8664 8665 8666 8667 8668 8669 8670 8671 8672 8673 8674 8675 8676 8677 8678 8679 8680 8681 8682 8683 8684 8685 8686 8687 8688 8689 8690 8691 8692 8693 8694 8695 8696 8697 8698 8699 8700 8701 8702 8703 8704 8705 8706 8707 8708 8709 8710 8711 8712 8713 8714 8715 8716 8717 8718 8719 8720 8721 8722 8723 8724 8725 8726 8727 8728 8729 8730 8731 8732 8733 8734 8735 8736 8737 8738 8739 8740 8741 8742 8743 8744 8745 8746 8747 8748 8749 8750 8751 8752 8753 8754 8755 8756 8757 8758 8759 8760 8761 8762 8763 8764 8765 8766 8767 8768 8769 8770 8771 8772 8773 8774 8775 8776 8777 8778 8779 8780 8781 8782 8783 8784 8785 8786 8787 8788 8789 8790 8791 8792 8793 8794 8795 8796 8797 8798 8799 8800 8801 8802 8803 8804 8805 8806 8807 8808 8809 8810 8811 8812 8813 8814 8815 8816 8817 8818 8819 8820 8821 8822 8823 8824 8825 8826 8827 8828 8829 8830 8831 8832 8833 8834 8835 8836 8837 8838 8839 8840 8841 8842 8843 8844 8845 8846 8847 8848 8849 8850 8851 8852 8853 8854 8855 8856 8857 8858 8859 8860 8861 8862 8863 8864 8865 8866 8867 8868 8869 8870 8871 8872 8873 8874 8875 8876 8877 8878 8879 8880 8881 8882 8883 8884 8885 8886 8887 8888 8889 8890 8891 8892 8893 8894 8895 8896 8897 8898 8899 8900 8901 8902 8903 8904 8905 8906 8907 8908 8909 8910 8911 8912 8913 8914 8915 8916 8917 8918 8919 8920 8921 8922 8923 8924 8925 8926 8927 8928 8929 8930 8931 8932 8933 8934 8935 8936 8937 8938 8939 8940 8941 8942 8943 8944 8945 8946 8947 8948 8949 8950 8951 8952 8953 8954 8955 8956 8957 8958 8959 8960 8961 8962 8963 8964 8965 8966 8967 8968 8969 8970 8971 8972 8973 8974 8975 8976 8977 8978 8979 8980 8981 8982 8983 8984 8985 8986 8987 8988 8989 8990 8991 8992 8993 8994 8995 8996 8997 8998 8999 9000 9001 9002 9003 9004 9005 9006 9007 9008 9009 9010 9011 9012 9013 9014 9015 9016 9017 9018 9019 9020 9021 9022 9023 9024 9025 9026 9027 9028 9029 9030 9031 9032 9033 9034 9035 9036 9037 9038 9039 9040 9041 9042 9043 9044 9045 9046 9047 9048 9049 9050 9051 9052 9053 9054 9055 9056 9057 9058 9059 9060 9061 9062 9063 9064 9065 9066 9067 9068 9069 9070 9071 9072 9073 9074 9075 9076 9077 9078 9079 9080 9081 9082 9083 9084 9085 9086 9087 9088 9089 9090 9091 9092 9093 9094 9095 9096 9097 9098 9099 9100 9101 9102 9103 9104 9105 9106 9107 9108 9109 9110 9111 9112 9113 9114 9115 9116 9117 9118 9119 9120 9121 9122 9123 9124 9125 9126 9127 9128 9129 9130 9131 9132 9133 9134 9135 9136 9137 9138 9139 9140 9141 9142 9143 9144 9145 9146 9147 9148 9149 9150 9151 9152 9153 9154 9155 9156 9157 9158 9159 9160 9161 9162 9163 9164 9165 9166 9167 9168 9169 9170 9171 9172 9173 9174 9175 9176 9177 9178 9179 9180 9181 9182 9183 9184 9185 9186 9187 9188 9189 9190 9191 9192 9193 9194 9195 9196 9197 9198 9199 9200 9201 9202 9203 9204 9205 9206 9207 9208 9209 9210 9211 9212 9213 9214 9215 9216 9217 9218 9219 9220 9221 9222 9223 9224 9225 9226 9227 9228 9229 9230 9231 9232 9233 9234 9235 9236 9237 9238 9239 9240 9241 9242 9243 9244 9245 9246 9247 9248 9249 9250 9251 9252 9253 9254 9255 9256 9257 9258 9259 9260 9261 9262 9263 9264 9265 9266 9267 9268 9269 9270 9271 9272 9273 9274 9275 9276 9277 9278 9279 9280 9281 9282 9283 9284 9285 9286 9287 9288 9289 9290 9291 9292 9293 9294 9295 9296 9297 9298 9299 9300 9301 9302 9303 9304 9305 9306 9307 9308 9309 9310 9311 9312 9313 9314 9315 9316 9317 9318 9319 9320 9321 9322 9323 9324 9325 9326 9327 9328 9329 9330 9331 9332 9333 9334 9335 9336 9337 9338 9339 9340 9341 9342 9343 9344 9345 9346 9347 9348 9349 9350 9351 9352 9353 9354 9355 9356 9357 9358 9359 9360 9361 9362 9363 9364 9365 9366 9367 9368 9369 9370 9371 9372 9373 9374 9375 9376 9377 9378 9379 9380 9381 9382 9383 9384 9385 9386 9387 9388 9389 9390 9391 9392 9393 9394 9395 9396 9397 9398 9399 9400 9401 9402 9403 9404 9405 9406 9407 9408 9409 9410 9411 9412 9413 9414 9415 9416 9417 9418 9419 9420 9421 9422 9423 9424 9425 9426 9427 9428 9429 9430 9431 9432 9433 9434 9435 9436 9437 9438 9439 9440 9441 9442 9443 9444 9445 9446 9447 9448 9449 9450 9451 9452 9453 9454 9455 9456 9457 9458 9459 9460 9461 9462 9463 9464 9465 9466 9467 9468 9469 9470 9471 9472 9473 9474 9475 9476 9477 9478 9479 9480 9481 9482 9483 9484 9485 9486 9487 9488 9489 9490 9491 9492 9493 9494 9495 9496 9497 9498 9499 9500 9501 9502 9503 9504 9505 9506 9507 9508 9509 9510 9511 9512 9513 9514 9515 9516 9517 9518 9519 9520 9521 9522 9523 9524 9525 9526 9527 9528 9529 9530 9531 9532 9533 9534 9535 9536 9537 9538 9539 9540 9541 9542 9543 9544 9545 9546 9547 9548 9549 9550 9551 9552 9553 9554 9555 9556 9557 9558 9559 9560 9561 9562 9563 9564 9565 9566 9567 9568 9569 9570 9571 9572 9573 9574 9575 9576 9577 9578 9579 9580 9581 9582 9583 9584 9585 9586 9587 9588 9589 9590 9591 9592 9593 9594 9595 9596 9597 9598 9599 9600 9601 9602 9603 9604 9605 9606 9607 9608 9609 9610 9611 9612 9613 9614 9615 9616 9617 9618 9619 9620 9621 9622 9623 9624 9625 9626 9627 9628 9629 9630 9631 9632 9633 9634 9635 9636 9637 9638 9639 9640 9641 9642 9643 9644 9645 9646 9647 9648 9649 9650 9651 9652 9653 9654 9655 9656 9657 9658 9659 9660 9661 9662 9663 9664 9665 9666 9667 9668 9669 9670 9671 9672 9673 9674 9675 9676 9677 9678 9679 9680 9681 9682 9683 9684 9685 9686 9687 9688 9689 9690 9691 9692 9693 9694 9695 9696 9697 9698 9699 9700 9701 9702 9703 9704 9705 9706 9707 9708 9709 9710 9711 9712 9713 9714 9715 9716 9717 9718 9719 9720 9721 9722 9723 9724 9725 9726 9727 9728 9729 9730 9731 9732 9733 9734 9735 9736 9737 9738 9739 9740 9741 9742 9743 9744 9745 9746 9747 9748 9749 9750 9751 9752 9753 9754 9755 9756 9757 9758 9759 9760 9761 9762 9763 9764 9765 9766 9767 9768 9769 9770 9771 9772 9773 9774 9775 9776 9777 9778 9779 9780 9781 9782 9783 9784 9785 9786 9787 9788 9789 9790 9791 9792 9793 9794 9795 9796 9797 9798 9799 9800 9801 9802 9803 9804 9805 9806 9807 9808 9809 9810 9811 9812 9813 9814 9815 9816 9817 9818 9819 9820 9821 9822 9823 9824 9825 9826 9827 9828 9829 9830 9831 9832 9833 9834 9835 9836 9837 9838 9839 9840 9841 9842 9843 9844 9845 9846 9847 9848 9849 9850 9851 9852 9853 9854 9855 9856 9857 9858 9859 9860 9861 9862 9863 9864 9865 9866 9867 9868 9869 9870 9871 9872 9873 9874 9875 9876 9877 9878 9879 9880 9881 9882 9883 9884 9885 9886 9887 9888 9889 9890 9891 9892 9893 9894 9895 9896 9897 9898 9899 9900 9901 9902 9903 9904 9905 9906 9907 9908 9909 9910 9911 9912 9913 9914 9915 9916 9917 9918 9919 9920 9921 9922 9923 9924 9925 9926 9927 9928 9929 9930 9931 9932 9933 9934 9935 9936 9937 9938 9939 9940 9941 9942 9943 9944 9945 9946 9947 9948 9949 9950 9951 9952 9953 9954 9955 9956 9957 9958 9959 9960 9961 9962 9963 9964 9965 9966 9967 9968 9969 9970 9971 9972 9973 9974 9975 9976 9977 9978 9979 9980 9981 9982 9983 9984 9985 9986 9987 9988 9989 9990 9991 9992 9993 9994 9995 9996 9997 9998 9999 10000 10001 10002 10003 10004 10005 10006 10007 10008 10009 10010 10011 10012 10013 10014 10015 10016 10017 10018 10019 10020 10021 10022 10023 10024 10025 10026 10027 10028 10029 10030 10031 10032 10033 10034 10035 10036 10037 10038 10039 10040 10041 10042 10043 10044 10045 10046 10047 10048 10049 10050 10051 10052 10053 10054 10055 10056 10057 10058 10059 10060 10061 10062 10063 10064 10065 10066 10067 10068 10069 10070 10071 10072 10073 10074 10075 10076 10077 10078 10079 10080 10081 10082 10083 10084 10085 10086 10087 10088 10089 10090 10091 10092 10093 10094 10095 10096 10097 10098 10099 10100 10101 10102 10103 10104 10105 10106 10107 10108 10109 10110 10111 10112 10113 10114 10115 10116 10117 10118 10119 10120 10121 10122 10123 10124 10125 10126 10127 10128 10129 10130 10131 10132 10133 10134 10135 10136 10137 10138 10139 10140 10141 10142 10143 10144 10145 10146 10147 10148 10149 10150 10151 10152 10153 10154 10155 10156 10157 10158 10159 10160 10161 10162 10163 10164 10165 10166 10167 10168 10169 10170 10171 10172 10173 10174 10175 10176 10177 10178 10179 10180 10181 10182 10183 10184 10185 10186 10187 10188 10189 10190 10191 10192 10193 10194 10195 10196 10197 10198 10199 10200 10201 10202 10203 10204 10205 10206 10207 10208 10209 10210 10211 10212 10213 10214 10215 10216 10217 10218 10219 10220 10221 10222 10223 10224 10225 10226 10227 10228 10229 10230 10231 10232 10233 10234 10235 10236 10237 10238 10239 10240 10241 10242 10243 10244 10245 10246 10247 10248 10249 10250 10251 10252 10253 10254 10255 10256 10257 10258 10259 10260 10261 10262 10263 10264 10265 10266 10267 10268 10269 10270 10271 10272 10273 10274 10275 10276 10277 10278 10279 10280 10281 10282 10283 10284 10285 10286 10287 10288 10289 10290 10291 10292 10293 10294 10295 10296 10297 10298 10299 10300 10301 10302 10303 10304 10305 10306 10307 10308 10309 10310 10311 10312 10313 10314 10315 10316 10317 10318 10319 10320 10321 10322 10323 10324 10325 10326 10327 10328 10329 10330 10331 10332 10333 10334 10335 10336 10337 10338 10339 10340 10341 10342 10343 10344 10345 10346 10347 10348 10349 10350 10351 10352 10353 10354 10355 10356 10357 10358 10359 10360 10361 10362 10363 10364 10365 10366 10367 10368 10369 10370 10371 10372 10373 10374 10375 10376 10377 10378 10379 10380 10381 10382 10383 10384 10385 10386 10387 10388 10389 10390 10391 10392 10393 10394 10395 10396 10397 10398 10399 10400 10401 10402 10403 10404 10405 10406 10407 10408 10409 10410 10411 10412 10413 10414 10415 10416 10417 10418 10419 10420 10421 10422 10423 10424 10425 10426 10427 10428 10429 10430 10431 10432 10433 10434 10435 10436 10437 10438 10439 10440 10441 10442 10443 10444 10445 10446 10447 10448 10449 10450 10451 10452 10453 10454 10455 10456 10457 10458 10459 10460 10461 10462 10463 10464 10465 10466 10467 10468 10469 10470 10471 10472 10473 10474 10475 10476 10477 10478 10479 10480 10481 10482 10483 10484 10485 10486 10487 10488 10489 10490 10491 10492 10493 10494 10495 10496 10497 10498 10499 10500 10501 10502 10503 10504 10505 10506 10507 10508 10509 10510 10511 10512 10513 10514 10515 10516 10517 10518 10519 10520 10521 10522 10523 10524 10525 10526 10527 10528 10529 10530 10531 10532 10533 10534 10535 10536 10537 10538 10539 10540 10541 10542 10543 10544 10545 10546 10547 10548 10549 10550 10551 10552 10553 10554 10555 10556 10557 10558 10559 10560 10561 10562 10563 10564 10565 10566 10567 10568 10569 10570 10571 10572 10573 10574 10575 10576 10577 10578 10579 10580 10581 10582 10583 10584 10585 10586 10587 10588 10589 10590 10591 10592 10593 10594 10595 10596 10597 10598 10599 10600 10601 10602 10603 10604 10605 10606 10607 10608 10609 10610 10611 10612 10613 10614 10615 10616 10617 10618 10619 10620 10621 10622 10623 10624 10625 10626 10627 10628 10629 10630 10631 10632 10633 10634 10635 10636 10637 10638 10639 10640 10641 10642 10643 10644 10645 10646 10647 10648 10649 10650 10651 10652 10653 10654 10655 10656 10657 10658 10659 10660 10661 10662 10663 10664 10665 10666 10667 10668 10669 10670 10671 10672 10673 10674 10675 10676 10677 10678 10679 10680 10681 10682 10683 10684 10685 10686 10687 10688 10689 10690 10691 10692 10693 10694 10695 10696 10697 10698 10699 10700 10701 10702 10703 10704 10705 10706 10707 10708 10709 10710 10711 10712 10713 10714 10715 10716 10717 10718 10719 10720 10721 10722 10723 10724 10725 10726 10727 10728 10729 10730 10731 10732 10733 10734 10735 10736 10737 10738 10739 10740 10741 10742 10743 10744 10745 10746 10747 10748 10749 10750 10751 10752 10753 10754 10755 10756 10757 10758 10759 10760 10761 10762 10763 10764 10765 10766 10767 10768 10769 10770 10771 10772 10773 10774 10775 10776 10777 10778 10779 10780 10781 10782 10783 10784 10785 10786 10787 10788 10789 10790 10791 10792 10793 10794 10795 10796 10797 10798 10799 10800 10801 10802 10803 10804 10805 10806 10807 10808 10809 10810 10811 10812 10813 10814 10815 10816 10817 10818 10819 10820 10821 10822 10823 10824 10825 10826 10827 10828 10829 10830 10831 10832 10833 10834 10835 10836 10837 10838 10839 10840 10841 10842 10843 10844 10845 10846 10847 10848 10849 10850 10851 10852 10853 10854 10855 10856 10857 10858 10859 10860 10861 10862 10863 10864 10865 10866 10867 10868 10869 10870 10871 10872 10873 10874 10875 10876 10877 10878 10879 10880 10881 10882 10883 10884 10885 10886 10887 10888 10889 10890 10891 10892 10893 10894 10895 10896 10897 10898 10899 10900 10901 10902 10903 10904 10905 10906 10907 10908 10909 10910 10911 10912 10913 10914 10915 10916 10917 10918 10919 10920 10921 10922 10923 10924 10925 10926 10927 10928 10929 10930 10931 10932 10933 10934 10935 10936 10937 10938 10939 10940 10941 10942 10943 10944 10945 10946 10947 10948 10949 10950 10951 10952 10953 10954 10955 10956 10957 10958 10959 10960 10961 10962 10963 10964 10965 10966 10967 10968 10969 10970 10971 10972 10973 10974 10975 10976 10977 10978 10979 10980 10981 10982 10983 10984 10985 10986 10987 10988 10989 10990 10991 10992 10993 10994 10995 10996 10997 10998 10999 11000 11001 11002 11003 11004 11005 11006 11007 11008 11009 11010 11011 11012 11013 11014 11015 11016 11017 11018 11019 11020 11021 11022 11023 11024 11025 11026 11027 11028 11029 11030 11031 11032 11033 11034 11035 11036 11037 11038 11039 11040 11041 11042 11043 11044 11045 11046 11047 11048 11049 11050 11051 11052 11053 11054 11055 11056 11057 11058 11059 11060 11061 11062 11063 11064 11065 11066 11067 11068 11069 11070 11071 11072 11073 11074 11075 11076 11077 11078 11079 11080 11081 11082 11083 11084 11085 11086 11087 11088 11089 11090 11091 11092 11093 11094 11095 11096 11097 11098 11099 11100 11101 11102 11103 11104 11105 11106 11107 11108 11109 11110 11111 11112 11113 11114 11115 11116 11117 11118 11119 11120 11121 11122 11123 11124 11125 11126 11127 11128 11129 11130 11131 11132 11133 11134 11135 11136 11137 11138 11139 11140 11141 11142 11143 11144 11145 11146 11147 11148 11149 11150 11151 11152 11153 11154 11155 11156 11157 11158 11159 11160 11161 11162 11163 11164 11165 11166 11167 11168 11169 11170 11171 11172 11173 11174 11175 11176 11177 11178 11179 11180 11181 11182 11183 11184 11185 11186 11187 11188 11189 11190 11191 11192 11193 11194 11195 11196 11197 11198 11199 11200 11201 11202 11203 11204 11205 11206 11207 11208 11209 11210 11211 11212 11213 11214 11215 11216 11217 11218 11219 11220 11221 11222 11223 11224 11225 11226 11227 11228 11229 11230 11231 11232 11233 11234 11235 11236 11237 11238 11239 11240 11241 11242 11243 11244 11245 11246 11247 11248 11249 11250 11251 11252 11253 11254 11255 11256 11257 11258 11259 11260 11261 11262 11263 11264 11265 11266 11267 11268 11269 11270 11271 11272 11273 11274 11275 11276 11277 11278 11279 11280 11281 11282 11283 11284 11285 11286 11287 11288 11289 11290 11291 11292 11293 11294 11295 11296 11297 11298 11299 11300 11301 11302 11303 11304 11305 11306 11307 11308 11309 11310 11311 11312 11313 11314 11315 11316 11317 11318 11319 11320 11321 11322 11323 11324 11325 11326 11327 11328 11329 11330 11331 11332 11333 11334 11335 11336 11337 11338 11339 11340 11341 11342 11343 11344 11345 11346 11347 11348 11349 11350 11351 11352 11353 11354 11355 11356 11357 11358 11359 11360 11361 11362 11363 11364 11365 11366 11367 11368 11369 11370 11371 11372 11373 11374 11375 11376 11377 11378 11379 11380 11381 11382 11383 11384 11385 11386 11387 11388 11389 11390 11391 11392 11393 11394 11395 11396 11397 11398 11399 11400 11401 11402 11403 11404 11405 11406 11407 11408 11409 11410 11411 11412 11413 11414 11415 11416 11417 11418 11419 11420 11421 11422 11423 11424 11425 11426 11427 11428 11429 11430 11431 11432 11433 11434 11435 11436 11437 11438 11439 11440 11441 11442 11443 11444 11445 11446 11447 11448 11449 11450 11451 11452 11453 11454 11455 11456 11457 11458 11459 11460 11461 11462 11463 11464 11465 11466 11467 11468 11469 11470 11471 11472 11473 11474 11475 11476 11477 11478 11479 11480 11481 11482 11483 11484 11485 11486 11487 11488 11489 11490 11491 11492 11493 11494 11495 11496 11497 11498 11499 11500 11501 11502 11503 11504 11505 11506 11507 11508 11509 11510 11511 11512 11513 11514 11515 11516 11517 11518 11519 11520 11521 11522 11523 11524 11525 11526 11527 11528 11529 11530 11531 11532 11533 11534 11535 11536 11537 11538 11539 11540 11541 11542 11543 11544 11545 11546 11547 11548 11549 11550 11551 11552 11553 11554 11555 11556 11557 11558 11559 11560 11561 11562 11563 11564 11565 11566 11567 11568 11569 11570 11571 11572 11573 11574 11575 11576 11577 11578 11579 11580 11581 11582 11583 11584 11585 11586 11587 11588 11589 11590 11591 11592 11593 11594 11595 11596 11597 11598 11599 11600 11601 11602 11603 11604 11605 11606 11607 11608 11609 11610 11611 11612 11613 11614 11615 11616 11617 11618 11619 11620 11621 11622 11623 11624 11625 11626 11627 11628 11629 11630 11631 11632 11633 11634 11635 11636 11637 11638 11639 11640 11641 11642 11643 11644 11645 11646 11647 11648 11649 11650 11651 11652 11653 11654 11655 11656 11657 11658 11659 11660 11661 11662 11663 11664 11665 11666 11667 11668 11669 11670 11671 11672 11673 11674 11675 11676 11677 11678 11679 11680 11681 11682 11683 11684 11685 11686 11687 11688 11689 11690 11691 11692 11693 11694 11695 11696 11697 11698 11699 11700 11701 11702 11703 11704 11705 11706 11707 11708 11709 11710 11711 11712 11713 11714 11715 11716 11717 11718 11719 11720 11721 11722 11723 11724 11725 11726 11727 11728 11729 11730 11731 11732 11733 11734 11735 11736 11737 11738 11739 11740 11741 11742 11743 11744 11745 11746 11747 11748 11749 11750 11751 11752 11753 11754 11755 11756 11757 11758 11759 11760 11761 11762 11763 11764 11765 11766 11767 11768 11769 11770 11771 11772 11773 11774 11775 11776 11777 11778 11779 11780 11781 11782 11783 11784 11785 11786 11787 11788 11789 11790 11791 11792 11793 11794 11795 11796 11797 11798 11799 11800 11801 11802 11803 11804 11805 11806 11807 11808 11809 11810 11811 11812 11813 11814 11815 11816 11817 11818 11819 11820 11821 11822 11823 11824 11825 11826 11827 11828 11829 11830 11831 11832 11833 11834 11835 11836 11837 11838 11839 11840 11841 11842 11843 11844 11845 11846 11847 11848 11849 11850 11851 11852 11853 11854 11855 11856 11857 11858 11859 11860 11861 11862 11863 11864 11865 11866 11867 11868 11869 11870 11871 11872 11873 11874 11875 11876 11877 11878 11879 11880 11881 11882 11883 11884 11885 11886 11887 11888 11889 11890 11891 11892 11893 11894 11895 11896 11897 11898 11899 11900 11901 11902 11903 11904 11905 11906 11907 11908 11909 11910 11911 11912 11913 11914 11915 11916 11917 11918 11919 11920 11921 11922 11923 11924 11925 11926 11927 11928 11929 11930 11931 11932 11933 11934 11935 11936 11937 11938 11939 11940 11941 11942 11943 11944 11945 11946 11947 11948 11949 11950 11951 11952 11953 11954 11955 11956 11957 11958 11959 11960 11961 11962 11963 11964 11965 11966 11967 11968 11969 11970 11971 11972 11973 11974 11975 11976 11977 11978 11979 11980 11981 11982 11983 11984 11985 11986 11987 11988 11989 11990 11991 11992 11993 11994 11995 11996 11997 11998 11999 12000 12001 12002 12003 12004 12005 12006 12007 12008 12009 12010 12011 12012 12013 12014 12015 12016 12017 12018 12019 12020 12021 12022 12023 12024 12025 12026 12027 12028 12029 12030 12031 12032 12033 12034 12035 12036 12037 12038 12039 12040 12041 12042 12043 12044 12045 12046 12047 12048 12049 12050 12051 12052 12053 12054 12055 12056 12057 12058 12059 12060 12061 12062 12063 12064 12065 12066 12067 12068 12069 12070 12071 12072 12073 12074 12075 12076 12077 12078 12079 12080 12081 12082 12083 12084 12085 12086 12087 12088 12089 12090 12091 12092 12093 12094 12095 12096 12097 12098 12099 12100 12101 12102 12103 12104 12105 12106 12107 12108 12109 12110 12111 12112 12113 12114 12115 12116 12117 12118 12119 12120 12121 12122 12123 12124 12125 12126 12127 12128 12129 12130 12131 12132 12133 12134 12135 12136 12137 12138 12139 12140 12141 12142 12143 12144 12145 12146 12147 12148 12149 12150 12151 12152 12153 12154 12155 12156 12157 12158 12159 12160 12161 12162 12163 12164 12165 12166 12167 12168 12169 12170 12171 12172 12173 12174 12175 12176 12177 12178 12179 12180 12181 12182 12183 12184 12185 12186 12187 12188 12189 12190 12191 12192 12193 12194 12195 12196 12197 12198 12199 12200 12201 12202 12203 12204 12205 12206 12207 12208 12209 12210 12211 12212 12213 12214 12215 12216 12217 12218 12219 12220 12221 12222 12223 12224 12225 12226 12227 12228 12229 12230 12231 12232 12233 12234 12235 12236 12237 12238 12239 12240 12241 12242 12243 12244 12245 12246 12247 12248 12249 12250 12251 12252 12253 12254 12255 12256 12257 12258 12259 12260 12261 12262 12263 12264 12265 12266 12267 12268 12269 12270 12271 12272 12273 12274 12275 12276 12277 12278 12279 12280 12281 12282 12283 12284 12285 12286 12287 12288 12289 12290 12291 12292 12293 12294 12295 12296 12297 12298 12299 12300 12301 12302 12303 12304 12305 12306 12307 12308 12309 12310 12311 12312 12313 12314 12315 12316 12317 12318 12319 12320 12321 12322 12323 12324 12325 12326 12327 12328 12329 12330 12331 12332 12333 12334 12335 12336 12337 12338 12339 12340 12341 12342 12343 12344 12345 12346 12347 12348 12349 12350 12351 12352 12353 12354 12355 12356 12357 12358 12359 12360 12361 12362 12363 12364 12365 12366 12367 12368 12369 12370 12371 12372 12373 12374 12375 12376 12377 12378 12379 12380 12381 12382 12383 12384 12385 12386 12387 12388 12389 12390 12391 12392 12393 12394 12395 12396 12397 12398 12399 12400 12401 12402 12403 12404 12405 12406 12407 12408 12409 12410 12411 12412 12413 12414 12415 12416 12417 12418 12419 12420 12421 12422 12423 12424 12425 12426 12427 12428 12429 12430 12431 12432 12433 12434 12435 12436 12437 12438 12439 12440 12441 12442 12443 12444 12445 12446 12447 12448 12449 12450 12451 12452 12453 12454 12455 12456 12457 12458 12459 12460 12461 12462 12463 12464 12465 12466 12467 12468 12469 12470 12471 12472 12473 12474 12475 12476 12477 12478 12479 12480 12481 12482 12483 12484 12485 12486 12487 12488 12489 12490 12491 12492 12493 12494 12495 12496 12497 12498 12499 12500 12501 12502 12503 12504 12505 12506 12507 12508 12509 12510 12511 12512 12513 12514 12515 12516 12517 12518 12519 12520 12521 12522 12523 12524 12525 12526 12527 12528 12529 12530 12531 12532 12533 12534 12535 12536 12537 12538 12539 12540 12541 12542 12543 12544 12545 12546 12547 12548 12549 12550 12551 12552 12553 12554 12555 12556 12557 12558 12559 12560 12561 12562 12563 12564 12565 12566 12567 12568 12569 12570 12571 12572 12573 12574 12575 12576 12577 12578 12579 12580 12581 12582 12583 12584 12585 12586 12587 12588 12589 12590 12591 12592 12593 12594 12595 12596 12597 12598 12599 12600 12601 12602 12603 12604 12605 12606 12607 12608 12609 12610 12611 12612 12613 12614 12615 12616 12617 12618 12619 12620 12621 12622 12623 12624 12625 12626 12627 12628 12629 12630 12631 12632 12633 12634 12635 12636 12637 12638 12639 12640 12641 12642 12643 12644 12645 12646 12647 12648 12649 12650 12651 12652 12653 12654 12655 12656 12657 12658 12659 12660 12661 12662 12663 12664 12665 12666 12667 12668 12669 12670 12671 12672 12673 12674 12675 12676 12677 12678 12679 12680 12681 12682 12683 12684 12685 12686 12687 12688 12689 12690 12691 12692 12693 12694 12695 12696 12697 12698 12699 12700 12701 12702 12703 12704 12705 12706 12707 12708 12709 12710 12711 12712 12713 12714 12715 12716 12717 12718 12719 12720 12721 12722 12723 12724 12725 12726 12727 12728 12729 12730 12731 12732 12733 12734 12735 12736 12737 12738 12739 12740 12741 12742 12743 12744 12745 12746 12747 12748 12749 12750 12751 12752 12753 12754 12755 12756 12757 12758 12759 12760 12761 12762 12763 12764 12765 12766 12767 12768 12769 12770 12771 12772 12773 12774 12775 12776 12777 12778 12779 12780 12781 12782 12783 12784 12785 12786 12787 12788 12789 12790 12791 12792 12793 12794 12795 12796 12797 12798 12799 12800 12801 12802 12803 12804 12805 12806 12807 12808 12809 12810 12811 12812 12813 12814 12815 12816 12817 12818 12819 12820 12821 12822 12823 12824 12825 12826 12827 12828 12829 12830 12831 12832 12833 12834 12835 12836 12837 12838 12839 12840 12841 12842 12843 12844 12845 12846 12847 12848 12849 12850 12851 12852 12853 12854 12855 12856 12857 12858 12859 12860 12861 12862 12863 12864 12865 12866 12867 12868 12869 12870 12871 12872 12873 12874 12875 12876 12877 12878 12879 12880 12881 12882 12883 12884 12885 12886 12887 12888 12889 12890 12891 12892 12893 12894 12895 12896 12897 12898 12899 12900 12901 12902 12903 12904 12905 12906 12907 12908 12909 12910 12911 12912 12913 12914 12915 12916 12917 12918 12919 12920 12921 12922 12923 12924 12925 12926 12927 12928 12929 12930 12931 12932 12933 12934 12935 12936 12937 12938 12939 12940 12941 12942 12943 12944 12945 12946 12947 12948 12949 12950 12951 12952 12953 12954 12955 12956 12957 12958 12959 12960 12961 12962 12963 12964 12965 12966 12967 12968 12969 12970 12971 12972 12973 12974 12975 12976 12977 12978 12979 12980 12981 12982 12983 12984 12985 12986 12987 12988 12989 12990 12991 12992 12993 12994 12995 12996 12997 12998 12999 13000 13001 13002 13003 13004 13005 13006 13007 13008 13009 13010 13011 13012 13013 13014 13015 13016 13017 13018 13019 13020 13021 13022 13023 13024 13025 13026 13027 13028 13029 13030 13031 13032 13033 13034 13035 13036 13037 13038 13039 13040 13041 13042 13043 13044 13045 13046 13047 13048 13049 13050 13051 13052 13053 13054 13055 13056 13057 13058 13059 13060 13061 13062 13063 13064 13065 13066 13067 13068 13069 13070 13071 13072 13073 13074 13075 13076 13077 13078 13079 13080 13081 13082 13083 13084 13085 13086 13087 13088 13089 13090 13091 13092 13093 13094 13095 13096 13097 13098 13099 13100 13101 13102 13103 13104 13105 13106 13107 13108 13109 13110 13111 13112 13113 13114 13115 13116 13117 13118 13119 13120 13121 13122 13123 13124 13125 13126 13127 13128 13129 13130 13131 13132 13133 13134 13135 13136 13137 13138 13139 13140 13141 13142 13143 13144 13145 13146 13147 13148 13149 13150 13151 13152 13153 13154 13155 13156 13157 13158 13159 13160 13161 13162 13163 13164 13165 13166 13167 13168 13169 13170 13171 13172 13173 13174 13175 13176 13177 13178 13179 13180 13181 13182 13183 13184 13185 13186 13187 13188 13189 13190 13191 13192 13193 13194 13195 13196 13197 13198 13199 13200 13201 13202 13203 13204 13205 13206 13207 13208 13209 13210 13211 13212 13213 13214 13215 13216 13217 13218 13219 13220 13221 13222 13223 13224 13225 13226 13227 13228 13229 13230 13231 13232 13233 13234 13235 13236 13237 13238 13239 13240 13241 13242 13243 13244 13245 13246 13247 13248 13249 13250 13251 13252 13253 13254 13255 13256 13257 13258 13259 13260 13261 13262 13263 13264 13265 13266 13267 13268 13269 13270 13271 13272 13273 13274 13275 13276 13277 13278 13279 13280 13281 13282 13283 13284 13285 13286 13287 13288 13289 13290 13291 13292 13293 13294 13295 13296 13297 13298 13299 13300 13301 13302 13303 13304 13305 13306 13307 13308 13309 13310 13311 13312 13313 13314 13315 13316 13317 13318 13319 13320 13321 13322 13323 13324 13325 13326 13327 13328 13329 13330 13331 13332 13333 13334 13335 13336 13337 13338 13339 13340 13341 13342 13343 13344 13345 13346 13347 13348 13349 13350 13351 13352 13353 13354 13355 13356 13357 13358 13359 13360 13361 13362 13363 13364 13365 13366 13367 13368 13369 13370 13371 13372 13373 13374 13375 13376 13377 13378 13379 13380 13381 13382 13383 13384 13385 13386 13387 13388 13389 13390 13391 13392 13393 13394 13395 13396 13397 13398 13399 13400 13401 13402 13403 13404 13405 13406 13407 13408 13409 13410 13411 13412 13413 13414 13415 13416 13417 13418 13419 13420 13421 13422 13423 13424 13425 13426 13427 13428 13429 13430 13431 13432 13433 13434 13435 13436 13437 13438 13439 13440 13441 13442 13443 13444 13445 13446 13447 13448 13449 13450 13451 13452 13453 13454 13455 13456 13457 13458 13459 13460 13461 13462 13463 13464 13465 13466 13467 13468 13469 13470 13471 13472 13473 13474 13475 13476 13477 13478 13479 13480 13481 13482 13483 13484 13485 13486 13487 13488 13489 13490 13491 13492 13493 13494 13495 13496 13497 13498 13499 13500 13501 13502 13503 13504 13505 13506 13507 13508 13509 13510 13511 13512 13513 13514 13515 13516 13517 13518 13519 13520 13521 13522 13523 13524 13525 13526 13527 13528 13529 13530 13531 13532 13533 13534 13535 13536 13537 13538 13539 13540 13541 13542 13543 13544 13545 13546 13547 13548 13549 13550 13551 13552 13553 13554 13555 13556 13557 13558 13559 13560 13561 13562 13563 13564 13565 13566 13567 13568 13569 13570 13571 13572 13573 13574 13575 13576 13577 13578 13579 13580 13581 13582 13583 13584 13585 13586 13587 13588 13589 13590 13591 13592 13593 13594 13595 13596 13597 13598 13599 13600 13601 13602 13603 13604 13605 13606 13607 13608 13609 13610 13611 13612 13613 13614 13615 13616 13617 13618 13619 13620 13621 13622 13623 13624 13625 13626 13627 13628 13629 13630 13631 13632 13633 13634 13635 13636 13637 13638 13639 13640 13641 13642 13643 13644 13645 13646 13647 13648 13649 13650 13651 13652 13653 13654 13655 13656 13657 13658 13659 13660 13661 13662 13663 13664 13665 13666 13667 13668 13669 13670 13671 13672 13673 13674 13675 13676 13677 13678 13679 13680 13681 13682 13683 13684 13685 13686 13687 13688 13689 13690 13691 13692 13693 13694 13695 13696 13697 13698 13699 13700 13701 13702 13703 13704 13705 13706 13707 13708 13709 13710 13711 13712 13713 13714 13715 13716 13717 13718 13719 13720 13721 13722 13723 13724 13725 13726 13727 13728 13729 13730 13731 13732 13733 13734 13735 13736 13737 13738 13739 13740 13741 13742 13743 13744 13745 13746 13747 13748 13749 13750 13751 13752 13753 13754 13755 13756 13757 13758 13759 13760 13761 13762 13763 13764 13765 13766 13767 13768 13769 13770 13771 13772 13773 13774 13775 13776 13777 13778 13779 13780 13781 13782 13783 13784 13785 13786 13787 13788 13789 13790 13791 13792 13793 13794 13795 13796 13797 13798 13799 13800 13801 13802 13803 13804 13805 13806 13807 13808 13809 13810 13811 13812 13813 13814 13815 13816 13817 13818 13819 13820 13821 13822 13823 13824 13825 13826 13827 13828 13829 13830 13831 13832 13833 13834 13835 13836 13837 13838 13839 13840 13841 13842 13843 13844 13845 13846 13847 13848 13849 13850 13851 13852 13853 13854 13855 13856 13857 13858 13859 13860 13861 13862 13863 13864 13865 13866 13867 13868 13869 13870 13871 13872 13873 13874 13875 13876 13877 13878 13879 13880 13881 13882 13883 13884 13885 13886 13887 13888 13889 13890 13891 13892 13893 13894 13895 13896 13897 13898 13899 13900 13901 13902 13903 13904 13905 13906 13907 13908 13909 13910 13911 13912 13913 13914 13915 13916 13917 13918 13919 13920 13921 13922 13923 13924 13925 13926 13927 13928 13929 13930 13931 13932 13933 13934 13935 13936 13937 13938 13939 13940 13941 13942 13943 13944 13945 13946 13947 13948 13949 13950 13951 13952 13953 13954 13955 13956 13957 13958 13959 13960 13961 13962 13963 13964 13965 13966 13967 13968 13969 13970 13971 13972 13973 13974 13975 13976 13977 13978 13979 13980 13981 13982 13983 13984 13985 13986 13987 13988 13989 13990 13991 13992 13993 13994 13995 13996 13997 13998 13999 14000 14001 14002 14003 14004 14005 14006 14007 14008 14009 14010 14011 14012 14013 14014 14015 14016 14017 14018 14019 14020 14021 14022 14023 14024 14025 14026 14027 14028 14029 14030 14031 14032 14033 14034 14035 14036 14037 14038 14039 14040 14041 14042 14043 14044 14045 14046 14047 14048 14049 14050 14051 14052 14053 14054 14055 14056 14057 14058 14059 14060 14061 14062 14063 14064 14065 14066 14067 14068 14069 14070 14071 14072 14073 14074 14075 14076 14077 14078 14079 14080 14081 14082 14083 14084 14085 14086 14087 14088 14089 14090 14091 14092 14093 14094 14095 14096 14097 14098 14099 14100 14101 14102 14103 14104 14105 14106 14107 14108 14109 14110 14111 14112 14113 14114 14115 14116 14117 14118 14119 14120 14121 14122 14123 14124 14125 14126 14127 14128 14129 14130 14131 14132 14133 14134 14135 14136 14137 14138 14139 14140 14141 14142 14143 14144 14145 14146 14147 14148 14149 14150 14151 14152 14153 14154 14155 14156 14157 14158 14159 14160 14161 14162 14163 14164 14165 14166 14167 14168 14169 14170 14171 14172 14173 14174 14175 14176 14177 14178 14179 14180 14181 14182 14183 14184 14185 14186 14187 14188 14189 14190 14191 14192 14193 14194 14195 14196 14197 14198 14199 14200 14201 14202 14203 14204 14205 14206 14207 14208 14209 14210 14211 14212 14213 14214 14215 14216 14217 14218 14219 14220 14221 14222 14223 14224 14225 14226 14227 14228 14229 14230 14231 14232 14233 14234 14235 14236 14237 14238 14239 14240 14241 14242 14243 14244 14245 14246 14247 14248 14249 14250 14251 14252 14253 14254 14255 14256 14257 14258 14259 14260 14261 14262 14263 14264 14265 14266 14267 14268 14269 14270 14271 14272 14273 14274 14275 14276 14277 14278 14279 14280 14281 14282 14283 14284 14285 14286 14287 14288 14289 14290 14291 14292 14293 14294 14295 14296 14297 14298 14299 14300 14301 14302 14303 14304 14305 14306 14307 14308 14309 14310 14311 14312 14313 14314 14315 14316 14317 14318 14319 14320 14321 14322 14323 14324 14325 14326 14327 14328 14329 14330 14331 14332 14333 14334 14335 14336 14337 14338 14339 14340 14341 14342 14343 14344 14345 14346 14347 14348 14349 14350 14351 14352 14353 14354 14355 14356 14357 14358 14359 14360 14361 14362 14363 14364 14365 14366 14367 14368 14369 14370 14371 14372 14373 14374 14375 14376 14377 14378 14379 14380 14381 14382 14383 14384 14385 14386 14387 14388 14389 14390 14391 14392 14393 14394 14395 14396 14397 14398 14399 14400 14401 14402 14403 14404 14405 14406 14407 14408 14409 14410 14411 14412 14413 14414 14415 14416 14417 14418 14419 14420 14421 14422 14423 14424 14425 14426 14427 14428 14429 14430 14431 14432 14433 14434 14435 14436 14437 14438 14439 14440 14441 14442 14443 14444 14445 14446 14447 14448 14449 14450 14451 14452 14453 14454 14455 14456 14457 14458 14459 14460 14461 14462 14463 14464 14465 14466 14467 14468 14469 14470 14471 14472 14473 14474 14475 14476 14477 14478 14479 14480 14481 14482 14483 14484 14485 14486 14487 14488 14489 14490 14491 14492 14493 14494 14495 14496 14497 14498 14499 14500 14501 14502 14503 14504 14505 14506 14507 14508 14509 14510 14511 14512 14513 14514 14515 14516 14517 14518 14519 14520 14521 14522 14523 14524 14525 14526 14527 14528 14529 14530 14531 14532 14533 14534 14535 14536 14537 14538 14539 14540 14541 14542 14543 14544 14545 14546 14547 14548 14549 14550 14551 14552 14553 14554 14555 14556 14557 14558 14559 14560 14561 14562 14563 14564 14565 14566 14567 14568 14569 14570 14571 14572 14573 14574 14575 14576 14577 14578 14579 14580 14581 14582 14583 14584 14585 14586 14587 14588 14589 14590 14591 14592 14593 14594 14595 14596 14597 14598 14599 14600 14601 14602 14603 14604 14605 14606 14607 14608 14609 14610 14611 14612 14613 14614 14615 14616 14617 14618 14619 14620 14621 14622 14623 14624 14625 14626 14627 14628 14629 14630 14631 14632 14633 14634 14635 14636 14637 14638 14639 14640 14641 14642 14643 14644 14645 14646 14647 14648 14649 14650 14651 14652 14653 14654 14655 14656 14657 14658 14659 14660 14661 14662 14663 14664 14665 14666 14667 14668 14669 14670 14671 14672 14673 14674 14675 14676 14677 14678 14679 14680 14681 14682 14683 14684 14685 14686 14687 14688 14689 14690 14691 14692 14693 14694 14695 14696 14697 14698 14699 14700 14701 14702 14703 14704 14705 14706 14707 14708 14709 14710 14711 14712 14713 14714 14715 14716 14717 14718 14719 14720 14721 14722 14723 14724 14725 14726 14727 14728 14729 14730 14731 14732 14733 14734 14735 14736 14737 14738 14739 14740 14741 14742 14743 14744 14745 14746 14747 14748 14749 14750 14751 14752 14753 14754 14755 14756 14757 14758 14759 14760 14761 14762 14763 14764 14765 14766 14767 14768 14769 14770 14771 14772 14773 14774 14775 14776 14777 14778 14779 14780 14781 14782 14783 14784 14785 14786 14787 14788 14789 14790 14791 14792 14793 14794 14795 14796 14797 14798 14799 14800 14801 14802 14803 14804 14805 14806 14807 14808 14809 14810 14811 14812 14813 14814 14815 14816 14817 14818 14819 14820 14821 14822 14823 14824 14825 14826 14827 14828 14829 14830 14831 14832 14833 14834 14835 14836 14837 14838 14839 14840 14841 14842 14843 14844 14845 14846 14847 14848 14849 14850 14851 14852 14853 14854 14855 14856 14857 14858 14859 14860 14861 14862 14863 14864 14865 14866 14867 14868 14869 14870 14871 14872 14873 14874 14875 14876 14877 14878 14879 14880 14881 14882 14883 14884 14885 14886 14887 14888 14889 14890 14891 14892 14893 14894 14895 14896 14897 14898 14899 14900 14901 14902 14903 14904 14905 14906 14907 14908 14909 14910 14911 14912 14913 14914 14915 14916 14917 14918 14919 14920 14921 14922 14923 14924 14925 14926 14927 14928 14929 14930 14931 14932 14933 14934 14935 14936 14937 14938 14939 14940 14941 14942 14943 14944 14945 14946 14947 14948 14949 14950 14951 14952 14953 14954 14955 14956 14957 14958 14959 14960 14961 14962 14963 14964 14965 14966 14967 14968 14969 14970 14971 14972 14973 14974 14975 14976 14977 14978 14979 14980 14981 14982 14983 14984 14985 14986 14987 14988 14989 14990 14991 14992 14993 14994 14995 14996 14997 14998 14999 15000 15001 15002 15003 15004 15005 15006 15007 15008 15009 15010 15011 15012 15013 15014 15015 15016 15017 15018 15019 15020 15021 15022 15023 15024 15025 15026 15027 15028 15029 15030 15031 15032 15033 15034 15035 15036 15037 15038 15039 15040 15041 15042 15043 15044 15045 15046 15047 15048 15049 15050 15051 15052 15053 15054 15055 15056 15057 15058 15059 15060 15061 15062 15063 15064 15065 15066 15067 15068 15069 15070 15071 15072 15073 15074 15075 15076 15077 15078 15079 15080 15081 15082 15083 15084 15085 15086 15087 15088 15089 15090 15091 15092 15093 15094 15095 15096 15097 15098 15099 15100 15101 15102 15103 15104 15105 15106 15107 15108 15109 15110 15111 15112 15113 15114 15115 15116 15117 15118 15119 15120 15121 15122 15123 15124 15125 15126 15127 15128 15129 15130 15131 15132 15133 15134 15135 15136 15137 15138 15139 15140 15141 15142 15143 15144 15145 15146 15147 15148 15149 15150 15151 15152 15153 15154 15155 15156 15157 15158 15159 15160 15161 15162 15163 15164 15165 15166 15167 15168 15169 15170 15171 15172 15173 15174 15175 15176 15177 15178 15179 15180 15181 15182 15183 15184 15185 15186 15187 15188 15189 15190 15191 15192 15193 15194 15195 15196 15197 15198 15199 15200 15201 15202 15203 15204 15205 15206 15207 15208 15209 15210 15211 15212 15213 15214 15215 15216 15217 15218 15219 15220 15221 15222 15223 15224 15225 15226 15227 15228 15229 15230 15231 15232 15233 15234 15235 15236 15237 15238 15239 15240 15241 15242 15243 15244 15245 15246 15247 15248 15249 15250 15251 15252 15253 15254 15255 15256 15257 15258 15259 15260 15261 15262 15263 15264 15265 15266 15267 15268 15269 15270 15271 15272 15273 15274 15275 15276 15277 15278 15279 15280 15281 15282 15283 15284 15285 15286 15287 15288 15289 15290 15291 15292 15293 15294 15295 15296 15297 15298 15299 15300 15301 15302 15303 15304 15305 15306 15307 15308 15309 15310 15311 15312 15313 15314 15315 15316 15317 15318 15319 15320 15321 15322 15323 15324 15325 15326 15327 15328 15329 15330 15331 15332 15333 15334 15335 15336 15337 15338 15339 15340 15341 15342 15343 15344 15345 15346 15347 15348 15349 15350 15351 15352 15353 15354 15355 15356 15357 15358 15359 15360 15361 15362 15363 15364 15365 15366 15367 15368 15369 15370 15371 15372 15373 15374 15375 15376 15377 15378 15379 15380 15381 15382 15383 15384 15385 15386 15387 15388 15389 15390 15391 15392 15393 15394 15395 15396 15397 15398 15399 15400 15401 15402 15403 15404 15405 15406 15407 15408 15409 15410 15411 15412 15413 15414 15415 15416 15417 15418 15419 15420 15421 15422 15423 15424 15425 15426 15427 15428 15429 15430 15431 15432 15433 15434 15435 15436 15437 15438 15439 15440 15441 15442 15443 15444 15445 15446 15447 15448 15449 15450 15451 15452 15453 15454 15455 15456 15457 15458 15459 15460 15461 15462 15463 15464 15465 15466 15467 15468 15469 15470 15471 15472 15473 15474 15475 15476 15477 15478 15479 15480 15481 15482 15483 15484 15485 15486 15487 15488 15489 15490 15491 15492 15493 15494 15495 15496 15497 15498 15499 15500 15501 15502 15503 15504 15505 15506 15507 15508 15509 15510 15511 15512 15513 15514 15515 15516 15517 15518 15519 15520 15521 15522 15523 15524 15525 15526 15527 15528 15529 15530 15531 15532 15533 15534 15535 15536 15537 15538 15539 15540 15541 15542 15543 15544 15545 15546 15547 15548 15549 15550 15551 15552 15553 15554 15555 15556 15557 15558 15559 15560 15561 15562 15563 15564 15565 15566 15567 15568 15569 15570 15571 15572 15573 15574 15575 15576 15577 15578 15579 15580 15581 15582 15583 15584 15585 15586 15587 15588 15589 15590 15591 15592 15593 15594 15595 15596 15597 15598 15599 15600 15601 15602 15603 15604 15605 15606 15607 15608 15609 15610 15611 15612 15613 15614 15615 15616 15617 15618 15619 15620 15621 15622 15623 15624 15625 15626 15627 15628 15629 15630 15631 15632 15633 15634 15635 15636 15637 15638 15639 15640 15641 15642 15643 15644 15645 15646 15647 15648 15649 15650 15651 15652 15653 15654 15655 15656 15657 15658 15659 15660 15661 15662 15663 15664 15665 15666 15667 15668 15669 15670 15671 15672 15673 15674 15675 15676 15677 15678 15679 15680 15681 15682 15683 15684 15685 15686 15687 15688 15689 15690 15691 15692 15693 15694 15695 15696 15697 15698 15699 15700 15701 15702 15703 15704 15705 15706 15707 15708 15709 15710 15711 15712 15713 15714 15715 15716 15717 15718 15719 15720 15721 15722 15723 15724 15725 15726 15727 15728 15729 15730 15731 15732 15733 15734 15735 15736 15737 15738 15739 15740 15741 15742 15743 15744 15745 15746 15747 15748 15749 15750 15751 15752 15753 15754 15755 15756 15757 15758 15759 15760 15761 15762 15763 15764 15765 15766 15767 15768 15769 15770 15771 15772 15773 15774 15775 15776 15777 15778 15779 15780 15781 15782 15783 15784 15785 15786 15787 15788 15789 15790 15791 15792 15793 15794 15795 15796 15797 15798 15799 15800 15801 15802 15803 15804 15805 15806 15807 15808 15809 15810 15811 15812 15813 15814 15815 15816 15817 15818 15819 15820 15821 15822 15823 15824 15825 15826 15827 15828 15829 15830 15831 15832 15833 15834 15835 15836 15837 15838 15839 15840 15841 15842 15843 15844 15845 15846 15847 15848 15849 15850 15851 15852 15853 15854 15855 15856 15857 15858 15859 15860 15861 15862 15863 15864 15865 15866 15867 15868 15869 15870 15871 15872 15873 15874 15875 15876 15877 15878 15879 15880 15881 15882 15883 15884 15885 15886 15887 15888 15889 15890 15891 15892 15893 15894 15895 15896 15897 15898 15899 15900 15901 15902 15903 15904 15905 15906 15907 15908 15909 15910 15911 15912 15913 15914 15915 15916 15917 15918 15919 15920 15921 15922 15923 15924 15925 15926 15927 15928 15929 15930 15931 15932 15933 15934 15935 15936 15937 15938 15939 15940 15941 15942 15943 15944 15945 15946 15947 15948 15949 15950 15951 15952 15953 15954 15955 15956 15957 15958 15959 15960 15961 15962 15963 15964 15965 15966 15967 15968 15969 15970 15971 15972 15973 15974 15975 15976 15977 15978 15979 15980 15981 15982 15983 15984 15985 15986 15987 15988 15989 15990 15991 15992 15993 15994 15995 15996 15997 15998 15999 16000 16001 16002 16003 16004 16005 16006 16007 16008 16009 16010 16011 16012 16013 16014 16015 16016 16017 16018 16019 16020 16021 16022 16023 16024 16025 16026 16027 16028 16029 16030 16031 16032 16033 16034 16035 16036 16037 16038 16039 16040 16041 16042 16043 16044 16045 16046 16047 16048 16049 16050 16051 16052 16053 16054 16055 16056 16057 16058 16059 16060 16061 16062 16063 16064 16065 16066 16067 16068 16069 16070 16071 16072 16073 16074 16075 16076 16077 16078 16079 16080 16081 16082 16083 16084 16085 16086 16087 16088 16089 16090 16091 16092 16093 16094 16095 16096 16097 16098 16099 16100 16101 16102 16103 16104 16105 16106 16107 16108 16109 16110 16111 16112 16113 16114 16115 16116 16117 16118 16119 16120 16121 16122 16123 16124 16125 16126 16127 16128 16129 16130 16131 16132 16133 16134 16135 16136 16137 16138 16139 16140 16141 16142 16143 16144 16145 16146 16147 16148 16149 16150 16151 16152 16153 16154 16155 16156 16157 16158 16159 16160 16161 16162 16163 16164 16165 16166 16167 16168 16169 16170 16171 16172 16173 16174 16175 16176 16177 16178 16179 16180 16181 16182 16183 16184 16185 16186 16187 16188 16189 16190 16191 16192 16193 16194 16195 16196 16197 16198 16199 16200 16201 16202 16203 16204 16205 16206 16207 16208 16209 16210 16211 16212 16213 16214 16215 16216 16217 16218 16219 16220 16221 16222 16223 16224 16225 16226 16227 16228 16229 16230 16231 16232 16233 16234 16235 16236 16237 16238 16239 16240 16241 16242 16243 16244 16245 16246 16247 16248 16249 16250 16251 16252 16253 16254 16255 16256 16257 16258 16259 16260 16261 16262 16263 16264 16265 16266 16267 16268 16269 16270 16271 16272 16273 16274 16275 16276 16277 16278 16279 16280 16281 16282 16283 16284 16285 16286 16287 16288 16289 16290 16291 16292 16293 16294 16295 16296 16297 16298 16299 16300 16301 16302 16303 16304 16305 16306 16307 16308 16309 16310 16311 16312 16313 16314 16315 16316 16317 16318 16319 16320 16321 16322 16323 16324 16325 16326 16327 16328 16329 16330 16331 16332 16333 16334 16335 16336 16337 16338 16339 16340 16341 16342 16343 16344 16345 16346 16347 16348 16349 16350 16351 16352 16353 16354 16355 16356 16357 16358 16359 16360 16361 16362 16363 16364 16365 16366 16367 16368 16369 16370 16371 16372 16373 16374 16375 16376 16377 16378 16379 16380 16381 16382 16383 16384 16385 16386 16387 16388 16389 16390 16391 16392 16393 16394 16395 16396 16397 16398 16399 16400 16401 16402 16403 16404 16405 16406 16407 16408 16409 16410 16411 16412 16413 16414 16415 16416 16417 16418 16419 16420 16421 16422 16423 16424 16425 16426 16427 16428 16429 16430 16431 16432 16433 16434 16435 16436 16437 16438 16439 16440 16441 16442 16443 16444 16445 16446 16447 16448 16449 16450 16451 16452 16453 16454 16455 16456 16457 16458 16459 16460 16461 16462 16463 16464 16465 16466 16467 16468 16469 16470 16471 16472 16473 16474 16475 16476 16477 16478 16479 16480 16481 16482 16483 16484 16485 16486 16487 16488 16489 16490 16491 16492 16493 16494 16495 16496 16497 16498 16499 16500 16501 16502 16503 16504 16505 16506 16507 16508 16509 16510 16511 16512 16513 16514 16515 16516 16517 16518 16519 16520 16521 16522 16523 16524 16525 16526 16527 16528 16529 16530 16531 16532 16533 16534 16535 16536 16537 16538 16539 16540 16541 16542 16543 16544 16545 16546 16547 16548 16549 16550 16551 16552 16553 16554 16555 16556 16557 16558 16559 16560 16561 16562 16563 16564 16565 16566 16567 16568 16569 16570 16571 16572 16573 16574 16575 16576 16577 16578 16579 16580 16581 16582 16583 16584 16585 16586 16587 16588 16589 16590 16591 16592 16593 16594 16595 16596 16597 16598 16599 16600 16601 16602 16603 16604 16605 16606 16607 16608 16609 16610 16611 16612 16613 16614 16615 16616 16617 16618 16619 16620 16621 16622 16623 16624 16625 16626 16627 16628 16629 16630 16631 16632 16633 16634 16635 16636 16637 16638 16639 16640 16641 16642 16643 16644 16645 16646 16647 16648 16649 16650 16651 16652 16653 16654 16655 16656 16657 16658 16659 16660 16661 16662 16663 16664 16665 16666 16667 16668 16669 16670 16671 16672 16673 16674 16675 16676 16677 16678 16679 16680 16681 16682 16683 16684 16685 16686 16687 16688 16689 16690 16691 16692 16693 16694 16695 16696 16697 16698 16699 16700 16701 16702 16703 16704 16705 16706 16707 16708 16709 16710 16711 16712 16713 16714 16715 16716 16717 16718 16719 16720 16721 16722 16723 16724 16725 16726 16727 16728 16729 16730 16731 16732 16733 16734 16735 16736 16737 16738 16739 16740 16741 16742 16743 16744 16745 16746 16747 16748 16749 16750 16751 16752 16753 16754 16755 16756 16757 16758 16759 16760 16761 16762 16763 16764 16765 16766 16767 16768 16769 16770 16771 16772 16773 16774 16775 16776 16777 16778 16779 16780 16781 16782 16783 16784 16785 16786 16787 16788 16789 16790 16791 16792 16793 16794 16795 16796 16797 16798 16799 16800 16801 16802 16803 16804 16805 16806 16807 16808 16809 16810 16811 16812 16813 16814 16815 16816 16817 16818 16819 16820 16821 16822 16823 16824 16825 16826 16827 16828 16829 16830 16831 16832 16833 16834 16835 16836 16837 16838 16839 16840 16841 16842 16843 16844 16845 16846 16847 16848 16849 16850 16851 16852 16853 16854 16855 16856 16857 16858 16859 16860 16861 16862 16863 16864 16865 16866 16867 16868 16869 16870 16871 16872 16873 16874 16875 16876 16877 16878 16879 16880 16881 16882 16883 16884 16885 16886 16887 16888 16889 16890 16891 16892 16893 16894 16895 16896 16897 16898 16899 16900 16901 16902 16903 16904 16905 16906 16907 16908 16909 16910 16911 16912 16913 16914 16915 16916 16917 16918 16919 16920 16921 16922 16923 16924 16925 16926 16927 16928 16929 16930 16931 16932 16933 16934 16935 16936 16937 16938 16939 16940 16941 16942 16943 16944 16945 16946 16947 16948 16949 16950 16951 16952 16953 16954 16955 16956 16957 16958 16959 16960 16961 16962 16963 16964 16965 16966 16967 16968 16969 16970 16971 16972 16973 16974 16975 16976 16977 16978 16979 16980 16981 16982 16983 16984 16985 16986 16987 16988 16989 16990 16991 16992 16993 16994 16995 16996 16997 16998 16999 17000 17001 17002 17003 17004 17005 17006 17007 17008 17009 17010 17011 17012 17013 17014 17015 17016 17017 17018 17019 17020 17021 17022 17023 17024 17025 17026 17027 17028 17029 17030 17031 17032 17033 17034 17035 17036 17037 17038 17039 17040 17041 17042 17043 17044 17045 17046 17047 17048 17049 17050 17051 17052 17053 17054 17055 17056 17057 17058 17059 17060 17061 17062 17063 17064 17065 17066 17067 17068 17069 17070 17071 17072 17073 17074 17075 17076 17077 17078 17079 17080 17081 17082 17083 17084 17085 17086 17087 17088 17089 17090 17091 17092 17093 17094 17095 17096 17097 17098 17099 17100 17101 17102 17103 17104 17105 17106 17107 17108 17109 17110 17111 17112 17113 17114 17115 17116 17117 17118 17119 17120 17121 17122 17123 17124 17125 17126 17127 17128 17129 17130 17131 17132 17133 17134 17135 17136 17137 17138 17139 17140 17141 17142 17143 17144 17145 17146 17147 17148 17149 17150 17151 17152 17153 17154 17155 17156 17157 17158 17159 17160 17161 17162 17163 17164 17165 17166 17167 17168 17169 17170 17171 17172 17173 17174 17175 17176 17177 17178 17179 17180 17181 17182 17183 17184 17185 17186 17187 17188 17189 17190 17191 17192 17193 17194 17195 17196 17197 17198 17199 17200 17201 17202 17203 17204 17205 17206 17207 17208 17209 17210 17211 17212 17213 17214 17215 17216 17217 17218 17219 17220 17221 17222 17223 17224 17225 17226 17227 17228 17229 17230 17231 17232 17233 17234 17235 17236 17237 17238 17239 17240 17241 17242 17243 17244 17245 17246 17247 17248 17249 17250 17251 17252 17253 17254 17255 17256 17257 17258 17259 17260 17261 17262 17263 17264 17265 17266 17267 17268 17269 17270 17271 17272 17273 17274 17275 17276 17277 17278 17279 17280 17281 17282 17283 17284 17285 17286 17287 17288 17289 17290 17291 17292 17293 17294 17295 17296 17297 17298 17299 17300 17301 17302 17303 17304 17305 17306 17307 17308 17309 17310 17311 17312 17313 17314 17315 17316 17317 17318 17319 17320 17321 17322 17323 17324 17325 17326 17327 17328 17329 17330 17331 17332 17333 17334 17335 17336 17337 17338 17339 17340 17341 17342 17343 17344 17345 17346 17347 17348 17349 17350 17351 17352 17353 17354 17355 17356 17357 17358 17359 17360 17361 17362 17363 17364 17365 17366 17367 17368 17369 17370 17371 17372 17373 17374 17375 17376 17377 17378 17379 17380 17381 17382 17383 17384 17385 17386 17387 17388 17389 17390 17391 17392 17393 17394 17395 17396 17397 17398 17399 17400 17401 17402 17403 17404 17405 17406 17407 17408 17409 17410 17411 17412 17413 17414 17415 17416 17417 17418 17419 17420 17421 17422 17423 17424 17425 17426 17427 17428 17429 17430 17431 17432 17433 17434 17435 17436 17437 17438 17439 17440 17441 17442 17443 17444 17445 17446 17447 17448 17449 17450 17451 17452 17453 17454 17455 17456 17457 17458 17459 17460 17461 17462 17463 17464 17465 17466 17467 17468 17469 17470 17471 17472 17473 17474 17475 17476 17477 17478 17479 17480 17481 17482 17483 17484 17485 17486 17487 17488 17489 17490 17491 17492 17493 17494 17495 17496 17497 17498 17499 17500 17501 17502 17503 17504 17505 17506 17507 17508 17509 17510 17511 17512 17513 17514 17515 17516 17517 17518 17519 17520 17521 17522 17523 17524 17525 17526 17527 17528 17529 17530 17531 17532 17533 17534 17535 17536 17537 17538 17539 17540 17541 17542 17543 17544 17545 17546 17547 17548 17549 17550 17551 17552 17553 17554 17555 17556 17557 17558 17559 17560 17561 17562 17563 17564 17565 17566 17567 17568 17569 17570 17571 17572 17573 17574 17575 17576 17577 17578 17579 17580 17581 17582 17583 17584 17585 17586 17587 17588 17589 17590 17591 17592 17593 17594 17595 17596 17597 17598 17599 17600 17601 17602 17603 17604 17605 17606 17607 17608 17609 17610 17611 17612 17613 17614 17615 17616 17617 17618 17619 17620 17621 17622 17623 17624 17625 17626 17627 17628 17629 17630 17631 17632 17633 17634 17635 17636 17637 17638 17639 17640 17641 17642 17643 17644 17645 17646 17647 17648 17649 17650 17651 17652 17653 17654 17655 17656 17657 17658 17659 17660 17661 17662 17663 17664 17665 17666 17667 17668 17669 17670 17671 17672 17673 17674 17675 17676 17677 17678 17679 17680 17681 17682 17683 17684 17685 17686 17687 17688 17689 17690 17691 17692 17693 17694 17695 17696 17697 17698 17699 17700 17701 17702 17703 17704 17705 17706 17707 17708 17709 17710 17711 17712 17713 17714 17715 17716 17717 17718 17719 17720 17721 17722 17723 17724 17725 17726 17727 17728 17729 17730 17731 17732 17733 17734 17735 17736 17737 17738 17739 17740 17741 17742 17743 17744 17745 17746 17747 17748 17749 17750 17751 17752 17753 17754 17755 17756 17757 17758 17759 17760 17761 17762 17763 17764 17765 17766 17767 17768 17769 17770 17771 17772 17773 17774 17775 17776 17777 17778 17779 17780 17781 17782 17783 17784 17785 17786 17787 17788 17789 17790 17791 17792 17793 17794 17795 17796 17797 17798 17799 17800 17801 17802 17803 17804 17805 17806 17807 17808 17809 17810 17811 17812 17813 17814 17815 17816 17817 17818 17819 17820 17821 17822 17823 17824 17825 17826 17827 17828 17829 17830 17831 17832 17833 17834 17835 17836 17837 17838 17839 17840 17841 17842 17843 17844 17845 17846 17847 17848 17849 17850 17851 17852 17853 17854 17855 17856 17857 17858 17859 17860 17861 17862 17863 17864 17865 17866 17867 17868 17869 17870 17871 17872 17873 17874 17875 17876 17877 17878 17879 17880 17881 17882 17883 17884 17885 17886 17887 17888 17889 17890 17891 17892 17893 17894 17895 17896 17897 17898 17899 17900 17901 17902 17903 17904 17905 17906 17907 17908 17909 17910 17911 17912 17913 17914 17915 17916 17917 17918 17919 17920 17921 17922 17923 17924 17925 17926 17927 17928 17929 17930 17931 17932 17933 17934 17935 17936 17937 17938 17939 17940 17941 17942 17943 17944 17945 17946 17947 17948 17949 17950 17951 17952 17953 17954 17955 17956 17957 17958 17959 17960 17961 17962 17963 17964 17965 17966 17967 17968 17969 17970 17971 17972 17973 17974 17975 17976 17977 17978 17979 17980 17981 17982 17983 17984 17985 17986 17987 17988 17989 17990 17991 17992 17993 17994 17995 17996 17997 17998 17999 18000 18001 18002 18003 18004 18005 18006 18007 18008 18009 18010 18011 18012 18013 18014 18015 18016 18017 18018 18019 18020 18021 18022 18023 18024 18025 18026 18027 18028 18029 18030 18031 18032 18033 18034 18035 18036 18037 18038 18039 18040 18041 18042 18043 18044 18045 18046 18047 18048 18049 18050 18051 18052 18053 18054 18055 18056 18057 18058 18059 18060 18061 18062 18063 18064 18065 18066 18067 18068 18069 18070 18071 18072 18073 18074 18075 18076 18077 18078 18079 18080 18081 18082 18083 18084 18085 18086 18087 18088 18089 18090 18091 18092 18093 18094 18095 18096 18097 18098 18099 18100 18101 18102 18103 18104 18105 18106 18107 18108 18109 18110 18111 18112 18113 18114 18115 18116 18117 18118 18119 18120 18121 18122 18123 18124 18125 18126 18127 18128 18129 18130 18131 18132 18133 18134 18135 18136 18137 18138 18139 18140 18141 18142 18143 18144 18145 18146 18147 18148 18149 18150 18151 18152 18153 18154 18155 18156 18157 18158 18159 18160 18161 18162 18163 18164 18165 18166 18167 18168 18169 18170 18171 18172 18173 18174 18175 18176 18177 18178 18179 18180 18181 18182 18183 18184 18185 18186 18187 18188 18189 18190 18191 18192 18193 18194 18195 18196 18197 18198 18199 18200 18201 18202 18203 18204 18205 18206 18207 18208 18209 18210 18211 18212 18213 18214 18215 18216 18217 18218 18219 18220 18221 18222 18223 18224 18225 18226 18227 18228 18229 18230 18231 18232 18233 18234 18235 18236 18237 18238 18239 18240 18241 18242 18243 18244 18245 18246 18247 18248 18249 18250 18251 18252 18253 18254 18255 18256 18257 18258 18259 18260 18261 18262 18263 18264 18265 18266 18267 18268 18269 18270 18271 18272 18273 18274 18275 18276 18277 18278 18279 18280 18281 18282 18283 18284 18285 18286 18287 18288 18289 18290 18291 18292 18293 18294 18295 18296 18297 18298 18299 18300 18301 18302 18303 18304 18305 18306 18307 18308 18309 18310 18311 18312 18313 18314 18315 18316 18317 18318 18319 18320 18321 18322 18323 18324 18325 18326 18327 18328 18329 18330 18331 18332 18333 18334 18335 18336 18337 18338 18339 18340 18341 18342 18343 18344 18345 18346 18347 18348 18349 18350 18351 18352 18353 18354 18355 18356 18357 18358 18359 18360 18361 18362 18363 18364 18365 18366 18367 18368 18369 18370 18371 18372 18373 18374 18375 18376 18377 18378 18379 18380 18381 18382 18383 18384 18385 18386 18387 18388 18389 18390 18391 18392 18393 18394 18395 18396 18397 18398 18399 18400 18401 18402 18403 18404 18405 18406 18407 18408 18409 18410 18411 18412 18413 18414 18415 18416 18417 18418 18419 18420 18421 18422 18423 18424 18425 18426 18427 18428 18429 18430 18431 18432 18433 18434 18435 18436 18437 18438 18439 18440 18441 18442 18443 18444 18445 18446 18447 18448 18449 18450 18451 18452 18453 18454 18455 18456 18457 18458 18459 18460 18461 18462 18463 18464 18465 18466 18467 18468 18469 18470 18471 18472 18473 18474 18475 18476 18477 18478 18479 18480 18481 18482 18483 18484 18485 18486 18487 18488 18489 18490 18491 18492 18493 18494 18495 18496 18497 18498 18499 18500 18501 18502 18503 18504 18505 18506 18507 18508 18509 18510 18511 18512 18513 18514 18515 18516 18517 18518 18519 18520 18521 18522 18523 18524 18525 18526 18527 18528 18529 18530 18531 18532 18533 18534 18535 18536 18537 18538 18539 18540 18541 18542 18543 18544 18545 18546 18547 18548 18549 18550 18551 18552 18553 18554 18555 18556 18557 18558 18559 18560 18561 18562 18563 18564 18565 18566 18567 18568 18569 18570 18571 18572 18573 18574 18575 18576 18577 18578 18579 18580 18581 18582 18583 18584 18585 18586 18587 18588 18589 18590 18591 18592 18593 18594 18595 18596 18597 18598 18599 18600 18601 18602 18603 18604 18605 18606 18607 18608 18609 18610 18611 18612 18613 18614 18615 18616 18617 18618 18619 18620 18621 18622 18623 18624 18625 18626 18627 18628 18629 18630 18631 18632 18633 18634 18635 18636 18637 18638 18639 18640 18641 18642 18643 18644 18645 18646 18647 18648 18649 18650 18651 18652 18653 18654 18655 18656 18657 18658 18659 18660 18661 18662 18663 18664 18665 18666 18667 18668 18669 18670 18671 18672 18673 18674 18675 18676 18677 18678 18679 18680 18681 18682 18683 18684 18685 18686 18687 18688 18689 18690 18691 18692 18693 18694 18695 18696 18697 18698 18699 18700 18701 18702 18703 18704 18705 18706 18707 18708 18709 18710 18711 18712 18713 18714 18715 18716 18717 18718 18719 18720 18721 18722 18723 18724 18725 18726 18727 18728 18729 18730 18731 18732 18733 18734 18735 18736 18737 18738 18739 18740 18741 18742 18743 18744 18745 18746 18747 18748 18749 18750 18751 18752 18753 18754 18755 18756 18757 18758 18759 18760 18761 18762 18763 18764 18765 18766 18767 18768 18769 18770 18771 18772 18773 18774 18775 18776 18777 18778 18779 18780 18781 18782 18783 18784 18785 18786 18787 18788 18789 18790 18791 18792 18793 18794 18795 18796 18797 18798 18799 18800 18801 18802 18803 18804 18805 18806 18807 18808 18809 18810 18811 18812 18813 18814 18815 18816 18817 18818 18819 18820 18821 18822 18823 18824 18825 18826 18827 18828 18829 18830 18831 18832 18833 18834 18835 18836 18837 18838 18839 18840 18841 18842 18843 18844 18845 18846 18847 18848 18849 18850 18851 18852 18853 18854 18855 18856 18857 18858 18859 18860 18861 18862 18863 18864 18865 18866 18867 18868 18869 18870 18871 18872 18873 18874 18875 18876 18877 18878 18879 18880 18881 18882 18883 18884 18885 18886 18887 18888 18889 18890 18891 18892 18893 18894 18895 18896 18897 18898 18899 18900 18901 18902 18903 18904 18905 18906 18907 18908 18909 18910 18911 18912 18913 18914 18915 18916 18917 18918 18919 18920 18921 18922 18923 18924 18925 18926 18927 18928 18929 18930 18931 18932 18933 18934 18935 18936 18937 18938 18939 18940 18941 18942 18943 18944 18945 18946 18947 18948 18949 18950 18951 18952 18953 18954 18955 18956 18957 18958 18959 18960 18961 18962 18963 18964 18965 18966 18967 18968 18969 18970 18971 18972 18973 18974 18975 18976 18977 18978 18979 18980 18981 18982 18983 18984 18985 18986 18987 18988 18989 18990 18991 18992 18993 18994 18995 18996 18997 18998 18999 19000 19001 19002 19003 19004 19005 19006 19007 19008 19009 19010 19011 19012 19013 19014 19015 19016 19017 19018 19019 19020 19021 19022 19023 19024 19025 19026 19027 19028 19029 19030 19031 19032 19033 19034 19035 19036 19037 19038 19039 19040 19041 19042 19043 19044 19045 19046 19047 19048 19049 19050 19051 19052 19053 19054 19055 19056 19057 19058 19059 19060 19061 19062 19063 19064 19065 19066 19067 19068 19069 19070 19071 19072 19073 19074 19075 19076 19077 19078 19079 19080 19081 19082 19083 19084 19085 19086 19087 19088 19089 19090 19091 19092 19093 19094 19095 19096 19097 19098 19099 19100 19101 19102 19103 19104 19105 19106 19107 19108 19109 19110 19111 19112 19113 19114 19115 19116 19117 19118 19119 19120 19121 19122 19123 19124 19125 19126 19127 19128 19129 19130 19131 19132 19133 19134 19135 19136 19137 19138 19139 19140 19141 19142 19143 19144 19145 19146 19147 19148 19149 19150 19151 19152 19153 19154 19155 19156 19157 19158 19159 19160 19161 19162 19163 19164 19165 19166 19167 19168 19169 19170 19171 19172 19173 19174 19175 19176 19177 19178 19179 19180 19181 19182 19183 19184 19185 19186 19187 19188 19189 19190 19191 19192 19193 19194 19195 19196 19197 19198 19199 19200 19201 19202 19203 19204 19205 19206 19207 19208 19209 19210 19211 19212 19213 19214 19215 19216 19217 19218 19219 19220 19221 19222 19223 19224 19225 19226 19227 19228 19229 19230 19231 19232 19233 19234 19235 19236 19237 19238 19239 19240 19241 19242 19243 19244 19245 19246 19247 19248 19249 19250 19251 19252 19253 19254 19255 19256 19257 19258 19259 19260 19261 19262 19263 19264 19265 19266 19267 19268 19269 19270 19271 19272 19273 19274 19275 19276 19277 19278 19279 19280 19281 19282 19283 19284 19285 19286 19287 19288 19289 19290 19291 19292 19293 19294 19295 19296 19297 19298 19299 19300 19301 19302 19303 19304 19305 19306 19307 19308 19309 19310 19311 19312 19313 19314 19315 19316 19317 19318 19319 19320 19321 19322 19323 19324 19325 19326 19327 19328 19329 19330 19331 19332 19333 19334 19335 19336 19337 19338 19339 19340 19341 19342 19343 19344 19345 19346 19347 19348 19349 19350 19351 19352 19353 19354 19355 19356 19357 19358 19359 19360 19361 19362 19363 19364 19365 19366 19367 19368 19369 19370 19371 19372 19373 19374 19375 19376 19377 19378 19379 19380 19381 19382 19383 19384 19385 19386 19387 19388 19389 19390 19391 19392 19393 19394 19395 19396 19397 19398 19399 19400 19401 19402 19403 19404 19405 19406 19407 19408 19409 19410 19411 19412 19413 19414 19415 19416 19417 19418 19419 19420 19421 19422 19423 19424 19425 19426 19427 19428 19429 19430 19431 19432 19433 19434 19435 19436 19437 19438 19439 19440 19441 19442 19443 19444 19445 19446 19447 19448 19449 19450 19451 19452 19453 19454 19455 19456 19457 19458 19459 19460 19461 19462 19463 19464 19465 19466 19467 19468 19469 19470 19471 19472 19473 19474 19475 19476 19477 19478 19479 19480 19481 19482 19483 19484 19485 19486 19487 19488 19489 19490 19491 19492 19493 19494 19495 19496 19497 19498 19499 19500 19501 19502 19503 19504 19505 19506 19507 19508 19509 19510 19511 19512 19513 19514 19515 19516 19517 19518 19519 19520 19521 19522 19523 19524 19525 19526 19527 19528 19529 19530 19531 19532 19533 19534 19535 19536 19537 19538 19539 19540 19541 19542 19543 19544 19545 19546 19547 19548 19549 19550 19551 19552 19553 19554 19555 19556 19557 19558 19559 19560 19561 19562 19563 19564 19565 19566 19567 19568 19569 19570 19571 19572 19573 19574 19575 19576 19577 19578 19579 19580 19581 19582 19583 19584 19585 19586 19587 19588 19589 19590 19591 19592 19593 19594 19595 19596 19597 19598 19599 19600 19601 19602 19603 19604 19605 19606 19607 19608 19609 19610 19611 19612 19613 19614 19615 19616 19617 19618 19619 19620 19621 19622 19623 19624 19625 19626 19627 19628 19629 19630 19631 19632 19633 19634 19635 19636 19637 19638 19639 19640 19641 19642 19643 19644 19645 19646 19647 19648 19649 19650 19651 19652 19653 19654 19655 19656 19657 19658 19659 19660 19661 19662 19663 19664 19665 19666 19667 19668 19669 19670 19671 19672 19673 19674 19675 19676 19677 19678 19679 19680 19681 19682 19683 19684 19685 19686 19687 19688 19689 19690 19691 19692 19693 19694 19695 19696 19697 19698 19699 19700 19701 19702 19703 19704 19705 19706 19707 19708 19709 19710 19711 19712 19713 19714 19715 19716 19717 19718 19719 19720 19721 19722 19723 19724 19725 19726 19727 19728 19729 19730 19731 19732 19733 19734 19735 19736 19737 19738 19739 19740 19741 19742 19743 19744 19745 19746 19747 19748 19749 19750 19751 19752 19753 19754 19755 19756 19757 19758 19759 19760 19761 19762 19763 19764 19765 19766 19767 19768 19769 19770 19771 19772 19773 19774 19775 19776 19777 19778 19779 19780 19781 19782 19783 19784 19785 19786 19787 19788 19789 19790 19791 19792 19793 19794 19795 19796 19797 19798 19799 19800 19801 19802 19803 19804 19805 19806 19807 19808 19809 19810 19811 19812 19813 19814 19815 19816 19817 19818 19819 19820 19821 19822 19823 19824 19825 19826 19827 19828 19829 19830 19831 19832 19833 19834 19835 19836 19837 19838 19839 19840 19841 19842 19843 19844 19845 19846 19847 19848 19849 19850 19851 19852 19853 19854 19855 19856 19857 19858 19859 19860 19861 19862 19863 19864 19865 19866 19867 19868 19869 19870 19871 19872 19873 19874 19875 19876 19877 19878 19879 19880 19881 19882 19883 19884 19885 19886 19887 19888 19889 19890 19891 19892 19893 19894 19895 19896 19897 19898 19899 19900 19901 19902 19903 19904 19905 19906 19907 19908 19909 19910 19911 19912 19913 19914 19915 19916 19917 19918 19919 19920 19921 19922 19923 19924 19925 19926 19927 19928 19929 19930 19931 19932 19933 19934 19935 19936 19937 19938 19939 19940 19941 19942 19943 19944 19945 19946 19947 19948 19949 19950 19951 19952 19953 19954 19955 19956 19957 19958 19959 19960 19961 19962 19963 19964 19965 19966 19967 19968 19969 19970 19971 19972 19973 19974 19975 19976 19977 19978 19979 19980 19981 19982 19983 19984 19985 19986 19987 19988 19989 19990 19991 19992 19993 19994 19995 19996 19997 19998 19999 20000 20001 20002 20003 20004 20005 20006 20007 20008 20009 20010 20011 20012 20013 20014 20015 20016 20017 20018 20019 20020 20021 20022 20023 20024 20025 20026 20027 20028 20029 20030 20031 20032 20033 20034 20035 20036 20037 20038 20039 20040 20041 20042 20043 20044 20045 20046 20047 20048 20049 20050 20051 20052 20053 20054 20055 20056 20057 20058 20059 20060 20061 20062 20063 20064 20065 20066 20067 20068 20069 20070 20071 20072 20073 20074 20075 20076 20077 20078 20079 20080 20081 20082 20083 20084 20085 20086 20087 20088 20089 20090 20091 20092 20093 20094 20095 20096 20097 20098 20099 20100 20101 20102 20103 20104 20105 20106 20107 20108 20109 20110 20111 20112 20113 20114 20115 20116 20117 20118 20119 20120 20121 20122 20123 20124 20125 20126 20127 20128 20129 20130 20131 20132 20133 20134 20135 20136 20137 20138 20139 20140 20141 20142 20143 20144 20145 20146 20147 20148 20149 20150 20151 20152 20153 20154 20155 20156 20157 20158 20159 20160 20161 20162 20163 20164 20165 20166 20167 20168 20169 20170 20171 20172 20173 20174 20175 20176 20177 20178 20179 20180 20181 20182 20183 20184 20185 20186 20187 20188 20189 20190 20191 20192 20193 20194 20195 20196 20197 20198 20199 20200 20201 20202 20203 20204 20205 20206 20207 20208 20209 20210 20211 20212 20213 20214 20215 20216 20217 20218 20219 20220 20221 20222 20223 20224 20225 20226 20227 20228 20229 20230 20231 20232 20233 20234 20235 20236 20237 20238 20239 20240 20241 20242 20243 20244 20245 20246 20247 20248 20249 20250 20251 20252 20253 20254 20255 20256 20257 20258 20259 20260 20261 20262 20263 20264 20265 20266 20267 20268 20269 20270 20271 20272 20273 20274 20275 20276 20277 20278 20279 20280 20281 20282 20283 20284 20285 20286 20287 20288 20289 20290 20291 20292 20293 20294 20295 20296 20297 20298 20299 20300 20301 20302 20303 20304 20305 20306 20307 20308 20309 20310 20311 20312 20313 20314 20315 20316 20317 20318 20319 20320 20321 20322 20323 20324 20325 20326 20327 20328 20329 20330 20331 20332 20333 20334 20335 20336 20337 20338 20339 20340 20341 20342 20343 20344 20345 20346 20347 20348 20349 20350 20351 20352 20353 20354 20355 20356 20357 20358 20359 20360 20361 20362 20363 20364 20365 20366 20367 20368 20369 20370 20371 20372 20373 20374 20375 20376 20377 20378 20379 20380 20381 20382 20383 20384 20385 20386 20387 20388 20389 20390 20391 20392 20393 20394 20395 20396 20397 20398 20399 20400 20401 20402 20403 20404 20405 20406 20407 20408 20409 20410 20411 20412 20413 20414 20415 20416 20417 20418 20419 20420 20421 20422 20423 20424 20425 20426 20427 20428 20429 20430 20431 20432 20433 20434 20435 20436 20437 20438 20439 20440 20441 20442 20443 20444 20445 20446 20447 20448 20449 20450 20451 20452 20453 20454 20455 20456 20457 20458 20459 20460 20461 20462 20463 20464 20465 20466 20467 20468 20469 20470 20471 20472 20473 20474 20475 20476 20477 20478 20479 20480 20481 20482 20483 20484 20485 20486 20487 20488 20489 20490 20491 20492 20493 20494 20495 20496 20497 20498 20499 20500 20501 20502 20503 20504 20505 20506 20507 20508 20509 20510 20511 20512 20513 20514 20515 20516 20517 20518 20519 20520 20521 20522 20523 20524 20525 20526 20527 20528 20529 20530 20531 20532 20533 20534 20535 20536 20537 20538 20539 20540 20541 20542 20543 20544 20545 20546 20547 20548 20549 20550 20551 20552 20553 20554 20555 20556 20557 20558 20559 20560 20561 20562 20563 20564 20565 20566 20567 20568 20569 20570 20571 20572 20573 20574 20575 20576 20577 20578 20579 20580 20581 20582 20583 20584 20585 20586 20587 20588 20589 20590 20591 20592 20593 20594 20595 20596 20597 20598 20599 20600 20601 20602 20603 20604 20605 20606 20607 20608 20609 20610 20611 20612 20613 20614 20615 20616 20617 20618 20619 20620 20621 20622 20623 20624 20625 20626 20627 20628 20629 20630 20631 20632 20633 20634 20635 20636 20637 20638 20639 20640 20641 20642 20643 20644 20645 20646 20647 20648 20649 20650 20651 20652 20653 20654 20655 20656 20657 20658 20659 20660 20661 20662 20663 20664 20665 20666 20667 20668 20669 20670 20671 20672 20673 20674 20675 20676 20677 20678 20679 20680 20681 20682 20683 20684 20685 20686 20687 20688 20689 20690 20691 20692 20693 20694 20695 20696 20697 20698 20699 20700 20701 20702 20703 20704 20705 20706 20707 20708 20709 20710 20711 20712 20713 20714 20715 20716 20717 20718 20719 20720 20721 20722 20723 20724 20725 20726 20727 20728 20729 20730 20731 20732 20733 20734 20735 20736 20737 20738 20739 20740 20741 20742 20743 20744 20745 20746 20747 20748 20749 20750 20751 20752 20753 20754 20755 20756 20757 20758 20759 20760 20761 20762 20763 20764 20765 20766 20767 20768 20769 20770 20771 20772 20773 20774 20775 20776 20777 20778 20779 20780 20781 20782 20783 20784 20785 20786 20787 20788 20789 20790 20791 20792 20793 20794 20795 20796 20797 20798 20799 20800 20801 20802 20803 20804 20805 20806 20807 20808 20809 20810 20811 20812 20813 20814 20815 20816 20817 20818 20819 20820 20821 20822 20823 20824 20825 20826 20827 20828 20829 20830 20831 20832 20833 20834 20835 20836 20837 20838 20839 20840 20841 20842 20843 20844 20845 20846 20847 20848 20849 20850 20851 20852 20853 20854 20855 20856 20857 20858 20859 20860 20861 20862 20863 20864 20865 20866 20867 20868 20869 20870 20871 20872 20873 20874 20875 20876 20877 20878 20879 20880 20881 20882 20883 20884 20885 20886 20887 20888 20889 20890 20891 20892 20893 20894 20895 20896 20897 20898 20899 20900 20901 20902 20903 20904 20905 20906 20907 20908 20909 20910 20911 20912 20913 20914 20915 20916 20917 20918 20919 20920 20921 20922 20923 20924 20925 20926 20927 20928 20929 20930 20931 20932 20933 20934 20935 20936 20937 20938 20939 20940 20941 20942 20943 20944 20945 20946 20947 20948 20949 20950 20951 20952 20953 20954 20955 20956 20957 20958 20959 20960 20961 20962 20963 20964 20965 20966 20967 20968 20969 20970 20971 20972 20973 20974 20975 20976 20977 20978 20979 20980 20981 20982 20983 20984 20985 20986 20987 20988 20989 20990 20991 20992 20993 20994 20995 20996 20997 20998 20999 21000 21001 21002 21003 21004 21005 21006 21007 21008 21009 21010 21011 21012 21013 21014 21015 21016 21017 21018 21019 21020 21021 21022 21023 21024 21025 21026 21027 21028 21029 21030 21031 21032 21033 21034 21035 21036 21037 21038 21039 21040 21041 21042 21043 21044 21045 21046 21047 21048 21049 21050 21051 21052 21053 21054 21055 21056 21057 21058 21059 21060 21061 21062 21063 21064 21065 21066 21067 21068 21069 21070 21071 21072 21073 21074 21075 21076 21077 21078 21079 21080 21081 21082 21083 21084 21085 21086 21087 21088 21089 21090 21091 21092 21093 21094 21095 21096 21097 21098 21099 21100 21101 21102 21103 21104 21105 21106 21107 21108 21109 21110 21111 21112 21113 21114 21115 21116 21117 21118 21119 21120 21121 21122 21123 21124 21125 21126 21127 21128 21129 21130 21131 21132 21133 21134 21135 21136 21137 21138 21139 21140 21141 21142 21143 21144 21145 21146 21147 21148 21149 21150 21151 21152 21153 21154 21155 21156 21157 21158 21159 21160 21161 21162 21163 21164 21165 21166 21167 21168 21169 21170 21171 21172 21173 21174 21175 21176 21177 21178 21179 21180 21181 21182 21183 21184 21185 21186 21187 21188 21189 21190 21191 21192 21193 21194 21195 21196 21197 21198 21199 21200 21201 21202 21203 21204 21205 21206 21207 21208 21209 21210 21211 21212 21213 21214 21215 21216 21217 21218 21219 21220 21221 21222 21223 21224 21225 21226 21227 21228 21229 21230 21231 21232 21233 21234 21235 21236 21237 21238 21239 21240 21241 21242 21243 21244 21245 21246 21247 21248 21249 21250 21251 21252 21253 21254 21255 21256 21257 21258 21259 21260 21261 21262 21263 21264 21265 21266 21267 21268 21269 21270 21271 21272 21273 21274 21275 21276 21277 21278 21279 21280 21281 21282 21283 21284 21285 21286 21287 21288 21289 21290 21291 21292 21293 21294 21295 21296 21297 21298 21299 21300 21301 21302 21303 21304 21305 21306 21307 21308 21309 21310 21311 21312 21313 21314 21315 21316 21317 21318 21319 21320 21321 21322 21323 21324 21325 21326 21327 21328 21329 21330 21331 21332 21333 21334 21335 21336 21337 21338 21339 21340 21341 21342 21343 21344 21345 21346 21347 21348 21349 21350 21351 21352 21353 21354 21355 21356 21357 21358 21359 21360 21361 21362 21363 21364 21365 21366 21367 21368 21369 21370 21371 21372 21373 21374 21375 21376 21377 21378 21379 21380 21381 21382 21383 21384 21385 21386 21387 21388 21389 21390 21391 21392 21393 21394 21395 21396 21397 21398 21399 21400 21401 21402 21403 21404 21405 21406 21407 21408 21409 21410 21411 21412 21413 21414 21415 21416 21417 21418 21419 21420 21421 21422 21423 21424 21425 21426 21427 21428 21429 21430 21431 21432 21433 21434 21435 21436 21437 21438 21439 21440 21441 21442 21443 21444 21445 21446 21447 21448 21449 21450 21451 21452 21453 21454 21455 21456 21457 21458 21459 21460 21461 21462 21463 21464 21465 21466 21467 21468 21469 21470 21471 21472 21473 21474 21475 21476 21477 21478 21479 21480 21481 21482 21483 21484 21485 21486 21487 21488 21489 21490 21491 21492 21493 21494 21495 21496 21497 21498 21499 21500 21501 21502 21503 21504 21505 21506 21507 21508 21509 21510 21511 21512 21513 21514 21515 21516 21517 21518 21519 21520 21521 21522 21523 21524 21525 21526 21527 21528 21529 21530 21531 21532 21533 21534 21535 21536 21537 21538 21539 21540 21541 21542 21543 21544 21545 21546 21547 21548 21549 21550 21551 21552 21553 21554 21555 21556 21557 21558 21559 21560 21561 21562 21563 21564 21565 21566 21567 21568 21569 21570 21571 21572 21573 21574 21575 21576 21577 21578 21579 21580 21581 21582 21583 21584 21585 21586 21587 21588 21589 21590 21591 21592 21593 21594 21595 21596 21597 21598 21599 21600 21601 21602 21603 21604 21605 21606 21607 21608 21609 21610 21611 21612 21613 21614 21615 21616 21617 21618 21619 21620 21621 21622 21623 21624 21625 21626 21627 21628 21629 21630 21631 21632 21633 21634 21635 21636 21637 21638 21639 21640 21641 21642 21643 21644 21645 21646 21647 21648 21649 21650 21651 21652 21653 21654 21655 21656 21657 21658 21659 21660 21661 21662 21663 21664 21665 21666 21667 21668 21669 21670 21671 21672 21673 21674 21675 21676 21677 21678 21679 21680 21681 21682 21683 21684 21685 21686 21687 21688 21689 21690 21691 21692 21693 21694 21695 21696 21697 21698 21699 21700 21701 21702 21703 21704 21705 21706 21707 21708 21709 21710 21711 21712 21713 21714 21715 21716 21717 21718 21719 21720 21721 21722 21723 21724 21725 21726 21727 21728 21729 21730 21731 21732 21733 21734 21735 21736 21737 21738 21739 21740 21741 21742 21743 21744 21745 21746 21747 21748 21749 21750 21751 21752 21753 21754 21755 21756 21757 21758 21759 21760 21761 21762 21763 21764 21765 21766 21767 21768 21769 21770 21771 21772 21773 21774 21775 21776 21777 21778 21779 21780 21781 21782 21783 21784 21785 21786 21787 21788 21789 21790 21791 21792 21793 21794 21795 21796 21797 21798 21799 21800 21801 21802 21803 21804 21805 21806 21807 21808 21809 21810 21811 21812 21813 21814 21815 21816 21817 21818 21819 21820 21821 21822 21823 21824 21825 21826 21827 21828 21829 21830 21831 21832 21833 21834 21835 21836 21837 21838 21839 21840 21841 21842 21843 21844 21845 21846 21847 21848 21849 21850 21851 21852 21853 21854 21855 21856 21857 21858 21859 21860 21861 21862 21863 21864 21865 21866 21867 21868 21869 21870 21871 21872 21873 21874 21875 21876 21877 21878 21879 21880 21881 21882 21883 21884 21885 21886 21887 21888 21889 21890 21891 21892 21893 21894 21895 21896 21897 21898 21899 21900 21901 21902 21903 21904 21905 21906 21907 21908 21909 21910 21911 21912 21913 21914 21915 21916 21917 21918 21919 21920 21921 21922 21923 21924 21925 21926 21927 21928 21929 21930 21931 21932 21933 21934 21935 21936 21937 21938 21939 21940 21941 21942 21943 21944 21945 21946 21947 21948 21949 21950 21951 21952 21953 21954 21955 21956 21957 21958 21959 21960 21961 21962 21963 21964 21965 21966 21967 21968 21969 21970 21971 21972 21973 21974 21975 21976 21977 21978 21979 21980 21981 21982 21983 21984 21985 21986 21987 21988 21989 21990 21991 21992 21993 21994 21995 21996 21997 21998 21999 22000 22001 22002 22003 22004 22005 22006 22007 22008 22009 22010 22011 22012 22013 22014 22015 22016 22017 22018 22019 22020 22021 22022 22023 22024 22025 22026 22027 22028 22029 22030 22031 22032 22033 22034 22035 22036 22037 22038 22039 22040 22041 22042 22043 22044 22045 22046 22047 22048 22049 22050 22051 22052 22053 22054 22055 22056 22057 22058 22059 22060 22061 22062 22063 22064 22065 22066 22067 22068 22069 22070 22071 22072 22073 22074 22075 22076 22077 22078 22079 22080 22081 22082 22083 22084 22085 22086 22087 22088 22089 22090 22091 22092 22093 22094 22095 22096 22097 22098 22099 22100 22101 22102 22103 22104 22105 22106 22107 22108 22109 22110 22111 22112 22113 22114 22115 22116 22117 22118 22119 22120 22121 22122 22123 22124 22125 22126 22127 22128 22129 22130 22131 22132 22133 22134 22135 22136 22137 22138 22139 22140 22141 22142 22143 22144 22145 22146 22147 22148 22149 22150 22151 22152 22153 22154 22155 22156 22157 22158 22159 22160 22161 22162 22163 22164 22165 22166 22167 22168 22169 22170 22171 22172 22173 22174 22175 22176 22177 22178 22179 22180 22181 22182 22183 22184 22185 22186 22187 22188 22189 22190 22191 22192 22193 22194 22195 22196 22197 22198 22199 22200 22201 22202 22203 22204 22205 22206 22207 22208 22209 22210 22211 22212 22213 22214 22215 22216 22217 22218 22219 22220 22221 22222 22223 22224 22225 22226 22227 22228 22229 22230 22231 22232 22233 22234 22235 22236 22237 22238 22239 22240 22241 22242 22243 22244 22245 22246 22247 22248 22249 22250 22251 22252 22253 22254 22255 22256 22257 22258 22259 22260 22261 22262 22263 22264 22265 22266 22267 22268 22269 22270 22271 22272 22273 22274 22275 22276 22277 22278 22279 22280 22281 22282 22283 22284 22285 22286 22287 22288 22289 22290 22291 22292 22293 22294 22295 22296 22297 22298 22299 22300 22301 22302 22303 22304 22305 22306 22307 22308 22309 22310 22311 22312 22313 22314 22315 22316 22317 22318 22319 22320 22321 22322 22323 22324 22325 22326 22327 22328 22329 22330 22331 22332 22333 22334 22335 22336 22337 22338 22339 22340 22341 22342 22343 22344 22345 22346 22347 22348 22349 22350 22351 22352 22353 22354 22355 22356 22357 22358 22359 22360 22361 22362 22363 22364 22365 22366 22367 22368 22369 22370 22371 22372 22373 22374 22375 22376 22377 22378 22379 22380 22381 22382 22383 22384 22385 22386 22387 22388 22389 22390 22391 22392 22393 22394 22395 22396 22397 22398 22399 22400 22401 22402 22403 22404 22405 22406 22407 22408 22409 22410 22411 22412 22413 22414 22415 22416 22417 22418 22419 22420 22421 22422 22423 22424 22425 22426 22427 22428 22429 22430 22431 22432 22433 22434 22435 22436 22437 22438 22439 22440 22441 22442 22443 22444 22445 22446 22447 22448 22449 22450 22451 22452 22453 22454 22455 22456 22457 22458 22459 22460 22461 22462 22463 22464 22465 22466 22467 22468 22469 22470 22471 22472 22473 22474 22475 22476 22477 22478 22479 22480 22481 22482 22483 22484 22485 22486 22487 22488 22489 22490 22491 22492 22493 22494 22495 22496 22497 22498 22499 22500 22501 22502 22503 22504 22505 22506 22507 22508 22509 22510 22511 22512 22513 22514 22515 22516 22517 22518 22519 22520 22521 22522 22523 22524 22525 22526 22527 22528 22529 22530 22531 22532 22533 22534 22535 22536 22537 22538 22539 22540 22541 22542 22543 22544 22545 22546 22547 22548 22549 22550 22551 22552 22553 22554 22555 22556 22557 22558 22559 22560 22561 22562 22563 22564 22565 22566 22567 22568 22569 22570 22571 22572 22573 22574 22575 22576 22577 22578 22579 22580 22581 22582 22583 22584 22585 22586 22587 22588 22589 22590 22591 22592 22593 22594 22595 22596 22597 22598 22599 22600 22601 22602 22603 22604 22605 22606 22607 22608 22609 22610 22611 22612 22613 22614 22615 22616 22617 22618 22619 22620 22621 22622 22623 22624 22625 22626 22627 22628 22629 22630 22631 22632 22633 22634 22635 22636 22637 22638 22639 22640 22641 22642 22643 22644 22645 22646 22647 22648 22649 22650 22651 22652 22653 22654 22655 22656 22657 22658 22659 22660 22661 22662 22663 22664 22665 22666 22667 22668 22669 22670 22671 22672 22673 22674 22675 22676 22677 22678 22679 22680 22681 22682 22683 22684 22685 22686 22687 22688 22689 22690 22691 22692 22693 22694 22695 22696 22697 22698 22699 22700 22701 22702 22703 22704 22705 22706 22707 22708 22709 22710 22711 22712 22713 22714 22715 22716 22717 22718 22719 22720 22721 22722 22723 22724 22725 22726 22727 22728 22729 22730 22731 22732 22733 22734 22735 22736 22737 22738 22739 22740 22741 22742 22743 22744 22745 22746 22747 22748 22749 22750 22751 22752 22753 22754 22755 22756 22757 22758 22759 22760 22761 22762 22763 22764 22765 22766 22767 22768 22769 22770 22771 22772 22773 22774 22775 22776 22777 22778 22779 22780 22781 22782 22783 22784 22785 22786 22787 22788 22789 22790 22791 22792 22793 22794 22795 22796 22797 22798 22799 22800 22801 22802 22803 22804 22805 22806 22807 22808 22809 22810 22811 22812 22813 22814 22815 22816 22817 22818 22819 22820 22821 22822 22823 22824 22825 22826 22827 22828 22829 22830 22831 22832 22833 22834 22835 22836 22837 22838 22839 22840 22841 22842 22843 22844 22845 22846 22847 22848 22849 22850 22851 22852 22853 22854 22855 22856 22857 22858 22859 22860 22861 22862 22863 22864 22865 22866 22867 22868 22869 22870 22871 22872 22873 22874 22875 22876 22877 22878 22879 22880 22881 22882 22883 22884 22885 22886 22887 22888 22889 22890 22891 22892 22893 22894 22895 22896 22897 22898 22899 22900 22901 22902 22903 22904 22905 22906 22907 22908 22909 22910 22911 22912 22913 22914 22915 22916 22917 22918 22919 22920 22921 22922 22923 22924 22925 22926 22927 22928 22929 22930 22931 22932 22933 22934 22935 22936 22937 22938 22939 22940 22941 22942 22943 22944 22945 22946 22947 22948 22949 22950 22951 22952 22953 22954 22955 22956 22957 22958 22959 22960 22961 22962 22963 22964 22965 22966 22967 22968 22969 22970 22971 22972 22973 22974 22975 22976 22977 22978 22979 22980 22981 22982 22983 22984 22985 22986 22987 22988 22989 22990 22991 22992 22993 22994 22995 22996 22997 22998 22999 23000 23001 23002 23003 23004 23005 23006 23007 23008 23009 23010 23011 23012 23013 23014 23015 23016 23017 23018 23019 23020 23021 23022 23023 23024 23025 23026 23027 23028 23029 23030 23031 23032 23033 23034 23035 23036 23037 23038 23039 23040 23041 23042 23043 23044 23045 23046 23047 23048 23049 23050 23051 23052 23053 23054 23055 23056 23057 23058 23059 23060 23061 23062 23063 23064 23065 23066 23067 23068 23069 23070 23071 23072 23073 23074 23075 23076 23077 23078 23079 23080 23081 23082 23083 23084 23085 23086 23087 23088 23089 23090 23091 23092 23093 23094 23095 23096 23097 23098 23099 23100 23101 23102 23103 23104 23105 23106 23107 23108 23109 23110 23111 23112 23113 23114 23115 23116 23117 23118 23119 23120 23121 23122 23123 23124 23125 23126 23127 23128 23129 23130 23131 23132 23133 23134 23135 23136 23137 23138 23139 23140 23141 23142 23143 23144 23145 23146 23147 23148 23149 23150 23151 23152 23153 23154 23155 23156 23157 23158 23159 23160 23161 23162 23163 23164 23165 23166 23167 23168 23169 23170 23171 23172 23173 23174 23175 23176 23177 23178 23179 23180 23181 23182 23183 23184 23185 23186 23187 23188 23189 23190 23191 23192 23193 23194 23195 23196 23197 23198 23199 23200 23201 23202 23203 23204 23205 23206 23207 23208 23209 23210 23211 23212 23213 23214 23215 23216 23217 23218 23219 23220 23221 23222 23223 23224 23225 23226 23227 23228 23229 23230 23231 23232 23233 23234 23235 23236 23237 23238 23239 23240 23241 23242 23243 23244 23245 23246 23247 23248 23249 23250 23251 23252 23253 23254 23255 23256 23257 23258 23259 23260 23261 23262 23263 23264 23265 23266 23267 23268 23269 23270 23271 23272 23273 23274 23275 23276 23277 23278 23279 23280 23281 23282 23283 23284 23285 23286 23287 23288 23289 23290 23291 23292 23293 23294 23295 23296 23297 23298 23299 23300 23301 23302 23303 23304 23305 23306 23307 23308 23309 23310 23311 23312 23313 23314 23315 23316 23317 23318 23319 23320 23321 23322 23323 23324 23325 23326 23327 23328 23329 23330 23331 23332 23333 23334 23335 23336 23337 23338 23339 23340 23341 23342 23343 23344 23345 23346 23347 23348 23349 23350 23351 23352 23353 23354 23355 23356 23357 23358 23359 23360 23361 23362 23363 23364 23365 23366 23367 23368 23369 23370 23371 23372 23373 23374 23375 23376 23377 23378 23379 23380 23381 23382 23383 23384 23385 23386 23387 23388 23389 23390 23391 23392 23393 23394 23395 23396 23397 23398 23399 23400 23401 23402 23403 23404 23405 23406 23407 23408 23409 23410 23411 23412 23413 23414 23415 23416 23417 23418 23419 23420 23421 23422 23423 23424 23425 23426 23427 23428 23429 23430 23431 23432 23433 23434 23435 23436 23437 23438 23439 23440 23441 23442 23443 23444 23445 23446 23447 23448 23449 23450 23451 23452 23453 23454 23455 23456 23457 23458 23459 23460 23461 23462 23463 23464 23465 23466 23467 23468 23469 23470 23471 23472 23473 23474 23475 23476 23477 23478 23479 23480 23481 23482 23483 23484 23485 23486 23487 23488 23489 23490 23491 23492 23493 23494 23495 23496 23497 23498 23499 23500 23501 23502 23503 23504 23505 23506 23507 23508 23509 23510 23511 23512 23513 23514 23515 23516 23517 23518 23519 23520 23521 23522 23523 23524 23525 23526 23527 23528 23529 23530 23531 23532 23533 23534 23535 23536 23537 23538 23539 23540 23541 23542 23543 23544 23545 23546 23547 23548 23549 23550 23551 23552 23553 23554 23555 23556 23557 23558 23559 23560 23561 23562 23563 23564 23565 23566 23567 23568 23569 23570 23571 23572 23573 23574 23575 23576 23577 23578 23579 23580 23581 23582 23583 23584 23585 23586 23587 23588 23589 23590 23591 23592 23593 23594 23595 23596 23597 23598 23599 23600 23601 23602 23603 23604 23605 23606 23607 23608 23609 23610 23611 23612 23613 23614 23615 23616 23617 23618 23619 23620 23621 23622 23623 23624 23625 23626 23627 23628 23629 23630 23631 23632 23633 23634 23635 23636 23637 23638 23639 23640 23641 23642 23643 23644 23645 23646 23647 23648 23649 23650 23651 23652 23653 23654 23655 23656 23657 23658 23659 23660 23661 23662 23663 23664 23665 23666 23667 23668 23669 23670 23671 23672 23673 23674 23675 23676 23677 23678 23679 23680 23681 23682 23683 23684 23685 23686 23687 23688 23689 23690 23691 23692 23693 23694 23695 23696 23697 23698 23699 23700 23701 23702 23703 23704 23705 23706 23707 23708 23709 23710 23711 23712 23713 23714 23715 23716 23717 23718 23719 23720 23721 23722 23723 23724 23725 23726 23727 23728 23729 23730 23731 23732 23733 23734 23735 23736 23737 23738 23739 23740 23741 23742 23743 23744 23745 23746 23747 23748 23749 23750 23751 23752 23753 23754 23755 23756 23757 23758 23759 23760 23761 23762 23763 23764 23765 23766 23767 23768 23769 23770 23771 23772 23773 23774 23775 23776 23777 23778 23779 23780 23781 23782 23783 23784 23785 23786 23787 23788 23789 23790 23791 23792 23793 23794 23795 23796 23797 23798 23799 23800 23801 23802 23803 23804 23805 23806 23807 23808 23809 23810 23811 23812 23813 23814 23815 23816 23817 23818 23819 23820 23821 23822 23823 23824 23825 23826 23827 23828 23829 23830 23831 23832 23833 23834 23835 23836 23837 23838 23839 23840 23841 23842 23843 23844 23845 23846 23847 23848 23849 23850 23851 23852 23853 23854 23855 23856 23857 23858 23859 23860 23861 23862 23863 23864 23865 23866 23867 23868 23869 23870 23871 23872 23873 23874 23875 23876 23877 23878 23879 23880 23881 23882 23883 23884 23885 23886 23887 23888 23889 23890 23891 23892 23893 23894 23895 23896 23897 23898 23899 23900 23901 23902 23903 23904 23905 23906 23907 23908 23909 23910 23911 23912 23913 23914 23915 23916 23917 23918 23919 23920 23921 23922 23923 23924 23925 23926 23927 23928 23929 23930 23931 23932 23933 23934 23935 23936 23937 23938 23939 23940 23941 23942 23943 23944 23945 23946 23947 23948 23949 23950 23951 23952 23953 23954 23955 23956 23957 23958 23959 23960 23961 23962 23963 23964 23965 23966 23967 23968 23969 23970 23971 23972 23973 23974 23975 23976 23977 23978 23979 23980 23981 23982 23983 23984 23985 23986 23987 23988 23989 23990 23991 23992 23993 23994 23995 23996 23997 23998 23999 24000 24001 24002 24003 24004 24005 24006 24007 24008 24009 24010 24011 24012 24013 24014 24015 24016 24017 24018 24019 24020 24021 24022 24023 24024 24025 24026 24027 24028 24029 24030 24031 24032 24033 24034 24035 24036 24037 24038 24039 24040 24041 24042 24043 24044 24045 24046 24047 24048 24049 24050 24051 24052 24053 24054 24055 24056 24057 24058 24059 24060 24061 24062 24063 24064 24065 24066 24067 24068 24069 24070 24071 24072 24073 24074 24075 24076 24077 24078 24079 24080 24081 24082 24083 24084 24085 24086 24087 24088 24089 24090 24091 24092 24093 24094 24095 24096 24097 24098 24099 24100 24101 24102 24103 24104 24105 24106 24107 24108 24109 24110 24111 24112 24113 24114 24115 24116 24117 24118 24119 24120 24121 24122 24123 24124 24125 24126 24127 24128 24129 24130 24131 24132 24133 24134 24135 24136 24137 24138 24139 24140 24141 24142 24143 24144 24145 24146 24147 24148 24149 24150 24151 24152 24153 24154 24155 24156 24157 24158 24159 24160 24161 24162 24163 24164 24165 24166 24167 24168 24169 24170 24171 24172 24173 24174 24175 24176 24177 24178 24179 24180 24181 24182 24183 24184 24185 24186 24187 24188 24189 24190 24191 24192 24193 24194 24195 24196 24197 24198 24199 24200 24201 24202 24203 24204 24205 24206 24207 24208 24209 24210 24211 24212 24213 24214 24215 24216 24217 24218 24219 24220 24221 24222 24223 24224 24225 24226 24227 24228 24229 24230 24231 24232 24233 24234 24235 24236 24237 24238 24239 24240 24241 24242 24243 24244 24245 24246 24247 24248 24249 24250 24251 24252 24253 24254 24255 24256 24257 24258 24259 24260 24261 24262 24263 24264 24265 24266 24267 24268 24269 24270 24271 24272 24273 24274 24275 24276 24277 24278 24279 24280 24281 24282 24283 24284 24285 24286 24287 24288 24289 24290 24291 24292 24293 24294 24295 24296 24297 24298 24299 24300 24301 24302 24303 24304 24305 24306 24307 24308 24309 24310 24311 24312 24313 24314 24315 24316 24317 24318 24319 24320 24321 24322 24323 24324 24325 24326 24327 24328 24329 24330 24331 24332 24333 24334 24335 24336 24337 24338 24339 24340 24341 24342 24343 24344 24345 24346 24347 24348 24349 24350 24351 24352 24353 24354 24355 24356 24357 24358 24359 24360 24361 24362 24363 24364 24365 24366 24367 24368 24369 24370 24371 24372 24373 24374 24375 24376 24377 24378 24379 24380 24381 24382 24383 24384 24385 24386 24387 24388 24389 24390 24391 24392 24393 24394 24395 24396 24397 24398 24399 24400 24401 24402 24403 24404 24405 24406 24407 24408 24409 24410 24411 24412 24413 24414 24415 24416 24417 24418 24419 24420 24421 24422 24423 24424 24425 24426 24427 24428 24429 24430 24431 24432 24433 24434 24435 24436 24437 24438 24439 24440 24441 24442 24443 24444 24445 24446 24447 24448 24449 24450 24451 24452 24453 24454 24455 24456 24457 24458 24459 24460 24461 24462 24463 24464 24465 24466 24467 24468 24469 24470 24471 24472 24473 24474 24475 24476 24477 24478 24479 24480 24481 24482 24483 24484 24485 24486 24487 24488 24489 24490 24491 24492 24493 24494 24495 24496 24497 24498 24499 24500 24501 24502 24503 24504 24505 24506 24507 24508 24509 24510 24511 24512 24513 24514 24515 24516 24517 24518 24519 24520 24521 24522 24523 24524 24525 24526 24527 24528 24529 24530 24531 24532 24533 24534 24535 24536 24537 24538 24539 24540 24541 24542 24543 24544 24545 24546 24547 24548 24549 24550 24551 24552 24553 24554 24555 24556 24557 24558 24559 24560 24561 24562 24563 24564 24565 24566 24567 24568 24569 24570 24571 24572 24573 24574 24575 24576 24577 24578 24579 24580 24581 24582 24583 24584 24585 24586 24587 24588 24589 24590 24591 24592 24593 24594 24595 24596 24597 24598 24599 24600 24601 24602 24603 24604 24605 24606 24607 24608 24609 24610 24611 24612 24613 24614 24615 24616 24617 24618 24619 24620 24621 24622 24623 24624 24625 24626 24627 24628 24629 24630 24631 24632 24633 24634 24635 24636 24637 24638 24639 24640 24641 24642 24643 24644 24645 24646 24647 24648 24649 24650 24651 24652 24653 24654 24655 24656 24657 24658 24659 24660 24661 24662 24663 24664 24665 24666 24667 24668 24669 24670 24671 24672 24673 24674 24675 24676 24677 24678 24679 24680 24681 24682 24683 24684 24685 24686 24687 24688 24689 24690 24691 24692 24693 24694 24695 24696 24697 24698 24699 24700 24701 24702 24703 24704 24705 24706 24707 24708 24709 24710 24711 24712 24713 24714 24715 24716 24717 24718 24719 24720 24721 24722 24723 24724 24725 24726 24727 24728 24729 24730 24731 24732 24733 24734 24735 24736 24737 24738 24739 24740 24741 24742 24743 24744 24745 24746 24747 24748 24749 24750 24751 24752 24753 24754 24755 24756 24757 24758 24759 24760 24761 24762 24763 24764 24765 24766 24767 24768 24769 24770 24771 24772 24773 24774 24775 24776 24777 24778 24779 24780 24781 24782 24783 24784 24785 24786 24787 24788 24789 24790 24791 24792 24793 24794 24795 24796 24797 24798 24799 24800 24801 24802 24803 24804 24805 24806 24807 24808 24809 24810 24811 24812 24813 24814 24815 24816 24817 24818 24819 24820 24821 24822 24823 24824 24825 24826 24827 24828 24829 24830 24831 24832 24833 24834 24835 24836 24837 24838 24839 24840 24841 24842 24843 24844 24845 24846 24847 24848 24849 24850 24851 24852 24853 24854 24855 24856 24857 24858 24859 24860 24861 24862 24863 24864 24865 24866 24867 24868 24869 24870 24871 24872 24873 24874 24875 24876 24877 24878 24879 24880 24881 24882 24883 24884 24885 24886 24887 24888 24889 24890 24891 24892 24893 24894 24895 24896 24897 24898 24899 24900 24901 24902 24903 24904 24905 24906 24907 24908 24909 24910 24911 24912 24913 24914 24915 24916 24917 24918 24919 24920 24921 24922 24923 24924 24925 24926 24927 24928 24929 24930 24931 24932 24933 24934 24935 24936 24937 24938 24939 24940 24941 24942 24943 24944 24945 24946 24947 24948 24949 24950 24951 24952 24953 24954 24955 24956 24957 24958 24959 24960 24961 24962 24963 24964 24965 24966 24967 24968 24969 24970 24971 24972 24973 24974 24975 24976 24977 24978 24979 24980 24981 24982 24983 24984 24985 24986 24987 24988 24989 24990 24991 24992 24993 24994 24995 24996 24997 24998 24999 25000 25001 25002 25003 25004 25005 25006 25007 25008 25009 25010 25011 25012 25013 25014 25015 25016 25017 25018 25019 25020 25021 25022 25023 25024 25025 25026 25027 25028 25029 25030 25031 25032 25033 25034 25035 25036 25037 25038 25039 25040 25041 25042 25043 25044 25045 25046 25047 25048 25049 25050 25051 25052 25053 25054 25055 25056 25057 25058 25059 25060 25061 25062 25063 25064 25065 25066 25067 25068 25069 25070 25071 25072 25073 25074 25075 25076 25077 25078 25079 25080 25081 25082 25083 25084 25085 25086 25087 25088 25089 25090 25091 25092 25093 25094 25095 25096 25097 25098 25099 25100 25101 25102 25103 25104 25105 25106 25107 25108 25109 25110 25111 25112 25113 25114 25115 25116 25117 25118 25119 25120 25121 25122 25123 25124 25125 25126 25127 25128 25129 25130 25131 25132 25133 25134 25135 25136 25137 25138 25139 25140 25141 25142 25143 25144 25145 25146 25147 25148 25149 25150 25151 25152 25153 25154 25155 25156 25157 25158 25159 25160 25161 25162 25163 25164 25165 25166 25167 25168 25169 25170 25171 25172 25173 25174 25175 25176 25177 25178 25179 25180 25181 25182 25183 25184 25185 25186 25187 25188 25189 25190 25191 25192 25193 25194 25195 25196 25197 25198 25199 25200 25201 25202 25203 25204 25205 25206 25207 25208 25209 25210 25211 25212 25213 25214 25215 25216 25217 25218 25219 25220 25221 25222 25223 25224 25225 25226 25227 25228 25229 25230 25231 25232 25233 25234 25235 25236 25237 25238 25239 25240 25241 25242 25243 25244 25245 25246 25247 25248 25249 25250 25251 25252 25253 25254 25255 25256 25257 25258 25259 25260 25261 25262 25263 25264 25265 25266 25267 25268 25269 25270 25271 25272 25273 25274 25275 25276 25277 25278 25279 25280 25281 25282 25283 25284 25285 25286 25287 25288 25289 25290 25291 25292 25293 25294 25295 25296 25297 25298 25299 25300 25301 25302 25303 25304 25305 25306 25307 25308 25309 25310 25311 25312 25313 25314 25315 25316 25317 25318 25319 25320 25321 25322 25323 25324 25325 25326 25327 25328 25329 25330 25331 25332 25333 25334 25335 25336 25337 25338 25339 25340 25341 25342 25343 25344 25345 25346 25347 25348 25349 25350 25351 25352 25353 25354 25355 25356 25357 25358 25359 25360 25361 25362 25363 25364 25365 25366 25367 25368 25369 25370 25371 25372 25373 25374 25375 25376 25377 25378 25379 25380 25381 25382 25383 25384 25385 25386 25387 25388 25389 25390 25391 25392 25393 25394 25395 25396 25397 25398 25399 25400 25401 25402 25403 25404 25405 25406 25407 25408 25409 25410 25411 25412 25413 25414 25415 25416 25417 25418 25419 25420 25421 25422 25423 25424 25425 25426 25427 25428 25429 25430 25431 25432 25433 25434 25435 25436 25437 25438 25439 25440 25441 25442 25443 25444 25445 25446 25447 25448 25449 25450 25451 25452 25453 25454 25455 25456 25457 25458 25459 25460 25461 25462 25463 25464 25465 25466 25467 25468 25469 25470 25471 25472 25473 25474 25475 25476 25477 25478 25479 25480 25481 25482 25483 25484 25485 25486 25487 25488 25489 25490 25491 25492 25493 25494 25495 25496 25497 25498 25499 25500 25501 25502 25503 25504 25505 25506 25507 25508 25509 25510 25511 25512 25513 25514 25515 25516 25517 25518 25519 25520 25521 25522 25523 25524 25525 25526 25527 25528 25529 25530 25531 25532 25533 25534 25535 25536 25537 25538 25539 25540 25541 25542 25543 25544 25545 25546 25547 25548 25549 25550 25551 25552 25553 25554 25555 25556 25557 25558 25559 25560 25561 25562 25563 25564 25565 25566 25567 25568 25569 25570 25571 25572 25573 25574 25575 25576 25577 25578 25579 25580 25581 25582 25583 25584 25585 25586 25587 25588 25589 25590 25591 25592 25593 25594 25595 25596 25597 25598 25599 25600 25601 25602 25603 25604 25605 25606 25607 25608 25609 25610 25611 25612 25613 25614 25615 25616 25617 25618 25619 25620 25621 25622 25623 25624 25625 25626 25627 25628 25629 25630 25631 25632 25633 25634 25635 25636 25637 25638 25639 25640 25641 25642 25643 25644 25645 25646 25647 25648 25649 25650 25651 25652 25653 25654 25655 25656 25657 25658 25659 25660 25661 25662 25663 25664 25665 25666 25667 25668 25669 25670 25671 25672 25673 25674 25675 25676 25677 25678 25679 25680 25681 25682 25683 25684 25685 25686 25687 25688 25689 25690 25691 25692 25693 25694 25695 25696 25697 25698 25699 25700 25701 25702 25703 25704 25705 25706 25707 25708 25709 25710 25711 25712 25713 25714 25715 25716 25717 25718 25719 25720 25721 25722 25723 25724 25725 25726 25727 25728 25729 25730 25731 25732 25733 25734 25735 25736 25737 25738 25739 25740 25741 25742 25743 25744 25745 25746 25747 25748 25749 25750 25751 25752 25753 25754 25755 25756 25757 25758 25759 25760 25761 25762 25763 25764 25765 25766 25767 25768 25769 25770 25771 25772 25773 25774 25775 25776 25777 25778 25779 25780 25781 25782 25783 25784 25785 25786 25787 25788 25789 25790 25791 25792 25793 25794 25795 25796 25797 25798 25799 25800 25801 25802 25803 25804 25805 25806 25807 25808 25809 25810 25811 25812 25813 25814 25815 25816 25817 25818 25819 25820 25821 25822 25823 25824 25825 25826 25827 25828 25829 25830 25831 25832 25833 25834 25835 25836 25837 25838 25839 25840 25841 25842 25843 25844 25845 25846 25847 25848 25849 25850 25851 25852 25853 25854 25855 25856 25857 25858 25859 25860 25861 25862 25863 25864 25865 25866 25867 25868 25869 25870 25871 25872 25873 25874 25875 25876 25877 25878 25879 25880 25881 25882 25883 25884 25885 25886 25887 25888 25889 25890 25891 25892 25893 25894 25895 25896 25897 25898 25899 25900 25901 25902 25903 25904 25905 25906 25907 25908 25909 25910 25911 25912 25913 25914 25915 25916 25917 25918 25919 25920 25921 25922 25923 25924 25925 25926 25927 25928 25929 25930 25931 25932 25933 25934 25935 25936 25937 25938 25939 25940 25941 25942 25943 25944 25945 25946 25947 25948 25949 25950 25951 25952 25953 25954 25955 25956 25957 25958 25959 25960 25961 25962 25963 25964 25965 25966 25967 25968 25969 25970 25971 25972 25973 25974 25975 25976 25977 25978 25979 25980 25981 25982 25983 25984 25985 25986 25987 25988 25989 25990 25991 25992 25993 25994 25995 25996 25997 25998 25999 26000 26001 26002 26003 26004 26005 26006 26007 26008 26009 26010 26011 26012 26013 26014 26015 26016 26017 26018 26019 26020 26021 26022 26023 26024 26025 26026 26027 26028 26029 26030 26031 26032 26033 26034 26035 26036 26037 26038 26039 26040 26041 26042 26043 26044 26045 26046 26047 26048 26049 26050 26051 26052 26053 26054 26055 26056 26057 26058 26059 26060 26061 26062 26063 26064 26065 26066 26067 26068 26069 26070 26071 26072 26073 26074 26075 26076 26077 26078 26079 26080 26081 26082 26083 26084 26085 26086 26087 26088 26089 26090 26091 26092 26093 26094 26095 26096 26097 26098 26099 26100 26101 26102 26103 26104 26105 26106 26107 26108 26109 26110 26111 26112 26113 26114 26115 26116 26117 26118 26119 26120 26121 26122 26123 26124 26125 26126 26127 26128 26129 26130 26131 26132 26133 26134 26135 26136 26137 26138 26139 26140 26141 26142 26143 26144 26145 26146 26147 26148 26149 26150 26151 26152 26153 26154 26155 26156 26157 26158 26159 26160 26161 26162 26163 26164 26165 26166 26167 26168 26169 26170 26171 26172 26173 26174 26175 26176 26177 26178 26179 26180 26181 26182 26183 26184 26185 26186 26187 26188 26189 26190 26191 26192 26193 26194 26195 26196 26197 26198 26199 26200 26201 26202 26203 26204 26205 26206 26207 26208 26209 26210 26211 26212 26213 26214 26215 26216 26217 26218 26219 26220 26221 26222 26223 26224 26225 26226 26227 26228 26229 26230 26231 26232 26233 26234 26235 26236 26237 26238 26239 26240 26241 26242 26243 26244 26245 26246 26247 26248 26249 26250 26251 26252 26253 26254 26255 26256 26257 26258 26259 26260 26261 26262 26263 26264 26265 26266 26267 26268 26269 26270 26271 26272 26273 26274 26275 26276 26277 26278 26279 26280 26281 26282 26283 26284 26285 26286 26287 26288 26289 26290 26291 26292 26293 26294 26295 26296 26297 26298 26299 26300 26301 26302 26303 26304 26305 26306 26307 26308 26309 26310 26311 26312 26313 26314 26315 26316 26317 26318 26319 26320 26321 26322 26323 26324 26325 26326 26327 26328 26329 26330 26331 26332 26333 26334 26335 26336 26337 26338 26339 26340 26341 26342 26343 26344 26345 26346 26347 26348 26349 26350 26351 26352 26353 26354 26355 26356 26357 26358 26359 26360 26361 26362 26363 26364 26365 26366 26367 26368 26369 26370 26371 26372 26373 26374 26375 26376 26377 26378 26379 26380 26381 26382 26383 26384 26385 26386 26387 26388 26389 26390 26391 26392 26393 26394 26395 26396 26397 26398 26399 26400 26401 26402 26403 26404 26405 26406 26407 26408 26409 26410 26411 26412 26413 26414 26415 26416 26417 26418 26419 26420 26421 26422 26423 26424 26425 26426 26427 26428 26429 26430 26431 26432 26433 26434 26435 26436 26437 26438 26439 26440 26441 26442 26443 26444 26445 26446 26447 26448 26449 26450 26451 26452 26453 26454 26455 26456 26457 26458 26459 26460 26461 26462 26463 26464 26465 26466 26467 26468 26469 26470 26471 26472 26473 26474 26475 26476 26477 26478 26479 26480 26481 26482 26483 26484 26485 26486 26487 26488 26489 26490 26491 26492 26493 26494 26495 26496 26497 26498 26499 26500 26501 26502 26503 26504 26505 26506 26507 26508 26509 26510 26511 26512 26513 26514 26515 26516 26517 26518 26519 26520 26521 26522 26523 26524 26525 26526 26527 26528 26529 26530 26531 26532 26533 26534 26535 26536 26537 26538 26539 26540 26541 26542 26543 26544 26545 26546 26547 26548 26549 26550 26551 26552 26553 26554 26555 26556 26557 26558 26559 26560 26561 26562 26563 26564 26565 26566 26567 26568 26569 26570 26571 26572 26573 26574 26575 26576 26577 26578 26579 26580 26581 26582 26583 26584 26585 26586 26587 26588 26589 26590 26591 26592 26593 26594 26595 26596 26597 26598 26599 26600 26601 26602 26603 26604 26605 26606 26607 26608 26609 26610 26611 26612 26613 26614 26615 26616 26617 26618 26619 26620 26621 26622 26623 26624 26625 26626 26627 26628 26629 26630 26631 26632 26633 26634 26635 26636 26637 26638 26639 26640 26641 26642 26643 26644 26645 26646 26647 26648 26649 26650 26651 26652 26653 26654 26655 26656 26657 26658 26659 26660 26661 26662 26663 26664 26665 26666 26667 26668 26669 26670 26671 26672 26673 26674 26675 26676 26677 26678 26679 26680 26681 26682 26683 26684 26685 26686 26687 26688 26689 26690 26691 26692 26693 26694 26695 26696 26697 26698 26699 26700 26701 26702 26703 26704 26705 26706 26707 26708 26709 26710 26711 26712 26713 26714 26715 26716 26717 26718 26719 26720 26721 26722 26723 26724 26725 26726 26727 26728 26729 26730 26731 26732 26733 26734 26735 26736 26737 26738 26739 26740 26741 26742 26743 26744 26745 26746 26747 26748 26749 26750 26751 26752 26753 26754 26755 26756 26757 26758 26759 26760 26761 26762 26763 26764 26765 26766 26767 26768 26769 26770 26771 26772 26773 26774 26775 26776 26777 26778 26779 26780 26781 26782 26783 26784 26785 26786 26787 26788 26789 26790 26791 26792 26793 26794 26795 26796 26797 26798 26799 26800 26801 26802 26803 26804 26805 26806 26807 26808 26809 26810 26811 26812 26813 26814 26815 26816 26817 26818 26819 26820 26821 26822 26823 26824 26825 26826 26827 26828 26829 26830 26831 26832 26833 26834 26835 26836 26837 26838 26839 26840 26841 26842 26843 26844 26845 26846 26847 26848 26849 26850 26851 26852 26853 26854 26855 26856 26857 26858 26859 26860 26861 26862 26863 26864 26865 26866 26867 26868 26869 26870 26871 26872 26873 26874 26875 26876 26877 26878 26879 26880 26881 26882 26883 26884 26885 26886 26887 26888 26889 26890 26891 26892 26893 26894 26895 26896 26897 26898 26899 26900 26901 26902 26903 26904 26905 26906 26907 26908 26909 26910 26911 26912 26913 26914 26915 26916 26917 26918 26919 26920 26921 26922 26923 26924 26925 26926 26927 26928 26929 26930 26931 26932 26933 26934 26935 26936 26937 26938 26939 26940 26941 26942 26943 26944 26945 26946 26947 26948 26949 26950 26951 26952 26953 26954 26955 26956 26957 26958 26959 26960 26961 26962 26963 26964 26965 26966 26967 26968 26969 26970 26971 26972 26973 26974 26975 26976 26977 26978 26979 26980 26981 26982 26983 26984 26985 26986 26987 26988 26989 26990 26991 26992 26993 26994 26995 26996 26997 26998 26999 27000 27001 27002 27003 27004 27005 27006 27007 27008 27009 27010 27011 27012 27013 27014 27015 27016 27017 27018 27019 27020 27021 27022 27023 27024 27025 27026 27027 27028 27029 27030 27031 27032 27033 27034 27035 27036 27037 27038 27039 27040 27041 27042 27043 27044 27045 27046 27047 27048 27049 27050 27051 27052 27053 27054 27055 27056 27057 27058 27059 27060 27061 27062 27063 27064 27065 27066 27067 27068 27069 27070 27071 27072 27073 27074 27075 27076 27077 27078 27079 27080 27081 27082 27083 27084 27085 27086 27087 27088 27089 27090 27091 27092 27093 27094 27095 27096 27097 27098 27099 27100 27101 27102 27103 27104 27105 27106 27107 27108 27109 27110 27111 27112 27113 27114 27115 27116 27117 27118 27119 27120 27121 27122 27123 27124 27125 27126 27127 27128 27129 27130 27131 27132 27133 27134 27135 27136 27137 27138 27139 27140 27141 27142 27143 27144 27145 27146 27147 27148 27149 27150 27151 27152 27153 27154 27155 27156 27157 27158 27159 27160 27161 27162 27163 27164 27165 27166 27167 27168 27169 27170 27171 27172 27173 27174 27175 27176 27177 27178 27179 27180 27181 27182 27183 27184 27185 27186 27187 27188 27189 27190 27191 27192 27193 27194 27195 27196 27197 27198 27199 27200 27201 27202 27203 27204 27205 27206 27207 27208 27209 27210 27211 27212 27213 27214 27215 27216 27217 27218 27219 27220 27221 27222 27223 27224 27225 27226 27227 27228 27229 27230 27231 27232 27233 27234 27235 27236 27237 27238 27239 27240 27241 27242 27243 27244 27245 27246 27247 27248 27249 27250 27251 27252 27253 27254 27255 27256 27257 27258 27259 27260 27261 27262 27263 27264 27265 27266 27267 27268 27269 27270 27271 27272 27273 27274 27275 27276 27277 27278 27279 27280 27281 27282 27283 27284 27285 27286 27287 27288 27289 27290 27291 27292 27293 27294 27295 27296 27297 27298 27299 27300 27301 27302 27303 27304 27305 27306 27307 27308 27309 27310 27311 27312 27313 27314 27315 27316 27317 27318 27319 27320 27321 27322 27323 27324 27325 27326 27327 27328 27329 27330 27331 27332 27333 27334 27335 27336 27337 27338 27339 27340 27341 27342 27343 27344 27345 27346 27347 27348 27349 27350 27351 27352 27353 27354 27355 27356 27357 27358 27359 27360 27361 27362 27363 27364 27365 27366 27367 27368 27369 27370 27371 27372 27373 27374 27375 27376 27377 27378 27379 27380 27381 27382 27383 27384 27385 27386 27387 27388 27389 27390 27391 27392 27393 27394 27395 27396 27397 27398 27399 27400 27401 27402 27403 27404 27405 27406 27407 27408 27409 27410 27411 27412 27413 27414 27415 27416 27417 27418 27419 27420 27421 27422 27423 27424 27425 27426 27427 27428 27429 27430 27431 27432 27433 27434 27435 27436 27437 27438 27439 27440 27441 27442 27443 27444 27445 27446 27447 27448 27449 27450 27451 27452 27453 27454 27455 27456 27457 27458 27459 27460 27461 27462 27463 27464 27465 27466 27467 27468 27469 27470 27471 27472 27473 27474 27475 27476 27477 27478 27479 27480 27481 27482 27483 27484 27485 27486 27487 27488 27489 27490 27491 27492 27493 27494 27495 27496 27497 27498 27499 27500 27501 27502 27503 27504 27505 27506 27507 27508 27509 27510 27511 27512 27513 27514 27515 27516 27517 27518 27519 27520 27521 27522 27523 27524 27525 27526 27527 27528 27529 27530 27531 27532 27533 27534 27535 27536 27537 27538 27539 27540 27541 27542 27543 27544 27545 27546 27547 27548 27549 27550 27551 27552 27553 27554 27555 27556 27557 27558 27559 27560 27561 27562 27563 27564 27565 27566 27567 27568 27569 27570 27571 27572 27573 27574 27575 27576 27577 27578 27579 27580 27581 27582 27583 27584 27585 27586 27587 27588 27589 27590 27591 27592 27593 27594 27595 27596 27597 27598 27599 27600 27601 27602 27603 27604 27605 27606 27607 27608 27609 27610 27611 27612 27613 27614 27615 27616 27617 27618 27619 27620 27621 27622 27623 27624 27625 27626 27627 27628 27629 27630 27631 27632 27633 27634 27635 27636 27637 27638 27639 27640 27641 27642 27643 27644 27645 27646 27647 27648 27649 27650 27651 27652 27653 27654 27655 27656 27657 27658 27659 27660 27661 27662 27663 27664 27665 27666 27667 27668 27669 27670 27671 27672 27673 27674 27675 27676 27677 27678 27679 27680 27681 27682 27683 27684 27685 27686 27687 27688 27689 27690 27691 27692 27693 27694 27695 27696 27697 27698 27699 27700 27701 27702 27703 27704 27705 27706 27707 27708 27709 27710 27711 27712 27713 27714 27715 27716 27717 27718 27719 27720 27721 27722 27723 27724 27725 27726 27727 27728 27729 27730 27731 27732 27733 27734 27735 27736 27737 27738 27739 27740 27741 27742 27743 27744 27745 27746 27747 27748 27749 27750 27751 27752 27753 27754 27755 27756 27757 27758 27759 27760 27761 27762 27763 27764 27765 27766 27767 27768 27769 27770 27771 27772 27773 27774 27775 27776 27777 27778 27779 27780 27781 27782 27783 27784 27785 27786 27787 27788 27789 27790 27791 27792 27793 27794 27795 27796 27797 27798 27799 27800 27801 27802 27803 27804 27805 27806 27807 27808 27809 27810 27811 27812 27813 27814 27815 27816 27817 27818 27819 27820 27821 27822 27823 27824 27825 27826 27827 27828 27829 27830 27831 27832 27833 27834 27835 27836 27837 27838 27839 27840 27841 27842 27843 27844 27845 27846 27847 27848 27849 27850 27851 27852 27853 27854 27855 27856 27857 27858 27859 27860 27861 27862 27863 27864 27865 27866 27867 27868 27869 27870 27871 27872 27873 27874 27875 27876 27877 27878 27879 27880 27881 27882 27883 27884 27885 27886 27887 27888 27889 27890 27891 27892 27893 27894 27895 27896 27897 27898 27899 27900 27901 27902 27903 27904 27905 27906 27907 27908 27909 27910 27911 27912 27913 27914 27915 27916 27917 27918 27919 27920 27921 27922 27923 27924 27925 27926 27927 27928 27929 27930 27931 27932 27933 27934 27935 27936 27937 27938 27939 27940 27941 27942 27943 27944 27945 27946 27947 27948 27949 27950 27951 27952 27953 27954 27955 27956 27957 27958 27959 27960 27961 27962 27963 27964 27965 27966 27967 27968 27969 27970 27971 27972 27973 27974 27975 27976 27977 27978 27979 27980 27981 27982 27983 27984 27985 27986 27987 27988 27989 27990 27991 27992 27993 27994 27995 27996 27997 27998 27999 28000 28001 28002 28003 28004 28005 28006 28007 28008 28009 28010 28011 28012 28013 28014 28015 28016 28017 28018 28019 28020 28021 28022 28023 28024 28025 28026 28027 28028 28029 28030 28031 28032 28033 28034 28035 28036 28037 28038 28039 28040 28041 28042 28043 28044 28045 28046 28047 28048 28049 28050 28051 28052 28053 28054 28055 28056 28057 28058 28059 28060 28061 28062 28063 28064 28065 28066 28067 28068 28069 28070 28071 28072 28073 28074 28075 28076 28077 28078 28079 28080 28081 28082 28083 28084 28085 28086 28087 28088 28089 28090 28091 28092 28093 28094 28095 28096 28097 28098 28099 28100 28101 28102 28103 28104 28105 28106 28107 28108 28109 28110 28111 28112 28113 28114 28115 28116 28117 28118 28119 28120 28121 28122 28123 28124 28125 28126 28127 28128 28129 28130 28131 28132 28133 28134 28135 28136 28137 28138 28139 28140 28141 28142 28143 28144 28145 28146 28147 28148 28149 28150 28151 28152 28153 28154 28155 28156 28157 28158 28159 28160 28161 28162 28163 28164 28165 28166 28167 28168 28169 28170 28171 28172 28173 28174 28175 28176 28177 28178 28179 28180 28181 28182 28183 28184 28185 28186 28187 28188 28189 28190 28191 28192 28193 28194 28195 28196 28197 28198 28199 28200 28201 28202 28203 28204 28205 28206 28207 28208 28209 28210 28211 28212 28213 28214 28215 28216 28217 28218 28219 28220 28221 28222 28223 28224 28225 28226 28227 28228 28229 28230 28231 28232 28233 28234 28235 28236 28237 28238 28239 28240 28241 28242 28243 28244 28245 28246 28247 28248 28249 28250 28251 28252 28253 28254 28255 28256 28257 28258 28259 28260 28261 28262 28263 28264 28265 28266 28267 28268 28269 28270 28271 28272 28273 28274 28275 28276 28277 28278 28279 28280 28281 28282 28283 28284 28285 28286 28287 28288 28289 28290 28291 28292 28293 28294 28295 28296 28297 28298 28299 28300 28301 28302 28303 28304 28305 28306 28307 28308 28309 28310 28311 28312 28313 28314 28315 28316 28317 28318 28319 28320 28321 28322 28323 28324 28325 28326 28327 28328 28329 28330 28331 28332 28333 28334 28335 28336 28337 28338 28339 28340 28341 28342 28343 28344 28345 28346 28347 28348 28349 28350 28351 28352 28353 28354 28355 28356 28357 28358 28359 28360 28361 28362 28363 28364 28365 28366 28367 28368 28369 28370 28371 28372 28373 28374 28375 28376 28377 28378 28379 28380 28381 28382 28383 28384 28385 28386 28387 28388 28389 28390 28391 28392 28393 28394 28395 28396 28397 28398 28399 28400 28401 28402 28403 28404 28405 28406 28407 28408 28409 28410 28411 28412 28413 28414 28415 28416 28417 28418 28419 28420 28421 28422 28423 28424 28425 28426 28427 28428 28429 28430 28431 28432 28433 28434 28435 28436 28437 28438 28439 28440 28441 28442 28443 28444 28445 28446 28447 28448 28449 28450 28451 28452 28453 28454 28455 28456 28457 28458 28459 28460 28461 28462 28463 28464 28465 28466 28467 28468 28469 28470 28471 28472 28473 28474 28475 28476 28477 28478 28479 28480 28481 28482 28483 28484 28485 28486 28487 28488 28489 28490 28491 28492 28493 28494 28495 28496 28497 28498 28499 28500 28501 28502 28503 28504 28505 28506 28507 28508 28509 28510 28511 28512 28513 28514 28515 28516 28517 28518 28519 28520 28521 28522 28523 28524 28525 28526 28527 28528 28529 28530 28531 28532 28533 28534 28535 28536 28537 28538 28539 28540 28541 28542 28543 28544 28545 28546 28547 28548 28549 28550 28551 28552 28553 28554 28555 28556 28557 28558 28559 28560 28561 28562 28563 28564 28565 28566 28567 28568 28569 28570 28571 28572 28573 28574 28575 28576 28577 28578 28579 28580 28581 28582 28583 28584 28585 28586 28587 28588 28589 28590 28591 28592 28593 28594 28595 28596 28597 28598 28599 28600 28601 28602 28603 28604 28605 28606 28607 28608 28609 28610 28611 28612 28613 28614 28615 28616 28617 28618 28619 28620 28621 28622 28623 28624 28625 28626 28627 28628 28629 28630 28631 28632 28633 28634 28635 28636 28637 28638 28639 28640 28641 28642 28643 28644 28645 28646 28647 28648 28649 28650 28651 28652 28653 28654 28655 28656 28657 28658 28659 28660 28661 28662 28663 28664 28665 28666 28667 28668 28669 28670 28671 28672 28673 28674 28675 28676 28677 28678 28679 28680 28681 28682 28683 28684 28685 28686 28687 28688 28689 28690 28691 28692 28693 28694 28695 28696 28697 28698 28699 28700 28701 28702 28703 28704 28705 28706 28707 28708 28709 28710 28711 28712 28713 28714 28715 28716 28717 28718 28719 28720 28721 28722 28723 28724 28725 28726 28727 28728 28729 28730 28731 28732 28733 28734 28735 28736 28737 28738 28739 28740 28741 28742 28743 28744 28745 28746 28747 28748 28749 28750 28751 28752 28753 28754 28755 28756 28757 28758 28759 28760 28761 28762 28763 28764 28765 28766 28767 28768 28769 28770 28771 28772 28773 28774 28775 28776 28777 28778 28779 28780 28781 28782 28783 28784 28785 28786 28787 28788 28789 28790 28791 28792 28793 28794 28795 28796 28797 28798 28799 28800 28801 28802 28803 28804 28805 28806 28807 28808 28809 28810 28811 28812 28813 28814 28815 28816 28817 28818 28819 28820 28821 28822 28823 28824 28825 28826 28827 28828 28829 28830 28831 28832 28833 28834 28835 28836 28837 28838 28839 28840 28841 28842 28843 28844 28845 28846 28847 28848 28849 28850 28851 28852 28853 28854 28855 28856 28857 28858 28859 28860 28861 28862 28863 28864 28865 28866 28867 28868 28869 28870 28871 28872 28873 28874 28875 28876 28877 28878 28879 28880 28881 28882 28883 28884 28885 28886 28887 28888 28889 28890 28891 28892 28893 28894 28895 28896 28897 28898 28899 28900 28901 28902 28903 28904 28905 28906 28907 28908 28909 28910 28911 28912 28913 28914 28915 28916 28917 28918 28919 28920 28921 28922 28923 28924 28925 28926 28927 28928 28929 28930 28931 28932 28933 28934 28935 28936 28937 28938 28939 28940 28941 28942 28943 28944 28945 28946 28947 28948 28949 28950 28951 28952 28953 28954 28955 28956 28957 28958 28959 28960 28961 28962 28963 28964 28965 28966 28967 28968 28969 28970 28971 28972 28973 28974 28975 28976 28977 28978 28979 28980 28981 28982 28983 28984 28985 28986 28987 28988 28989 28990 28991 28992 28993 28994 28995 28996 28997 28998 28999 29000 29001 29002 29003 29004 29005 29006 29007 29008 29009 29010 29011 29012 29013 29014 29015 29016 29017 29018 29019 29020 29021 29022 29023 29024 29025 29026 29027 29028 29029 29030 29031 29032 29033 29034 29035 29036 29037 29038 29039 29040 29041 29042 29043 29044 29045 29046 29047 29048 29049 29050 29051 29052 29053 29054 29055 29056 29057 29058 29059 29060 29061 29062 29063 29064 29065 29066 29067 29068 29069 29070 29071 29072 29073 29074 29075 29076 29077 29078 29079 29080 29081 29082 29083 29084 29085 29086 29087 29088 29089 29090 29091 29092 29093 29094 29095 29096 29097 29098 29099 29100 29101 29102 29103 29104 29105 29106 29107 29108 29109 29110 29111 29112 29113 29114 29115 29116 29117 29118 29119 29120 29121 29122 29123 29124 29125 29126 29127 29128 29129 29130 29131 29132 29133 29134 29135 29136 29137 29138 29139 29140 29141 29142 29143 29144 29145 29146 29147 29148 29149 29150 29151 29152 29153 29154 29155 29156 29157 29158 29159 29160 29161 29162 29163 29164 29165 29166 29167 29168 29169 29170 29171 29172 29173 29174 29175 29176 29177 29178 29179 29180 29181 29182 29183 29184 29185 29186 29187 29188 29189 29190 29191 29192 29193 29194 29195 29196 29197 29198 29199 29200 29201 29202 29203 29204 29205 29206 29207 29208 29209 29210 29211 29212 29213 29214 29215 29216 29217 29218 29219 29220 29221 29222 29223 29224 29225 29226 29227 29228 29229 29230 29231 29232 29233 29234 29235 29236 29237 29238 29239 29240 29241 29242 29243 29244 29245 29246 29247 29248 29249 29250 29251 29252 29253 29254 29255 29256 29257 29258 29259 29260 29261 29262 29263 29264 29265 29266 29267 29268 29269 29270 29271 29272 29273 29274 29275 29276 29277 29278 29279 29280 29281 29282 29283 29284 29285 29286 29287 29288 29289 29290 29291 29292 29293 29294 29295 29296 29297 29298 29299 29300 29301 29302 29303 29304 29305 29306 29307 29308 29309 29310 29311 29312 29313 29314 29315 29316 29317 29318 29319 29320 29321 29322 29323 29324 29325 29326 29327 29328 29329 29330 29331 29332 29333 29334 29335 29336 29337 29338 29339 29340 29341 29342 29343 29344 29345 29346 29347 29348 29349 29350 29351 29352 29353 29354 29355 29356 29357 29358 29359 29360 29361 29362 29363 29364 29365 29366 29367 29368 29369 29370 29371 29372 29373 29374 29375 29376 29377 29378 29379 29380 29381 29382 29383 29384 29385 29386 29387 29388 29389 29390 29391 29392 29393 29394 29395 29396 29397 29398 29399 29400 29401 29402 29403 29404 29405 29406 29407 29408 29409 29410 29411 29412 29413 29414 29415 29416 29417 29418 29419 29420 29421 29422 29423 29424 29425 29426 29427 29428 29429 29430 29431 29432 29433 29434 29435 29436 29437 29438 29439 29440 29441 29442 29443 29444 29445 29446 29447 29448 29449 29450 29451 29452 29453 29454 29455 29456 29457 29458 29459 29460 29461 29462 29463 29464 29465 29466 29467 29468 29469 29470 29471 29472 29473 29474 29475 29476 29477 29478 29479 29480 29481 29482 29483 29484 29485 29486 29487 29488 29489 29490 29491 29492 29493 29494 29495 29496 29497 29498 29499 29500 29501 29502 29503 29504 29505 29506 29507 29508 29509 29510 29511 29512 29513 29514 29515 29516 29517 29518 29519 29520 29521 29522 29523 29524 29525 29526 29527 29528 29529 29530 29531 29532 29533 29534 29535 29536 29537 29538 29539 29540 29541 29542 29543 29544 29545 29546 29547 29548 29549 29550 29551 29552 29553 29554 29555 29556 29557 29558 29559 29560 29561 29562 29563 29564 29565 29566 29567 29568 29569 29570 29571 29572 29573 29574 29575 29576 29577 29578 29579 29580 29581 29582 29583 29584 29585 29586 29587 29588 29589 29590 29591 29592 29593 29594 29595 29596 29597 29598 29599 29600 29601 29602 29603 29604 29605 29606 29607 29608 29609 29610 29611 29612 29613 29614 29615 29616 29617 29618 29619 29620 29621 29622 29623 29624 29625 29626 29627 29628 29629 29630 29631 29632 29633 29634 29635 29636 29637 29638 29639 29640 29641 29642 29643 29644 29645 29646 29647 29648 29649 29650 29651 29652 29653 29654 29655 29656 29657 29658 29659 29660 29661 29662 29663 29664 29665 29666 29667 29668 29669 29670 29671 29672 29673 29674 29675 29676 29677 29678 29679 29680 29681 29682 29683 29684 29685 29686 29687 29688 29689 29690 29691 29692 29693 29694 29695 29696 29697 29698 29699 29700 29701 29702 29703 29704 29705 29706 29707 29708 29709 29710 29711 29712 29713 29714 29715 29716 29717 29718 29719 29720 29721 29722 29723 29724 29725 29726 29727 29728 29729 29730 29731 29732 29733 29734 29735 29736 29737 29738 29739 29740 29741 29742 29743 29744 29745 29746 29747 29748 29749 29750 29751 29752 29753 29754 29755 29756 29757 29758 29759 29760 29761 29762 29763 29764 29765 29766 29767 29768 29769 29770 29771 29772 29773 29774 29775 29776 29777 29778 29779 29780 29781 29782 29783 29784 29785 29786 29787 29788 29789 29790 29791 29792 29793 29794 29795 29796 29797 29798 29799 29800 29801 29802 29803 29804 29805 29806 29807 29808 29809 29810 29811 29812 29813 29814 29815 29816 29817 29818 29819 29820 29821 29822 29823 29824 29825 29826 29827 29828 29829 29830 29831 29832 29833 29834 29835 29836 29837 29838 29839 29840 29841 29842 29843 29844 29845 29846 29847 29848 29849 29850 29851 29852 29853 29854 29855 29856 29857 29858 29859 29860 29861 29862 29863 29864 29865 29866 29867 29868 29869 29870 29871 29872 29873 29874 29875 29876 29877 29878 29879 29880 29881 29882 29883 29884 29885 29886 29887 29888 29889 29890 29891 29892 29893 29894 29895 29896 29897 29898 29899 29900 29901 29902 29903 29904 29905 29906 29907 29908 29909 29910 29911 29912 29913 29914 29915 29916 29917 29918 29919 29920 29921 29922 29923 29924 29925 29926 29927 29928 29929 29930 29931 29932 29933 29934 29935 29936 29937 29938 29939 29940 29941 29942 29943 29944 29945 29946 29947 29948 29949 29950 29951 29952 29953 29954 29955 29956 29957 29958 29959 29960 29961 29962 29963 29964 29965 29966 29967 29968 29969 29970 29971 29972 29973 29974 29975 29976 29977 29978 29979 29980 29981 29982 29983 29984 29985 29986 29987 29988 29989 29990 29991 29992 29993 29994 29995 29996 29997 29998 29999 30000
13980 3358
27007 28235 40702 26733 7713 22620 18377 44713 23936 2515 9403 38727 21329 36210 11113 18743 10388 22012 49148 15964 45813 22380 22214 26839 26791 35253 36936 47268 23218 4471 44558 33422 19883 45700 17356 16735 31695 39112 5023 5996 43845 34227 4779 2342 33586 39051 36964 32787 29080 2318 37954 18584 28042 7058 23855 26487 10090 42395 34917 46650 6867 20684 28688 19306 19254 23014 18629 31863 3486 37519 42256 33321 43103 3105 8374 1167 47923 37717 18293 30373 1840 2491 10007 13278 33431 15656 5838 5879 14675 23017 13608 49323 41134 47702 4956 21271 40904 37767 39917 2891 788 23523 40397 209 47502 13157 33847 27112 1006 41442 2213 6075 48104 21392 15903 12444 22143 6590 1136 11623 17663 20528 19458 12476 1808 28530 41270 25978 19942 9372 23645 3640 17272 33677 21867 4828 9480 8560 28616 38304 15378 33390 24554 31344 41974 9182 24563 22814 47101 15179 14716 4876 4133 21764 40241 1442 37669 10720 48355 13160 22822 5284 30723 39730 1242 20500 29844 49922 33347 36341 39919 34392 42875 43937 36090 11223 25370 33151 9392 2434 43081 15106 23423 13644 10781 17018 17430 1853 46720 44174 20280 18179 36070 2984 30740 32904 46417 39697 27448 20800 35158 23256 17880 40231 18803 19659 29452 43047 47569 12370 17212 44231 26280 10337 6813 38544 34229 32330 37595 28461 15738 2201 44754 19279 6080 1026 12435 32122 21143 14082 30803 1492 17478 33615 37777 21419 19119 31471 6142 38353 34239 45810 45020 31355 33819 48455 11720 33427 8725 33546 44897 35115 10758 15026 16081 2787 27301 30760 33985 12519 16446 210 43961 11495 49314 18213 47931 16057 3050 21875 15476 7261 19202 45349 42051 10841 39172 10312 21936 43788 22862 44152 12259 9321 6772 22855 25281 34607 41347 3131 11478 25780 37578 25321 6241 37227 16344 13512 21513 22781 36501 8029 2556 980 12101 39130 28080 29527 33022 35072 10495 33922 42005 24220 5940 13568 32701 22686 19590 2260 13473 1971 46957 32896 26915 24136 370 30795 47810 23316 17304 16288 24266 18057 21022 300 29067 26083 33134 7745 48929 7940 21512 22916 98 2073 23158 302 41831 38323 13328 43269 14939 24355 24743 18291 24889 31704 29845 36388 33233 23601 8344 26538 20326 16096 45709 24427 32170 6103 25962 1985 6677 2661 45881 33781 2709 6356 2584 37267 11031 34971 15455 32311 38618 9606 28224 36272 9213 5577 13564 41461 14268 25332 14764 19877 44248 34348 22289 19385 35303 11228 15249 4559 37117 22585 2899 8455 29001 5579 15057 23543 22746 27808 33805 39803 44823 33879 786 37992 15288 37217 19236 18236 7272 42071 40831 24182 42058 30611 3669 46895 19421 19349 25725 13911 41130 4540 46936 47099 14758 16997 19927 37138 21728 31379 3201 26118 7012 45639 39916 9159 11198 3188 15699 1087 25129 31552 15588 10980 36127 18499 26168 35889 33493 13956 46924 13738 47584 29206 13507 49399 28690 9528 10135 28050 34363 3940 45344 32317 19953 42942 44674 63 29330 14407 33341 15598 46381 45281 3838 31197 48757 42949 35088 23457 16878 28103 42711 38459 14623 32040 43254 3970 13186 25241 16480 43397 14605 45049 3629 48579 39915 23078 18610 20531 9272 41486 21885 11499 27453 18284 1038 16596 29814 36385 31686 48912 37958 49692 13259 8691 31009 5511 48723 45367 10624 31525 49047 31171 2494 31201 1766 45024 15003 25814 17774 36675 20374 17015 44746 19827 43882 13702 24320 9940 40898 36573 9287 12871 14731 6698 27990 27059 25170 24099 42568 8017 49492 15495 42612 2115 28975 4336 10543 23537 1645 35758 4260 44630 24562 2035 42266 6898 7959 3432 12524 39285 10906 2760 40869 22672 24705 35987 25143 19398 34220 18747 24753 12786 32978 9334 37055 33771 35488 46584 14445 15162 38750 13915 25348 15870 39039 34951 36945 34235 29702 42513 5135 31518 39409 27203 41229 4701 1991 43895 17137 18075 24855 619 43560 23041 11803 2918 44153 13319 14555 31343 43398 28300 41580 36660 37185 29711 40545 20719 22263 45092 10302 3695 26351 30267 34234 1130 38749 24457 7715 35399 46547 27736 18719 29327 46896 17479 3913 22304 27840 34749 26317 20402 20213 43182 24211 4939 3847 26110 8027 6659 14606 45926 12103 16142 9623 38159 39751 42104 33964 2219 47351 26909 29656 35047 12317 31877 19431 31931 6355 46399 43090 24688 32616 29416 46847 15764 23448 3782 3316 43226 15330 44724 7447 49216 44067 25008 19192 30056 41325 17913 17148 13674 44524 13697 3792 24026 20714 48618 35435 40609 23286 6626 23320 48260 39293 40072 22978 15715 34751 43022 3965 38401 23233 2173 30198 29539 37562 8249 39620 28666 18813 37654 1668 11797 43798 45608 18147 17655 18534 44196 14554 48189 44887 27171 25706 43493 7290 25392 2232 3988 2948 26279 11540 42201 36646 45847 10875 35506 10252 27947 35363 8483 48417 23433 42794 37360 4104 6493 1429 22517 18929 35143 9203 27483 21653 11486 27006 23453 25236 6524 14462 49297 7789 14835 22130 11666 34276 42859 37639 44348 37813 36395 42092 39023 41171 47175 37549 15890 25787 47865 19384 8172 19464 28978 34257 1402 15170 32560 45169 48306 19342 17286 15579 20865 49266 45374 16206 3735 18121 46959 31416 42356 29977 12456 19003 12148 8024 16287 34461 49019 32495 20160 1699 20315 5787 35906 3338 43598 2395 47543 6318 7483 40503 16743 18181 43579 44183 11390 2843 27008 12255 24181 17005 33785 39184 40561 19383 15504 43885 7623 13498 31225 28228 3177 30480 6126 5080 13054 10604 21346 39843 40713 33478 38872 162 16619 5783 35364 1347 11477 9779 20281 20756 16920 35883 40239 9374 17275 1544 39369 11121 40021 41188 22880 4687 694 15729 21588 27804 3093 22086 43597 44944 14093 41687 12983 26511 29482 31972 15957 11064 43608 41783 43222 1727 9237 40941 18347 4689 14451 30529 42056 2275 10494 7318 39432 28225 46334 7211 47554 33861 16555 1630 1815 17297 49588 34746 14211 20464 35614 18232 22987 4466 10473 29403 28912 14394 40953 31383 40225 29628 45789 3032 26311 23016 18205 43015 31811 38747 48213 9628 46802 37808 8845 32805 15717 33917 7989 6443 46123 10241 28362 34095 6911 28502 19242 47139 33963 18686 48246 20134 6219 13884 6948 20068 35026 43533 8974 49742 9752 1701 10122 1777 47521 45183 32026 15657 35192 12473 34147 10423 19363 20720 32922 33883 39245 19402 34142 23629 26190 44901 42306 23309 25293 1911 33145 41895 34854 12895 32316 28083 49653 26004 38499 46705 46114 48800 31641 38906 21700 31321 18471 48608 19853 36604 4751 26100 2444 24163 23235 42511 16908 4295 16859 22171 19396 37045 5977 49696 21693 11561 8526 15093 10578 27812 32086 30062 31810 4696 16380 21387 13966 9342 12684 37357 23873 17078 52 42067 32553 295 40060 12700 43509 2227 17057 5613 14548 43275 19302 35392 21121 23824 24053 11747 22593 21139 32591 31902 4508 3025 3151 5425 25838 13870 28949 34448 17629 10130 28465 33582 45096 37998 5704 7792 3654 21319 15864 40893 6546 30640 23343 15189 32253 46747 14741 47935 6645 31523 37859 6203 8727 17406 3288 9119 4767 15916 41971 38157 45690 14973 26590 12767 38413 12834 20967 31324 35992 33746 49966 26875 170 22316 12775 6624 40303 31193 44374 17821 32681 17530 20624 10040 46322 23721 28165 36654 29989 42364 2826 22831 41716 43820 8477 19826 13699 34537 236 40055 19892 49134 49082 45991 9465 47938 11490 47825 20870 49623 13356 11769 42137 35795 39087 9901 28157 31469 5249 9518 1315 42435 21599 9400 27788 36829 12341 40776 35461 26931 5918 48134 46400 20379 40678 38298 1751 30992 24636 24395 27845 25721 32118 38815 43233 3704 12720 19756 39647 3313 17196 11212 29659 24492 15319 49363 23690 34454 36029 38688 32338 30940 28059 21528 17804 42243 23976 431 17310 12206 30144 25034 757 5146 47230 7221 30532 9209 15944 15405 35557 38138 36512 32359 24875 48988 15215 39200 20817 33934 3549 28337 1366 1333 36578 33048 5685 20484 7666 774 4568 3334 15282 23311 1758 13073 13678 36826 40883 19491 21452 198 5628 7183 21322 7271 22029 9758 28308 35323 41639 38241 9903 11480 35074 36889 33633 30185 37806 31223 23429 44829 49234 39573 30385 7525 30791 8943 28292 32835 20081 49530 1598 13383 18689 19096 5148 19171 49676 9611 17474 28741 17755 47744 32837 38810 38796 28607 49372 25467 233 32483 48523 37331 28961 38420 29151 35760 40799 25557 13350 35503 594 39659 13006 46775 2737 3123 4374 43858 47066 15502 34027 32068 31346 22168 24525 10727 45213 14930 13887 6961 48554 19630 47418 688 43764 36132 1088 37110 3085 47937 39585 3039 26095 38980 13734 22191 42670 11505 27885 15091 8648 26458 47998 12257 27629 29591 18950 40607 16349 30005 25699 1580 47485 42727 2587 29675 45045 36666 43910 4983 13106 28664 13914 8516 1734 35016 26138 45315 8467 25283 30441 25579 36129 2302 20198 41033 22777 13084 35674 44400 40205 36779 43118 25631 7101 19336 1230 9999 2380 19977 25137 11688 28369 16042 32360 15403 48379 8996 10113 38360 48024 9453 13292 7618 41159 45624 10909 32331 20996 3906 23542 22146 37542 9308 7068 28524 9889 12716 16056 32693 16701 13636 39203 19056 46105 8242 34046 26808 24288 20702 19614 12507 48309 32683 28200 41912 34723 7547 768 18738 21673 39086 39078 33329 12311 45665 34578 5791 35869 32078 17337 22655 33317 12655 14504 43224 16269 30330 4177 6810 49186 31330 41889 11020 27997 9662 8378 10692 28900 46657 335 15248 19598 13052 29399 24858 19448 35325 49407 11701 23335 27652 815 33897 37952 24059 19478 35836 7330 22717 33412 22138 17486 9383 9205 32259 31047 48047 42460 35339 30466 6703 21381 15137 9082 47602 42429 37385 23509 44785 5735 49807 6036 2362 23176 24829 1425 13602 3113 4799 44817 2338 18055 3509 26214 21492 41631 32829 48410 43455 33896 1619 13193 30372 11285 15289 34750 43499 2078 20867 16683 26484 42864 22032 10114 26704 15750 21535 26355 31194 43523 21501 9716 34264 17484 28068 22651 41101 32884 10327 9751 39547 7424 14508 28752 42141 29885 46324 3681 27633 4957 41390 10166 41291 5781 22019 44328 44395 39176 31668 40492 44186 32294 47126 19265 29426 21758 8515 26708 18639 44096 41149 33458 3202 40987 23973 14766 41589 8388 696 43874 34979 34870 40407 39618 7935 41085 47326 20458 34576 16585 8486 43727 12637 8507 43216 23481 9346 29541 15505 18464 31771 18809 14166 12552 10308 39019 2498 33346 8806 28708 21218 23204 31901 41228 1385 28421 38370 40181 24983 37171 31539 2793 32888 16286 38504 12028 35080 44647 10972 15172 30100 7762 22823 18029 10148 15975 15761 15247 3474 22330 45121 17214 18410 47866 39865 2131 16553 22094 39474 42011 13596 5169 36932 36107 18962 14502 31624 46192 484 29518 28330 25669 35737 16067 32797 46609 22208 5726 40256 8787 39497 6700 13332 8636 49517 397 22574 34739 25312 1158 11535 47122 5953 10866 39157 46902 3887 17899 13153 43461 12858 48957 35227 6568 12537 30787 36325 14630 25567 12577 3256 8910 13125 25205 5672 33810 31206 520 11638 41696 40319 42887 16529 47125 46304 40981 18905 42769 18170 41727 24092 21540 3624 42830 17705 24752 10323 32680 41055 18036 19992 41942 46039 13336 48862 10655 21849 41 5250 14896 11137 18714 9188 32481 23303 45378 26864 27603 24515 46927 13151 2789 4622 11295 17926 42097 12755 20965 10253 2638 48888 22623 10914 6286 2367 14418 47527 20231 22137 48493 19029 10449 22565 48276 29099 25047 257 2687 21161 10889 2539 26072 13723 12302 11000 18351 6186 3505 18804 11463 22668 35478 48837 24635 29650 20858 10936 17371 14774 45783 25811 4454 16800 43880 17243 40592 47464 39120 41407 28077 19031 916 447 33428 1201 26854 4405 46913 48686 11664 30647 23446 38378 39793 43978 37785 39045 11323 33378 13389 24140 3148 5631 21115 5282 39887 23168 43037 21944 15786 28923 10719 35225 26437 8327 12414 3431 41893 3595 28463 16073 15177 15325 42140 43140 16341 18266 11738 18407 29687 5406 27480 15721 7563 1297 28297 29586 31022 18208 27553 41379 10408 1109 22422 49118 27755 4838 1627 12176 33100 10023 37815 41521 15345 23169 47964 38645 17579 18406 39534 1399 2554 4604 662 32281 9913 35414 26589 1874 32533 6026 27484 32302 1035 20214 13609 16263 5403 45929 8841 46659 8013 13910 46707 13752 2597 28194 5737 41590 42943 33694 14860 39495 14594 46036 20233 19483 13538 21467 16464 45260 6874 3839 43655 112 38433 28118 2648 11091 30055 3129 38024 44514 38909 41828 15865 4525 13607 14154 35103 26251 34274 5546 29544 43236 35884 39548 48876 41260 30673 11363 16750 7335 2809 16806 5062 27585 10025 22097 10616 11163 19946 29267 17416 36214 38846 16796 42713 23118 11673 33538 43378 16095 33059 28129 41179 11108 2575 19554 14348 31642 10799 18320 30129 19852 356 15098 36500 45215 14285 8954 23297 5961 39268 31449 11512 30814 15159 1220 45591 45090 22152 27333 45111 27368 28942 14359 1217 46163 9231 45841 25949 38220 28660 3571 1387 18626 32379 3410 39774 39187 16670 10614 32098 19680 19139 18870 39152 3403 8314 40750 30586 37414 43214 28704 21461 20144 43515 38791 41924 38820 48780 49023 13451 527 16538 5581 39261 19292 41805 27591 599 27941 47112 13710 49470 49536 31286 5358 10158 32121 16044 40315 26109 7544 13080 37231 3730 47029 22129 3732 42637 47862 45267 30817 46781 19551 48848 36072 932 40594 39389 4899 16694 17638 38301 17865 857 4493 14681 15596 4015 37726 16150 28540 43799 25830 45961 2842 23198 49319 43440 28960 20154 13317 13676 49598 33967 17898 13496 24300 37101 1510 58 23406 1065 20843 44622 6251 95 13365 10271 11576 47969 43745 18927 23228 18706 24364 9020 18670 26946 16792 29857 26988 26015 45671 35222 46224 10169 22301 10027 19154 296 40895 10071 27734 49818 35098 26983 2837 46560 10236 47693 41098 41197 7742 35784 34507 43817 31875 36321 38023 19094 18680 12330 12139 30317 24979 944 37798 37378 45055 31219 35401 16996 22419 26450 2594 6155 39673 24340 20748 20050 28894 36632 18173 27623 23371 15628 46467 41089 36178 38509 49839 22425 7529 7987 39538 946 4690 4506 26283 25833 13526 27973 47835 38422 5795 8506 7889 46905 1177 30175 22109 2059 2631 3781 20123 35403 7159 9006 4017 39756 19371 13029 32522 538 46406 29163 29816 30630 12137 2855 33443 42366 26200 5305 37174 48983 46061 39011 40432 47488 16391 17564 8598 4393 13670 34568 36505 1846 47443 13808 28764 16089 31707 35945 31761 32375 2945 14787 20930 7616 7072 30446 19033 15306 20371 26210 8419 20662 48681 6024 29462 30360 25488 39941 19379 6285 33093 35404 16967 43483 28359 15214 42129 49403 45025 7779 5207 49673 9502 8684 14174 40719 2857 26581 37156 33300 12367 10760 28713 20288 25598 47403 16795 14541 49944 37460 34744 11656 23295 38388 29175 12919 17897 13015 29645 3605 26672 16094 28302 17903 24920 33012 45599 35082 23736 9720 10646 28766 15279 44635 32291 47317 3922 36283 2449 20085 36261 5610 40729 39468 7824 26632 45729 49592 26994 32128 23211 35308 2802 19540 43359 19600 48623 5644 11936 32426 46181 20529 29328 11850 31938 39866 10954 20451 32645 30484 25390 26298 17193 16789 16462 17848 2103 4128 15669 28305 27903 25120 46879 44376 15812 39216 38303 44588 42068 36796 38336 41346 5648 41274 34452 23948 10975 34292 31430 2647 28926 32575 4529 2951 13722 22399 22335 33066 11829 2947 43454 19496 5171 48025 31629 43815 3603 11922 4044 35834 17144 26133 47384 20392 37905 4278 49954 40940 37096 26337 20936 15934 41832 35175 5669 33227 17046 1783 20309 16680 16343 48016 17175 29317 10210 26937 34326 14002 6668 22714 13953 28712 40074 27127 37732 30622 33858 33988 14899 7873 30273 31006 1172 37935 1826 10512 34100 22977 17968 42793 14651 290 43736 3807 46419 26740 18646 21519 1572 35245 19022 20826 44874 2453 183 7322 24129 27292 46418 12854 4984 30981 49419 39888 45021 26952 36046 45217 24037 24309 37804 355 29104 14049 5943 8891 12626 26295 46630 9845 34271 3545 14996 19786 26057 20441 24272 24426 5697 9979 17889 2542 35668 24442 49279 20706 4738 6260 8449 12152 21725 43674 42116 13401 9216 8564 37098 25334 25190 35877 29587 41336 4518 8672 3149 29156 39485 48315 47742 46044 33319 647 12959 38713 10139 416 22385 38026 7370 12630 15181 122 16627 44500 1298 31930 2466 3712 43500 24148 30147 8169 4218 11653 40091 2366 7854 15428 11902 5223 6891 41800 17849 4083 38875 26975 46088 37910 30021 41049 4869 28881 42111 8360 49387 46844 13736 2166 14216 5313 40163 4066 36276 46571 39604 16214 6513 12431 43907 48702 42501 17373 45250 6134 43594 49409 28069 21088 6225 18769 24823 20152 4154 9771 13835 32845 36319 7613 3485 38781 18889 30469 19711 20618 40580 31567 42286 4588 29728 11148 47868 6333 20674 47461 276 23365 2622 38355 211 26063 6833 14737 49708 21974 41148 25072 3145 39327 16517 27433 41535 5952 28628 25992 11090 8474 30828 6607 43769 24198 39431 21459 33663 1300 46128 18307 18408 17685 48890 7597 47 39091 43284 3676 9489 6771 31959 13831 14640 25096 19020 26888 16818 34383 16176 3137 43742 8898 10008 12164 39708 22151 8917 21722 10435 46302 17768 26792 20105 23623 35214 22215 39126 38543 37016 41695 30320 43350 25036 39682 27516 3777 11220 37407 19688 42249 14111 19674 19911 21584 5296 42169 35594 21872 44299 48138 48 4316 8204 1186 4817 46338 5153 45717 38321 11219 10297 27954 23137 11197 22466 16471 40760 35286 23769 15074 2300 28914 18712 12640 44416 38923 2252 14877 21818 30348 22432 33799 25406 37761 8428 23143 2698 1772 16048 18864 31356 3818 10427 24106 41655 1355 40347 45108 42530 24647 3164 10330 42984 31227 22387 33886 35752 15318 26889 32405 49569 14337 23244 11541 45734 15021 17169 11947 47550 14222 3634 44976 6400 9153 22657 37846 41434 11697 31258 17320 26429 45431 4665 21011 30242 46134 7707 44868 2119 27783 36839 35395 44923 36830 42707 29373 33860 24302 37295 5114 34442 26742 23799 28902 17207 1202 16580 36330 17558 35986 11413 9394 44184 19780 24274 34334 1664 34645 10558 16511 25469 22594 40399 21877 21649 18628 6600 25770 890 43217 25455 22665 10177 1810 46474 15252 9252 5931 17835 38423 23609 33405 4435 22483 46835 3506 48204 40621 5427 28271 5218 24118 29584 27229 40469 27257 6791 34498 8420 32508 32270 12693 30482 44691 47778 8066 31766 27875 21620 6072 8336 29670 32295 22708 27099 19197 17347 30786 12977 28954 25199 4424 8635 9947 43774 49408 49691 11191 30642 29766 32297 32208 34930 2477 48769 35962 29389 43106 35677 23634 38203 24054 46868 3455 11262 30023 7257 18429 28791 36980 8132 22383 6767 47027 33007 37512 5589 16408 37823 24911 40789 11705 15633 19662 46063 40552 44002 16960 49865 31119 1112 24648 24807 13881 30189 1497 377 11676 30358 33698 32140 2465 1305 40352 41254 11896 18463 33803 9474 23002 20457 16520 27960 42206 21882 17661 10564 18979 30966 1045 49751 7453 851 43869 42802 5686 33017 3596 44656 35675 47929 7119 49646 43778 5526 49987 7046 23716 32474 45557 38873 26275 29608 31490 10921 11302 33056 15773 10844 48566 23165 28625 18982 37075 42972 19105 48617 41114 43250 40547 12005 43508 49108 46328 31556 1055 28324 11757 37840 4423 14387 41886 15554 20853 37537 49254 36233 22067 22763 34500 18697 27650 8463 37095 16311 33588 26612 35523 18930 5060 30599 17072 3005 24793 15880 3703 8367 28977 17585 24586 43349 6093 16059 4934 4346 27501 49519 2904 37212 17957 10774 15722 35377 34950 29396 32600 22955 28492 24149 14693 24671 5443 25139 19820 16459 6193 20771 33492 33028 9344 34398 36152 25810 25797 11857 46389 15820 25766 33537 16191 19819 39944 16086 47462 29556 37871 6027 27672 27459 39453 42085 49906 18994 8116 1941 5369 34305 14469 27969 27907 136 9141 49984 22764 30274 38667 8150 9324 42333 9904 22666 29409 39755 10036 26879 17204 38436 23707 47941 10995 18192 3140 5542 22298 7886 17956 2359 9085 6794 37382 13799 40842 25610 17245 20128 9805 14406 46249 49227 12173 2563 423 49717 25560 24043 24782 33324 46307 10595 26293 47604 35209 38973 24802 42017 38158 37094 3249 38500 49555 6315 4327 30346 29510 42956 23054 27839 47219 8739 17822 24500 34038 14917 912 24523 6172 4825 48277 41263 35978 40581 1782 4524 5382 14579 23521 631 31758 5762 14115 19922 38840 34322 28737 13388 22514 17436 28714 35442 18024 32897 20649 3659 47264 19549 470 46150 7551 29967 1325 19649 26142 9406 15573 2675 47917 30952 38204 1033 2187 17338 27362 35803 36413 35639 28720 32366 8192 24986 37817 43384 39175 21979 42635 27172 11431 29131 10712 46343 12994 14619 17215 28174 31307 37957 41416 27206 22135 10532 36199 17854 5281 26653 6764 9878 35176 23119 26494 8669 38657 7809 26183 9185 497 41318 13929 12324 12729 18925 33298 11963 31576 3259 45041 24819 46354 43324 33816 15480 11375 23870 28259 13535 5176 36234 9041 14415 5096 29901 26724 4947 44767 49361 17344 1854 29897 25574 20366 44282 43813 35686 20881 8537 37404 42253 49453 23660 42193 21516 35152 47490 5113 1915 8246 47974 40948 33475 37078 40216 47774 37444 29828 31553 31772 30347 32327 4961 49894 8250 1566 36726 44157 5898 41544 42055 43758 34143 16168 14278 38553 43609 39976 6739 23019 31096 4556 43805 23995 16481 15107 48112 36849 37822 12389 16622 49712 34863 26483 22889 9872 19815 46551 17660 29325 38793 33418 45712 31048 17392 45597 15210 3660 2398 40436 45816 31489 44878 31273 43219 15025 7316 19619 17473 15202 46526 23892 46200 23142 10109 16987 12562 14294 43204 23956 17299 15989 43367 23217 41719 28546 46217 30949 48238 35578 43369 13814 1470 18445 18802 34105 42408 34313 18191 25319 16357 6729 44652 34633 47682 46763 8196 46380 26990 2798 37856 46226 7784 20478 15622 36263 47343 4203 20215 15075 45178 35383 12211 45582 25333 17233 4275 32930 22124 47899 37682 14663 37557 44104 23013 26967 27902 45761 48941 8777 14353 37786 9583 23324 18226 25980 40380 32292 17915 1930 46821 16449 15308 15327 21998 21680 12073 21823 4436 42823 26112 43265 48860 44574 32988 26471 44655 21574 36708 19646 34956 957 32256 3541 31128 25996 47879 8897 2838 44770 22254 15693 5927 46724 36834 36987 6992 45123 47549 35763 7700 24629 28152 2614 28074 45867 24133 18746 13540 674 7414 4118 23612 7280 5392 41772 33344 811 14814 39914 34016 16425 26061 17313 4179 49120 29625 43900 40146 1163 32679 24935 20030 27908 46295 43998 27687 49142 43175 14829 24459 19469 31854 25340 20653 23864 9068 42955 8624 27445 45647 443 12405 28313 6001 18755 3274 8051 4916 33098 4733 13598 22667 45088 7206 44155 20358 19881 8851 3672 21755 2429 46682 16948 12739 46971 37368 26950 45888 11639 1885 4280 34061 26265 1422 24417 5094 1958 23871 45476 34969 47449 23398 33216 14390 11621 13457 26788 5694 36570 47595 49604 11057 45978 49097 15113 49017 3157 36862 36250 33377 33774 2714 40662 21928 15453 10526 34137 23366 14932 20036 12999 5270 47555 17812 28516 26108 10598 23006 22881 29649 15411 49169 29916 18228 11854 29792 45371 26353 40800 18654 6254 22325 5532 43692 42714 534 47307 45458 2308 34293 48362 33892 18944 44620 27910 8214 24981 48852 45054 5695 42853 37353 43436 20274 32653 29351 2323 21656 33152 42929 33034 37614 5965 40453 478 35342 621 16386 5251 35998 28407 25789 26231 5462 18780 5312 8054 3736 36367 46327 31037 43145 49248 32224 2703 15857 17082 46255 21035 47754 7144 43138 28757 19945 4745 11310 16103 17626 29095 39013 31543 13675 36365 2957 47107 19366 24772 20950 47643 1276 32863 13255 41251 7561 39170 11667 26784 15322 28397 2712 6017 21968 46862 7360 30052 13061 41812 24109 4105 42095 6280 47193 41212 23783 8562 42885 33727 22326 39643 16131 46822 2057 578 21640 29061 3650 9100 22706 15307 28147 30951 16698 34350 18188 8364 28962 19511 6016 16965 32309 45920 33966 46267 4430 369 19097 10180 310 16115 30279 30913 8852 11997 8573 25657 41389 34351 31816 24939 6486 3645 40781 41860 21171 37672 49824 17699 3273 47562 42198 35873 7317 20133 10324 11824 31661 37429 36086 12780 45743 38995 35473 19382 6885 40458 37579 14060 12344 32895 8834 3986 29173 8915 46252 41766 48955 25840 15692 30170 24332 40362 30553 28582 9288 31158 28621 16924 22776 3653 10229 14505 46298 42258 23535 20994 32625 5617 48804 26851 24305 13947 35231 41377 45526 11458 14970 2140 40088 14840 12034 21961 13804 2193 20266 6818 31648 36875 2801 25617 23985 16754 14897 49283 8157 22968 285 4519 13215 990 1866 40160 35243 28482 41560 40810 18597 47739 8595 48490 2788 46950 12520 32433 29408 26000 27498 49246 19435 21610 30759 39752 25112 22768 29904 20454 12712 48901 25719 19935 21354 16280 36906 19313 17190 39566 49799 27080 37781 32106 13369 13220 22334 48655 40633 26435 37898 43410 44759 35768 41100 36342 43381 4997 38184 4307 47760 20353 6444 11519 23755 20445 43162 17471 2030 45390 11783 4903 28895 30582 17996 29265 9265 47018 32010 9286 36756 37112 35075 35994 4682 45376 2406 49928 7062 34619 5245 33149 30514 48512 34521 26945 31166 28785 4042 49713 4383 22381 45568 46615 25136 1535 36101 9249 3597 4951 17198 39428 11863 6591 14323 36422 32115 20940 46388 13688 12688 32453 33484 7757 4238 9143 2410 21399 34424 20927 22586 29432 29543 16303 10491 29454 45664 22307 49044 18798 7305 21951 29386 34210 10797 16644 42296 3399 27390 46900 46030 45412 28797 15894 13948 29442 9713 24262 34713 3969 6516 29261 24166 22118 47922 25326 7937 4857 26427 25468 28996 45997 29019 14107 17838 24594 45853 9373 23889 49628 46194 6646 11760 35284 26912 29646 10898 35896 11314 20769 26657 40845 6003 8700 45981 20008 23379 17607 48437 37149 193 22569 44929 16431 21907 39018 20587 10430 43190 31986 14231 29573 9379 29040 40233 8900 17216 28203 33398 43981 44968 21621 47118 24079 26195 32429 34115 21993 45964 6690 31172 35725 25263 43225 16725 43460 49109 46838 39231 39041 1860 13617 43897 4627 25599 29876 37065 26434 43860 26273 45214 43304 39900 34728 4317 20177 43376 11650 40099 31272 6736 9276 40668 44232 44634 18829 17958 4060 32124 44504 18507 37130 29517 40032 27695 18823 36673 28464 40881 21321 19870 34881 2051 36497 24073 41452 1061 34277 16147 7342 16454 27446 15200 48218 30903 23702 40774 22058 20157 20806 9075 23081 13481 46849 26252 44752 42820 29018 34823 25633 46990 39036 27364 19603 322 7787 3743 10172 31509 43632 30260 13968 9386 48444 35866 30500 49375 40772 44873 44777 23594 411 17367 39531 20483 1351 28180 46793 24202 4411 38772 12203 33375 48926 15813 22344 24055 13001 7084 32105 49487 25762 27230 15141 28246 45200 2997 36879 29091 12746 34377 47001 21209 31882 30095 17927 25055 34828 22476 23093 5742 37073 22134 14138 29443 34094 31154 46471 36025 14194 25285 48514 14448 46126 27794 38974 29118 9336 38102 33725 11221 3317 44344 20985 39450 28677 29160 48040 34677 28413 9893 42271 46602 42584 19578 37937 13978 8667 25466 23487 1698 16842 2376 24088 5784 1228 7120 47450 41106 36872 44271 2489 25043 4185 11189 7207 7242 34299 34548 29865 23408 11968 312 1507 32268 18762 22780 22743 46201 38766 38408 43445 23891 43747 31077 22459 32546 41163 45287 40892 33666 16865 45649 43663 14124 33210 12251 16412 37693 37853 21206 13838 33580 18956 18161 1512 14354 29740 1363 25990 41120 38856 45821 624 2952 5698 36931 31716 2256 29553 5198 48739 26056 22795 35100 47829 28328 7425 48274 45029 32085 4122 8977 1229 43825 34801 9381 47209 18397 49827 35514 44077 34782 8718 38344 40033 26390 40006 9677 42562 49480 33607 2070 44455 43024 29701 48975 7783 32282 14596 42233 12726 40742 24943 28648 35886 33786 13017 31721 25709 49577 14011 23489 1590 22765 20477 9405 42897 47057 31933 26333 41679 37273 42166 3012 11849 45301 34024 29973 30108 28007 12599 21844 35032 32165 47639 35808 5461 9747 48394 22824 32932 23032 44695 32685 14308 21314 29525 33815 28500 42985 21624 31682 39745 46502 13866 34051 12325 43753 19515 26248 46546 4498 23109 16075 47871 10154 27782 21918 31465 15712 17007 9988 9111 29877 23941 33548 22340 25545 46056 9300 47565 25481 42655 30167 26817 43938 46637 11024 39671 22372 48777 7702 26049 8850 25827 35149 30624 45072 19963 29434 22944 32211 3517 30516 39048 23240 827 24716 816 5805 4183 42036 37114 9600 10390 30964 34918 2194 20258 25537 36801 5712 49035 36638 12422 12026 2546 37821 10825 8479 11765 10215 16417 4209 28321 27383 32917 42301 38746 9819 11937 44224 4601 4253 31946 8302 33614 21010 41996 8505 26219 13142 27943 33603 387 40264 4273 39856 33793 2455 13728 36998 10300 29041 14876 46869 22194 30733 12111 41767 26436 31463 32254 41811 36315 7411 19792 40177 18949 19153 49719 38510 21616 36927 32729 179 360 43574 46096 20617 40913 42280 41836 15365 21858 49566 2170 36441 37644 18292 27387 32803 33392 49079 4447 42474 45530 12306 40827 3675 41564 24595 43779 20277 21497 10065 11438 13083 40758 35138 48039 20073 27813 37878 44960 37067 40554 568 35002 33722 31731 28150 26805 17309 15993 39699 719 8545 9608 35033 30944 39937 38390 15050 46837 31487 14312 45672 27742 13172 30554 16578 14891 32769 29034 41581 45015 4134 30999 39248 48072 39543 24101 1166 2114 16719 11687 22015 5842 45208 5186 19739 47295 41327 48889 15287 4998 23530 45536 3119 25019 26978 22591 28352 25005 4725 23881 10224 14238 6157 17335 38533 32062 29147 40812 31911 9167 39123 23020 49854 19823 48193 12229 898 30683 36451 42195 19613 33721 35841 33972 29068 38653 32470 35191 38100 16756 22178 25697 4432 9854 31839 33282 23933 10211 1389 17222 7504 11789 49522 9976 46158 21940 15371 31852 28354 28383 31937 22713 3341 48717 34345 26349 13460 23595 37695 34414 33639 39848 48952 15769 11403 6630 40908 34020 39297 10606 41249 36867 20158 5883 16297 28434 38915 627 24614 27454 25094 33668 17044 23076 46973 47282 3336 8887 39690 18938 5707 37913 40331 1920 10535 17540 1206 43074 23930 2104 7805 32223 28212 25376 17974 31797 39927 4649 15438 10415 39177 46518 36313 23693 43294 18199 7285 40974 47579 11147 19921 14532 46495 41433 20946 13937 42458 12801 19169 38971 3875 35799 16512 18811 47189 6357 20524 5407 8558 12908 40608 40053 22631 38949 12503 7298 18933 46673 41096 21977 2607 21167 13065 36369 28927 608 3191 42888 43352 7108 34668 31763 22990 501 16282 6855 47892 2358 47816 36489 46196 46789 31881 49806 24104 42088 24085 14927 19280 20595 15271 30833 11042 27314 9 29763 21937 47244 20410 40504 18194 16442 22664 6869 23140 40600 31177 6965 4572 25795 17303 21124 19230 6233 4643 9895 2210 11875 12182 11583 15943 35528 26577 34422 2138 16279 975 34280 29382 43332 43429 15951 32052 43575 6763 35070 29032 38737 17171 15928 29746 21300 16886 38505 28346 23350 34651 11288 2730 9357 13413 36084 45392 31334 21352 26404 28389 40457 38345 22342 38334 34511 43431 5240 35405 6210 22529 3265 17301 8697 32007 47274 45207 37888 12268 43261 39398 43361 31775 29379 8048 13545 28965 36882 29918 19536 5391 20412 17377 39289 12603 4041 33244 42102 25145 48107 43889 49640 4176 11009 41178 9434 41694 39282 44278 36720 15035 1763 22573 46468 6158 14753 11352 29027 12565 17742 37499 39790 6050 12451 11587 13706 9435 10820 26018 23868 36986 20339 25483 13097 27220 9812 12952 33272 9973 42311 12563 11929 48224 35738 12174 31024 37919 14910 43604 39482 33766 4672 24839 9764 37900 14984 1139 21521 29744 23775 23904 37430 30134 8184 21227 17499 16068 23085 27517 7441 7087 12024 18264 26088 14040 42047 2890 224 10260 1261 31462 23699 9567 14971 41554 17728 787 22047 12240 18141 29130 40441 29593 5356 6229 33591 6350 43792 48095 28244 37437 23806 49969 16568 36274 42153 27093 1800 24238 19275 13764 4146 11770 46317 45409 39876 46991 47183 12533 5598 3941 19475 30672 37484 27682 45286 32891 21062 22245 30225 7517 38426 24865 37486 40929 6724 26131 18450 10222 49346 32248 5534 12425 4484 14334 14710 3237 48892 33023 25042 9221 29384 20388 27637 19120 30617 13721 43153 13635 29747 4724 28613 38179 14255 17791 27830 21224 9858 7461 5922 30695 47000 13897 17871 45255 18434 38145 17425 36700 180 30045 9240 6239 8689 17941 10967 26667 20803 36195 3574 28358 9649 34018 28371 32183 39679 9670 33834 24154 38702 7949 46227 158 40391 46223 30773 33629 24524 36282 36287 19789 267 16085 16347 31085 42998 44341 35732 46420 14134 3710 31361 30508 13536 21619 21683 40114 1966 2065 46811 20347 4322 48376 16473 33435 5745 39099 8775 16955 7086 3445 12810 46012 44235 25775 20533 35695 536 36400 37615 31308 26174 16025 27546 23053 22195 35642 12140 28781 18305 34807 28883 6714 16817 45521 36648 27756 32929 35083 24641 11962 15677 27634 9314 17345 36326 44436 19415 41247 49289 49383 23999 17002 9706 30394 48085 10957 14920 25768 24564 1494 22741 47583 15072 41418 31493 10699 14701 39645 31845 12025 25784 14703 28112 20189 44090 36376 9883 35093 11004 26146 33714 47059 5858 7002 21846 1491 8310 1892 28435 6817 10221 27347 27057 35691 27660 27722 24954 27896 31697 23590 556 35079 43656 21946 21768 14187 15593 46320 39251 41941 16747 41673 1518 49770 40587 19387 25918 12465 49437 13833 4960 16868 32525 12143 39536 39452 5856 7678 36334 27568 15085 43631 37011 23576 35610 8711 10833 49624 2849 26522 29613 38648 6985 45917 37232 20960 42831 35285 1647 29096 25388 37159 36119 33033 42038 2139 16239 19861 38212 22798 24723 736 15881 4715 38432 38573 31231 20882 36530 32641 29909 12531 13744 4923 21168 33065 11298 30518 18411 47054 38513 23929 44717 41857 49952 634 19550 16950 37524 43323 27322 18630 33383 41670 46804 45498 36130 40284 25030 36458 27117 6946 34445 32083 21029 31975 8729 35052 16394 14848 16326 7143 42230 12020 32168 22443 36547 30730 20465 44913 33874 17092 32733 9577 22736 18703 19044 6510 12505 24790 16300 27718 43328 33689 96 49046 2235 13092 10004 45239 4864 29961 29290 47315 20029 48012 22775 33365 33935 11139 14873 29435 40840 44005 40167 9621 36462 48207 36614 41108 40141 41592 34757 46910 41466 44087 25694 8720 3189 30551 8504 32175 19267 6557 41795 7687 21874 22900 9091 39934 10020 12087 26093 49243 24656 6773 29507 3719 48337 5925 12252 21720 39541 25588 42155 21185 18906 41268 14544 33400 8113 12514 43624 11730 5436 6649 30643 32637 49890 37574 31368 47208 3056 25465 17302 21415 47086 44083 39873 33350 39141 48436 27017 45283 49275 43612 47538 12513 32734 25666 29010 29636 9331 19298 6335 25171 19113 10083 41332 30236 9998 2180 49258 25379 26861 44203 4693 43308 49575 34303 39832 39270 15105 3079 40200 35198 24538 5354 14727 34505 41167 46533 14768 15081 5411 37742 18522 25932 31064 33231 35865 17024 7936 42347 29451 42624 32635 3834 8813 36014 39331 13322 45900 26156 2609 36003 21573 17055 1081 14123 20340 26830 9073 16212 28495 3960 37018 47133 20530 45854 2120 32900 36444 36 12958 41630 49550 16507 37008 12294 10359 25103 44799 11093 31165 15794 20405 15009 6520 17589 22534 12940 41223 25848 29359 9794 43334 16036 24398 30231 11138 30295 37459 41058 7302 41376 22884 16885 24169 41956 34580 9351 33764 31898 38250 49389 35935 4594 15390 30652 2264 23190 1606 437 30895 19854 43513 1493 21542 6391 36166 14601 23872 42976 18398 33551 40688 683 20549 14692 43478 5183 15027 27375 936 7064 25651 15902 7639 31438 24376 37131 14272 5711 1926 18853 18653 5935 30159 14960 48641 25587 27859 43375 43831 20175 2259 19585 26457 32690 43453 12525 19824 47021 13524 42517 39387 4574 22994 45332 26136 8231 36049 19582 45537 10984 28412 19788 29786 36651 21070 3047 7 48006 1052 15316 12397 6782 26092 2228 46711 42982 38137 9081 21595 43321 45663 35964 26264 30552 24360 12286 46064 42742 1377 13655 43934 15207 11660 15645 37062 27156 10246 26537 34820 7902 34643 41648 35331 26793 37464 29513 41724 347 40339 26627 43078 1648 23184 5575 36729 29940 47347 41654 42126 25440 33693 18501 1462 31516 16273 23279 26215 35636 25634 20130 18603 27479 49872 28763 49879 43570 23792 10164 28575 15029 25058 23894 37556 18593 45442 386 34222 11030 10220 5718 10976 11696 6226 27886 8754 197 46172 35489 21150 6863 35453 7338 29734 34638 29966 18319 22407 43303 39669 22099 698 22756 49528 19716 25459 31443 5478 28948 49564 28072 41901 2557 29870 46888 3450 40601 25123 5259 9949 7878 46697 18984 25674 30073 29907 46499 20695 37136 35295 1661 14738 4011 1332 21663 39842 15462 29272 49177 46393 17846 47096 17495 38851 4057 18198 40963 17528 39324 26555 43473 36828 19850 31538 23124 22227 40835 46771 12511 18298 25816 48792 25883 28696 27495 12345 30120 13988 7228 23546 32120 41094 5134 14965 22371 10138 29751 31749 6933 17099 21188 17291 13146 42681 48233 24566 41395 28991 31332 5727 43873 10684 24508 39148 37720 19974 7612 32383 26838 2288 36719 37552 47216 12132 1116 48795 49384 1480 22625 9915 42035 10068 28006 4159 37363 34225 23136 15690 43839 34362 30806 8191 45936 43707 33161 34586 25407 39344 34030 9519 3907 11301 19193 31403 23245 9180 32249 14561 29466 22849 23567 1373 38364 30793 42112 35485 16482 36236 24168 24454 26638 31163 28477 34496 42479 10518 40671 25552 7922 23123 40851 40134 13311 6037 47836 40935 42858 41725 21148 22906 30377 31349 40439 15155 10263 32119 49413 14635 49563 21487 44389 15223 1159 231 10998 37489 6162 7043 11347 15099 7725 26919 16467 24223 22816 31115 8939 4987 9260 38590 18859 31770 21324 18753 26378 43312 32344 13281 45685 35268 23133 11005 4368 14628 30126 2314 16717 21924 41531 14435 16726 20381 47311 27305 6530 25872 42628 7110 9115 13960 33631 9258 38950 42257 35491 43903 1407 19235 21046 13141 33470 18722 47194 14398 23772 18101 4932 22104 1132 45280 2741 33600 5995 1683 17843 48240 33167 29226 17561 21099 42703 23167 28831 40786 12566 17280 6 25526 41906 15290 17931 33502 17376 42603 18521 36075 9043 24664 38402 14633 22261 8089 5484 30717 48235 18900 26222 8396 16316 5078 3142 25743 13277 20750 20086 11953 34298 42825 26385 37251 46776 48646 3154 19470 8637 3205 9887 47223 49825 20765 13574 4281 36120 7116 31577 4695 4053 26481 6404 26475 25846 25399 11275 3415 20172 31723 20942 2530 21318 48179 23519 4043 47867 31923 16230 25652 48546 42856 38019 9865 49655 9697 46144 47426 15972 38199 13850 12859 16478 10628 41683 1501 17283 10276 24218 31896 11096 22165 6038 23512 11229 14612 45968 41374 2748 47379 42900 4658 16322 30811 14032 34630 36800 30305 3174 37764 39125 5079 13110 33407 31168 44256 19896 19200 41447 39606 6259 38415 7482 14952 27836 32071 36995 47498 25518 41126 26318 11904 21058 20310 394 13284 24089 40955 18855 39757 28494 26727 14497 2595 42877 5807 24719 6856 22533 41403 5308 12019 40620 49034 4663 22004 14074 6796 9339 44906 20966 30214 15694 9803 18724 44781 38630 18555 20058 6351 10524 8451 34397 46484 30968 39522 42560 29998 45269 11087 13068 2329 30051 37988 9144 45868 6034 24438 25110 4978 48653 2480 44981 33456 33518 17726 20544 44598 12455 14521 6482 9239 30763 33948 20593 25409 41813 46456 36903 27627 33646 14769 8490 7291 12464 43146 48413 35599 46156 32624 1603 38296 34390 47032 5789 17494 11881 41057 9419 44263 21234 24291 46276 8664 13309 44917 30856 34606 42725 8366 19742 29621 43329 28816 44827 36439 34486 40920 10591 27548 12934 42090 46965 7394 19401 22119 14708 9536 17135 31230 3709 8770 48573 32859 29743 24971 35129 15315 48946 44048 25925 45447 9524 7039 18510 28370 43554 19961 34859 2959 19442 23035 27699 49731 49233 11008 33242 36853 4752 18862 38428 32556 26438 13051 37116 22930 36343 42917 38614 12734 13448 30703 32280 46029 2713 37593 41645 16603 3994 40666 12169 42521 18454 20863 21032 25594 5536 24681 28639 11179 23215 30933 29411 20101 1784 29392 15734 33984 39046 1059 27217 19782 13642 8447 29864 22792 34679 9410 11743 17094 16345 27504 11709 38661 22147 46498 11217 33063 4592 44114 19879 44567 11978 35445 33697 10126 16663 4359 3628 4206 3186 21253 49670 21776 651 27614 34735 45031 19668 2728 49851 21007 22738 42053 35353 15073 41697 28282 46613 38674 1435 5930 20918 6059 33660 15250 13109 28017 10508 4703 27700 26508 45643 45583 44783 4111 31310 42329 46719 30619 37236 43990 1602 49379 31510 49241 14711 18443 36650 40327 20142 38874 40775 27923 49299 41563 18259 41722 16051 24577 12809 42156 3425 5651 3639 7660 28856 43094 37994 44472 29413 4025 34036 23756 41965 15926 25930 7279 39212 46538 42222 35073 48966 25733 47499 21902 3880 44354 34583 30151 48366 35983 40430 31679 33091 16765 10292 48447 30741 34632 28214 37405 20914 46934 40635 29102 29367 6258 22961 47894 46511 10778 43784 47259 14054 4453 12855 9353 44469 41315 2618 24860 9547 19134 24730 9112 28424 41803 23856 22615 45675 18356 27441 36893 48721 12355 8616 19060 4841 12474 14777 1282 2577 45212 32973 6814 29207 1530 35451 29097 16005 35577 824 15341 42750 39626 6125 15539 26813 24493 2239 42789 30354 32784 19813 1747 47769 43127 31818 26030 47832 31141 1353 5891 47033 42070 25377 31932 35970 12083 46480 26304 13062 32138 9281 33951 28496 18002 22847 9443 5808 42844 20680 20947 3886 25960 48346 25350 34005 39124 749 8613 38723 44432 29026 14539 5830 15431 29671 15954 7893 6478 19995 37750 4052 7530 30834 43750 11618 17235 24742 26376 3388 39667 2130 10963 16105 13525 44359 32727 18932 12803 6181 720 12968 13680 47158 34659 29428 6076 26161 42063 34253 13453 34857 16112 1001 5594 7323 32944 7157 16080 42027 39600 36653 2910 3583 18993 16793 25352 48458 11190 35681 51 950 43205 44109 1968 27335 46504 31298 22100 1654 27444 42359 39035 38506 35260 31980 40578 12545 49841 49808 2961 47716 4994 27828 17191 4645 47650 1998 20084 44838 38197 48790 49129 49531 23289 42103 20869 12616 23508 13047 33361 4282 42374 30173 4684 39728 43418 41577 44252 33137 45323 20480 15131 13778 1806 26375 32053 12832 5723 8761 40066 19084 5157 13755 36126 9222 16498 14749 43339 3756 18512 7102 43186 10925 2772 9582 27281 27580 26596 19324 31540 34899 9721 35820 37421 48291 45774 12604 47046 34536 31345 39449 43 40375 17953 37007 40551 12303 33956 48668 32180 11334 35539 35042 33670 45659 18659 17045 20603 40736 48211 40089 23399 45807 13756 20016 40456 12609 7814 6491 967 48656 40184 43470 18516 10188 33450 7212 33824 46266 5177 13327 37550 5106 20703 7635 45954 38497 48453 44965 33133 14363 17883 28796 34437 39882 43184 23291 31482 29417 5887 3492 17103 45559 30885 33166 30973 20578 49022 44774 23425 46623 7231 17324 4641 18549 11311 13257 41295 28159 7501 20486 21296 47982 23905 49056 32015 28056 46755 45362 3528 358 27025 37835 27961 12831 7701 9675 23430 11659 17037 25142 29264 42362 16121 1007 6469 30728 44600 25734 42176 42238 5488 16234 39672 40520 45202 17154 23278 38704 19164 8094 43695 3372 46374 5725 15094 40936 3419 4969 8942 46212 29354 42324 37912 48962 47457 14241 31929 15394 16479 15415 21484 19729 29100 27287 2659 28651 48908 39104 29273 16834 10596 6043 23375 261 11679 25166 15236 42407 47726 45433 20512 2630 1143 7827 14279 23412 27926 4255 33845 10384 14808 45876 47714 37737 23549 20163 29088 36866 9478 21796 28783 10150 21617 6442 8258 5777 30046 43643 8705 25994 12608 22081 27870 43893 42369 26073 38150 11230 23741 36404 38646 29269 35684 37991 3752 25342 27145 49935 34163 35619 11013 36538 11470 25549 42428 7972 12621 13541 15901 5105 8625 2790 10836 7975 1721 1390 1903 28776 24349 41272 26270 6455 7192 4577 19118 16521 23178 6511 13011 15419 12236 39940 28029 2928 43726 31744 2075 20373 7314 37477 28247 29651 13245 12649 27565 42199 47386 36591 8592 316 6352 22917 28774 19165 9302 39096 17374 26787 22561 34408 47285 27769 38375 1182 39427 12806 1720 13140 25417 44144 11209 40780 16692 31892 20924 32968 47551 4075 36798 33105 8879 24143 14428 23789 38710 5138 5131 36988 48055 41583 21036 37351 27863 3400 16256 42829 298 37265 82 36507 47100 20460 4614 44191 30931 13372 48849 30043 785 25748 42671 1635 19980 9093 44764 13959 29887 44834 43414 24430 45790 15744 41187 2488 6074 24542 10659 38326 33866 18688 42213 20201 28491 32193 27670 44466 3275 34613 67 28448 49218 17776 7040 29238 42360 38278 26306 14719 11503 3421 42895 7324 24350 48673 45938 41707 49679 43804 24561 18931 3124 32910 27981 25063 39309 41259 157 11530 24456 42775 40634 35067 28365 5097 11908 36279 34138 3972 31003 44303 15930 43641 27507 34302 43829 31864 42898 19916 34311 32972 13486 5383 41758 36773 35537 18314 47472 93 14160 15060 12401 39507 11396 14511 26398 48695 18063 7033 18392 27440 8391 40686 8864 38685 15278 22661 4068 45645 3378 48692 16339 16003 33099 41844 25765 25177 11205 42401 30852 21063 26892 385 3013 23747 44545 44393 41320 29614 27179 40175 22417 23421 9928 24243 8585 25577 29256 46864 4924 44287 47786 5329 29077 16659 30276 22643 25983 42909 41425 3830 16104 34106 14095 35219 24766 33711 49490 7527 42814 3254 8308 47536 27140 31851 2777 6306 31122 27034 46635 7900 39106 11938 17437 15005 46248 39165 27893 23130 13409 35304 2370 23968 48354 19759 42304 9267 40338 6904 11267 3826 28468 1876 6804 35412 33831 19357 39913 43467 26139 24301 43592 39462 18268 19597 36137 41582 9688 29933 35148 27197 13323 23108 18781 30190 8438 19422 59 10434 44624 21711 14449 36764 5465 14679 9850 44696 38269 36197 49286 19048 24937 26499 21261 33699 24683 14859 49992 29993 41907 18157 348 18417 39396 13900 25052 17864 28624 7794 49126 30854 5297 20818 31228 10187 14680 39550 1015 24991 43441 24001 1765 45428 45379 23015 10349 38461 1612 32374 29074 6691 36331 45499 8206 29983 48153 31678 22883 5379 12178 37069 3976 6819 25107 795 495 34458 36540 21373 28872 23621 28573 12364 3225 40716 6545 42839 200 38041 15793 36602 49007 15705 46866 27921 25091 16669 22391 34432 15557 18857 29931 10559 16788 6981 14629 30661 13178 4792 20923 1843 48003 17111 12439 38156 42842 16674 7226 41891 27898 12759 49110 21042 10858 31503 23154 29368 44366 36617 37066 9390 29681 17565 10803 5994 16289 44958 26470 18598 2183 6164 39747 18717 20799 13392 47909 2896 46263 49939 14065 7113 38193 36656 8779 25398 11820 35801 24690 19161 39384 12724 23762 20467 42986 13263 20092 10632 23322 20076 9399 29209 14061 43733 35059 8960 48759 34795 1082 47202 13521 44475 23850 22602 20433 13177 17620 1857 28619 2328 41751 23927 26228 26384 16118 22872 23283 22160 26150 44270 47532 33345 6035 1939 880 14349 39611 37577 34179 47522 9785 55 43793 15145 24545 6704 6346 20697 40026 43065 12526 42433 13692 16501 918 25650 3165 7557 30709 28348 471 3572 7866 38503 2396 10735 36576 19928 29133 28375 22674 47144 11975 856 32825 18562 8101 11594 41220 44803 27993 22007 43358 8853 38607 41569 29549 3515 37186 4625 5260 4459 6939 29262 26933 30064 14162 30122 8702 33980 32446 45201 39586 4880 11437 43506 91 18246 6470 485 35118 25685 41479 48236 40576 45797 44098 30282 37794 21661 37627 23919 6253 14301 48818 17623 2565 39660 26372 33158 41127 4007 15846 33179 24592 39095 48017 12812 36361 13751 13668 2357 25761 6572 12675 40745 7587 21125 29939 28108 9760 2218 9053 19944 11775 46765 41437 43056 35833 33684 43194 45658 28598 21529 48616 1842 1184 22966 24039 20801 25038 37485 34003 21986 3540 30420 37226 13818 11072 47631 6931 19599 9731 33213 15524 15754 767 3457 9603 33880 4098 35201 29595 44108 31081 7643 24757 30216 35901 35585 592 9638 2543 35967 28896 16097 26227 18343 20727 2894 24748 43091 30155 15180 9299 9823 44442 40405 8038 12382 35495 25146 31825 46040 39982 42504 7295 46576 42224 24749 15700 9498 23344 15389 25576 31132 45874 20062 33807 27697 47697 21879 7442 38706 4483 37948 4902 31788 41156 11046 39162 4858 13767 38903 9275 23795 45235 20850 19102 11341 28693 13844 18879 18888 3933 22709 23003 44476 33247 13529 30805 42869 27683 1467 30527 31611 27807 10784 47368 8970 15218 19246 39204 33457 29798 799 33114 14872 32158 32703 4370 28471 29669 9654 5239 48054 20250 39199 40965 17522 49761 29200 24573 11001 28288 8389 41878 48419 18233 42409 46848 45773 38171 10001 18042 29778 35141 32251 28266 24930 6924 14362 17398 27336 7367 25870 26177 44430 6801 28901 5882 37428 33923 27429 36730 3767 4407 3 18070 41022 22240 41718 6621 34871 30702 34887 900 10585 17656 16111 12133 25613 17612 47649 28798 34048 44473 36871 31424 8660 41068 29244 19015 27605 15770 6228 30613 22770 28139 15740 32638 7053 38477 17470 23748 27466 33094 25607 41386 10923 23088 32381 24849 47025 39121 23482 5638 3418 25009 38716 34455 12256 32767 2202 4976 37290 24762 10789 44533 41077 10161 21950 18346 12254 48682 9663 41752 2007 21568 7438 6880 48662 45241 6182 39936 14358 31404 4448 45833 34175 23507 27797 41950 21064 49965 24139 20521 42630 43922 26755 24409 13018 28521 7705 42417 34631 48304 6634 42229 27082 48066 22975 39950 26960 18376 32984 33353 10275 8279 49459 14649 4323 31830 19474 46228 10730 21717 32735 38451 580 29000 35114 20665 22521 8099 22861 12110 29213 39467 3414 43089 27800 33306 32129 21567 41791 42299 44826 28673 22562 40925 13575 38798 35921 35835 33424 4829 40854 23009 35504 14226 37729 22527 2580 36785 37685 1657 43298 29602 34258 1644 25267 42599 25024 4782 46783 17786 5031 25240 10709 23219 25527 1135 639 32564 30869 49175 28141 21074 529 38935 33138 48943 3606 1540 883 41900 39691 2116 47323 32409 40051 37920 22563 38149 47504 14017 44452 46923 4382 7723 46742 27021 140 47081 5193 26858 24481 47511 29003 3664 15460 49520 11991 43941 40629 44982 3881 26646 40664 28915 25158 34321 7433 47873 43337 41056 12731 10248 34170 38325 21566 70 21372 24375 11016 11350 33077 49065 12331 30181 37733 27283 13390 40512 43325 42260 38818 48973 14313 44856 2257 29892 21641 12902 12815 38714 33720 6889 17981 10447 49513 9232 19774 4252 13234 33015 12017 20232 3888 1940 4024 33572 36663 19648 40442 49748 30526 3502 19447 3408 15439 22692 22662 1195 1587 40531 38061 33673 16901 19644 196 28649 23836 9463 27192 39295 43060 11605 17133 28711 20871 24921 15687 30088 10910 28626 18370 1018 34826 14423 9444 29429 12484 46686 8971 33659 24160 27407 3308 18538 48518 15452 9957 5815 35423 35434 40986 35885 38691 29499 3674 19692 22695 11150 39978 1443 38141 6940 21393 9055 32321 1440 17710 20227 36355 24329 11407 31282 9515 35844 28290 2460 1592 15610 49416 5074 13345 39329 2937 20111 4708 29162 43402 45155 46116 11035 2085 5821 39243 18269 27833 14837 33608 14486 22477 34285 43479 47842 1414 44845 40220 5363 42704 42397 12924 22315 33325 3373 40868 4283 19093 17837 15619 44467 11061 8630 8330 13056 14537 28373 30715 1129 2112 42330 25767 9048 30690 44172 21158 46886 10809 1090 38235 22689 33331 9157 7090 8710 25764 21745 49119 46413 45634 20987 16833 4806 34759 44616 41275 47178 28552 31260 18436 3160 25802 31952 40959 40866 18685 21390 3775 36154 34504 16551 26341 24926 4421 14120 44260 44938 2461 19300 46617 31950 6360 22296 26916 3917 9012 38208 42303 46326 27113 37676 39551 45248 2834 14247 17120 6202 4097 19462 3533 47113 15780 27931 47989 41833 48241 24890 3670 33159 5088 42674 2430 17650 48044 17856 23610 24286 44641 40571 26184 45751 48569 46286 13783 32876 24072 40644 38774 21310 40402 27975 18098 2233 17456 7778 479 43476 2245 46812 2118 24235 39481 30491 5395 49292 26221 1717 42989 13582 48032 7770 28 3609 31276 45220 30766 29446 17935 43637 29867 30139 13560 15908 17254 43700 44914 21510 46922 34658 20345 34523 18361 25187 40590 38757 27679 35280 643 49378 47910 43354 31287 45905 37963 39729 5212 23134 46197 47117 1907 30848 44729 46089 12776 585 22932 29619 32795 9002 47520 38729 34402 35734 28747 4835 11838 29415 22554 6760 28999 33250 20012 49276 18095 28710 20554 18031 6551 41510 5053 1935 6263 10527 15630 24435 29148 16906 40113 45254 7654 21172 19955 13032 28944 36856 37515 39393 19312 7511 3623 18533 24714 2600 19736 24817 20482 41460 19785 48537 41809 8197 17107 12489 41039 21312 17020 31410 21911 30962 3982 3944 13909 30356 23605 33127 34907 17777 42763 12271 35563 28391 25520 4542 41107 4999 49657 12102 44749 34417 14491 43016 26700 13879 38833 2365 48704 21281 31131 4318 42026 33241 35652 38517 19654 19512 15986 1794 38512 9933 10354 37175 43152 19647 7502 21671 5616 10406 29062 5043 32794 44768 18441 750 33900 19932 35592 28542 21057 118 17076 7188 47298 31891 35480 35990 25933 17472 3396 21435 40342 42161 9124 7449 25804 32335 17947 14287 8272 24709 30827 17545 41584 34152 3073 12575 41947 18432 844 46453 32535 3819 28778 4926 38160 43309 42883 2093 28547 20121 49913 46917 996 44241 26415 16799 4930 30333 44437 1646 47791 41448 47141 32756 29831 26715 21426 8561 28620 5189 11489 18662 3051 13629 38280 7178 36858 13701 40785 24583 45800 42302 34290 46021 2391 44727 43872 34981 4023 22948 14050 26761 16368 35273 36212 44102 34469 29122 41770 43822 41329 47501 5658 32590 46539 13601 9508 16448 41966 40036 7664 33215 4237 47393 45210 2929 48533 47642 43307 5412 37455 27471 10467 9562 38354 48820 6447 6964 47222 41764 34898 10231 24033 21581 37061 4099 29299 29058 12106 6343 3842 33552 49359 16084 44306 1108 14954 31488 4119 47281 27023 39032 14967 4207 13208 48832 12659 39179 28164 31268 32740 32075 22183 12434 13210 16826 10734 11097 8107 29187 42731 35029 27395 31941 41153 38022 42519 40170 47024 1495 12928 5788 41550 7553 33479 27732 4481 47154 13230 19446 19082 27684 39413 30764 28744 11522 10544 38822 41529 43576 8514 493 28574 41308 10647 39015 7885 47731 4492 6216 42228 15611 13542 22075 45825 891 26668 22983 30087 207 29125 36674 14655 16173 42061 22374 32764 16557 28353 19146 41368 31237 48101 28638 13527 12332 23410 24373 31997 37329 48060 3261 12517 2972 28304 156 34035 48289 31191 32349 28267 25126 26114 43669 11454 38068 4607 6575 34656 29640 24410 1233 7887 35332 11549 49125 15971 10878 16927 20755 14522 16617 10250 26292 38956 2409 26254 28505 27636 6121 41352 36181 23497 27766 4126 13298 16041 40525 22915 3054 14789 49385 46402 21297 34685 23583 31979 16436 44554 17539 30843 11162 6793 6262 25543 21178 19663 26309 30850 34936 15963 19719 17859 2467 15304 6206 14149 5983 2749 39851 30998 30353 17738 47564 45579 2150 21534 7633 33939 7176 10306 48755 514 44972 4602 43238 45942 45122 11808 3002 35287 23664 16769 17764 5505 44512 28137 39783 45667 46137 48329 11596 41804 38460 30577 44860 16672 30678 38267 4201 27129 23268 24471 45644 13648 26281 40616 41626 43558 46920 434 38333 39804 8236 24539 48921 1050 9613 10704 38693 17060 30082 49309 9192 2878 21059 17328 49545 49502 13242 12388 39871 46101 35876 12377 25022 15253 43290 40268 42861 32472 13030 38668 19781 20679 27084 20519 40136 46019 22060 19393 4827 33074 46073 41478 42486 19438 34517 13578 44963 30418 6716 16376 2439 44979 10574 477 35733 10310 38297 4403 2413 25328 45346 22281 24809 43552 17802 35156 39800 41608 10437 814 40684 34824 12391 7060 9496 14090 27290 13720 10374 6827 31133 41650 1227 4361 18847 17946 36296 31091 3706 48358 29638 47660 22278 46733 4596 1331 10937 8423 48264 40285 427 40243 26835 1796 417 11398 4342 34737 34208 49004 48200 16733 32500 14806 42563 19391 11912 26362 48023 24215 19390 658 8033 44140 36965 26796 29516 33039 27707 15925 14948 22406 11467 21245 26606 26495 20823 4027 12385 3996 14304 24419 32148 33561 468 36981 10474 48180 42062 24210 11203 29081 1677 42558 34103 44477 39313 24767 26160 47625 20173 25401 4944 26253 37986 15049 14419 12935 33540 28474 39779 16254 14087 34484 48113 30183 45746 36491 47338 44068 37058 12243 11846 37219 23635 28579 15171 1694 11214 32695 45650 47098 13271 47043 40108 338 49425 34754 19052 11764 19806 29537 47284 7546 43113 42179 15568 33359 33016 8784 32648 19259 14552 3279 34335 2326 43489 8473 49908 37327 43916 10480 48747 1210 41405 34601 31605 12234 8083 25311 36939 21914 46050 43989 27625 42254 42315 4149 49030 35969 23802 15412 20504 44324 8493 20407 26241 28843 9495 10561 10376 13816 19728 34885 48764 13517 46372 23558 16808 2023 27970 8827 19416 11985 30266 1715 2986 37473 1692 37204 30813 15977 16638 5430 18059 29366 30876 36630 16226 43010 28169 37167 11598 32777 29218 21526 46125 42652 4401 5496 14936 23794 24023 13437 12564 6529 18025 6402 23785 2493 44633 28485 30359 49664 11308 49920 24733 27280 38720 25958 15323 35226 40129 46085 5903 11695 29980 34868 5242 37054 26266 7493 714 49256 21608 46053 10095 12957 38363 49515 19374 22202 26369 20025 6139 45497 28113 39028 41713 19832 1319 24846 7375 9446 3473 46823 15798 32345 43087 30278 26162 12692 47886 18681 28543 24698 17489 10304 10047 36902 21417 46901 8136 28953 11586 3779 44523 15184 12108 46603 4301 41961 17870 48844 45265 4006 49574 30145 6651 47973 33150 28187 4008 3355 43673 10424 14248 21719 4874 17311 38529 27704 39225 18046 2912 41250 10078 39000 36679 20150 39092 9171 45846 17027 15264 44948 9418 24800 17594 11284 41945 18844 23544 31254 23272 19595 39970 49354 4732 38347 20766 24425 45377 38780 5992 22045 21552 33925 16975 8494 43443 20304 45467 17012 18145 32844 11324 14223 23370 46873 34663 7969 47975 38664 25601 17718 33275 40196 26780 33184 14610 26261 39193 20974 12047 44314 41070 12769 24167 5873 31393 18486 29647 31727 11143 28462 28128 9580 47787 1955 39797 34000 35780 2683 36920 16958 49398 37121 28727 37944 7492 40950 49462 36667 48676 20754 15929 44309 33919 48171 47817 45360 30573 6942 42447 30865 9698 14275 25316 46023 35462 24225 19918 33510 31411 29065 30777 27168 39528 12936 3007 22172 38112 44334 42464 5677 31290 11910 23409 49154 14416 39093 30779 5958 29920 48522 42259 28044 3428 47513 2666 46779 4397 28394 48427 44367 41747 49704 8593 40027 11304 8117 19039 47545 3456 48996 1753 331 29063 30000 33669 23065 8927 24838 39166 39892 4446 37139 17031 7387 9306 41397 7078 2330 40419 13819 9748 10346 23975 3322 45313 22683 5870 48114 10895 49461 17316 7758 33511 17028 5603 42664 15391 16258 4963 35624 24958 11719 14361 7996 48558 20147 6841 14229 8737 2520 27010 31017 7962 24447 23075 14321 33836 24585 48335 12293 31777 5744 28386 9050 22379 27658 20200 46715 21956 29214 23185 23298 47474 34252 11459 47459 26260 44745 41299 46464 10254 15702 22866 43572 24432 26993 9627 47821 36513 18854 41462 45263 42868 48699 45232 16170 37328 7734 14408 4445 2767 30036 18942 6265 28556 40875 25463 29965 29580 7313 46668 27524 20406 8326 45909 33225 21018 49265 4921 29795 6405 2971 28170 38468 9666 16046 12056 3269 32920 8964 17617 41323 17132 17635 25035 19931 9689 42762 392 3778 15080 17074 26603 40557 26794 26601 47425 5061 2105 44798 36024 37461 8476 12037 34590 18275 30655 39595 39465 11654 27569 7970 6721 18451 33545 16169 11359 5528 1913 35419 37513 46798 47721 37180 7484 40253 20907 42800 13532 35242 49238 45066 8441 23200 9027 27793 35371 13789 42113 28917 17827 37837 23194 32137 15008 34365 45359 42937 34474 23202 48475 7859 8975 32644 38217 1285 43101 39198 7682 4124 10737 9367 5018 46323 9856 32276 44446 35665 13483 30013 19532 26478 46854 34639 43638 24887 7626 48661 29246 13994 5442 19726 206 32221 41350 49996 30562 7994 49074 11485 20708 6722 13202 34354 637 33 24643 45350 41897 46138 38201 22386 22025 28871 6787 47011 26836 8052 15036 27170 29002 4900 10087 26175 36457 15408 47553 30028 15708 25224 16365 40852 5001 47701 31285 32151 9054 49800 9682 7182 26410 25823 1281 40515 3995 28904 27817 47526 17570 49010 27120 20229 32877 19203 406 21068 15844 44650 17670 34902 44551 25845 21343 48783 28982 40726 23972 1111 3556 32123 8794 2083 31060 40604 30026 24997 27330 34920 8427 41184 6892 8926 9871 33986 45956 26055 35560 41384 12907 17918 12062 26811 2381 30388 23464 39247 42399 39820 5897 49916 32613 34980 18273 18457 7641 34940 26197 18908 40078 7610 16367 45549 27282 37546 16418 37263 9723 26164 3717 36058 41807 21689 48124 26608 27161 1759 39442 23080 8982 18967 25510 17413 13546 29119 48650 42227 48471 30297 10393 18159 28594 3750 17141 13812 10488 32162 45507 34845 44076 14263 1504 25869 36353 20605 45801 21927 17630 34696 31926 47250 45493 8022 17636 8890 38916 3250 35390 47789 47481 35429 43215 8288 30943 12429 7628 672 20318 34742 29566 3405 39230 6563 30606 3052 27611 9200 4630 23604 7839 38672 18539 24407 5761 45589 26758 13419 18276 48903 26652 40915 15043 43133 21520 36768 5609 46842 28221 15709 2269 23386 32908 20707 46279 35720 46062 43400 11895 33610 13552 26832 12614 766 22848 19301 7016 43360 22754 42757 21320 5445 35632 15776 14804 25113 27413 21174 4764 48685 32714 9853 14524 341 17167 35400 23918 37983 1887 21578 26922 10955 39209 21241 30371 11010 8986 3914 6603 13727 46606 39296 41528 42354 5912 19793 13382 7372 18312 48007 16252 340 23285 34391 8068 18474 28506 20751 36832 37665 6420 2761 18726 41972 1500 35846 1878 29767 34456 44892 32793 30324 45249 34975 23710 8873 15728 14366 65 16566 17960 10450 42045 30366 10385 17721 17210 42300 42892 42580 23526 8984 20474 7431 16160 5083 20972 23328 10296 3536 12905 33950 39451 30928 11781 30264 40712 45560 48008 11345 24469 13762 25724 5388 26998 49073 40304 32724 23416 24204 42522 45510 16000 44499 40133 30263 14352 6077 47205 5327 41312 39954 21735 29859 8578 29801 2608 12840 27900 1234 10983 7121 25339 18082 46052 1031 11399 22264 41316 16298 14452 7069 34489 14943 23860 32921 39083 39425 30616 44687 45294 8930 31908 18336 10945 38143 25450 20543 48719 13868 25018 26345 19405 2898 42010 28449 32718 48651 34349 32574 36677 47441 20032 32926 12053 1260 9063 37918 37642 20282 32602 4190 8892 48255 35475 21637 46179 49395 20337 26342 44379 11372 31072 7463 13235 41454 2940 37751 22785 263 476 37509 38530 46791 19950 29116 19285 452 19897 3049 26332 18837 4520 14631 32851 41614 36397 11129 1079 31473 43029 7930 42119 17251 44095 26361 29483 49512 33473 18492 30241 46438 24655 22414 3932 30920 46112 32434 32812 20565 37457 37858 35180 41242 29159 22531 15421 632 20514 34081 39171 8443 11364 9466 24436 39139 44462 38770 48198 40783 10295 9756 15600 27595 18289 44458 25056 5434 42465 24241 17955 39374 22220 3727 7005 43237 37010 3846 653 41754 8903 15931 40389 41541 22793 43379 34411 22986 9067 39341 24178 44375 11028 15651 41468 18337 1369 46445 49863 35438 26047 45901 8912 19454 40899 19556 9204 26154 32739 40856 21594 44649 14443 23031 43610 36935 33853 46306 37721 42922 43606 36691 5410 29419 46146 36736 6683 32016 33541 2274 32743 25807 11414 21921 13376 48365 27597 46813 12124 37755 7307 49207 32570 40128 17159 3104 29334 7995 1503 9521 42940 17451 22471 22036 26449 21274 2604 19107 32102 4121 32046 24760 35900 24324 46958 24904 44722 15968 32788 39042 13173 27596 12300 43818 49656 20471 49051 46906 38507 4633 20711 26614 6679 49782 23097 28566 42768 5287 24576 17239 18749 37172 6192 15348 40921 14022 22656 2525 48958 17858 6689 14028 24666 19222 21117 4406 6423 25968 8448 5438 18568 41951 40217 11351 6269 9905 31514 18513 21563 42852 30608 6652 26642 33106 26841 35739 2200 2715 2941 38596 48423 20236 31065 24067 20718 48071 12279 39636 14589 26493 46750 3035 465 32544 15148 46170 43996 7230 32478 41011 29560 33102 12396 14666 32272 25086 25152 32461 14492 37799 44581 14326 11786 25505 27126 24843 36733 11708 3413 16331 39858 4691 34610 27326 32579 25671 33859 42480 9725 44106 36970 43112 19160 37558 45364 26789 17640 14664 5632 8880 11313 39880 26683 7235 25656 23073 1786 49911 23475 27133 49534 11977 22198 42925 32182 17590 49365 44904 6070 4776 35456 15168 8791 39802 43671 8173 15736 32708 4958 31054 22488 13973 43542 26586 2850 36155 22958 19754 42297 44101 43340 11124 17073 23730 21579 9347 16178 21347 49445 22114 7094 32051 16098 1574 40400 21648 14000 3554 15599 24126 39156 43573 2268 38051 39661 20682 5073 40317 13566 10097 5216 21692 983 39419 31558 21422 28750 48301 34738 28075 42528 19498 8554 25898 39738 41677 9280 15220 34687 896 28066 20704 6488 31866 24882 31235 464 47525 7681 34954 11861 20283 5211 6629 8230 12191 46897 34294 46939 13338 29333 16810 18412 5719 21866 47762 26459 29285 6505 8174 28023 44460 47574 42620 31180 8067 27436 42106 39254 22755 33512 23817 758 6212 14409 39210 5359 9431 8771 8273 21114 23577 20047 42953 10627 30743 7697 1678 875 16525 12161 34711 25060 27871 45619 36946 18615 45077 17370 6500 32598 5440 47883 8642 45258 36253 41423 24336 14866 42158 47723 11109 24518 5611 20019 12207 11289 37453 14043 33597 34960 4004 18896 42882 42872 26630 13337 24659 28873 7780 11234 10094 35657 114 5850 237 11986 9733 10829 48162 21345 4284 15606 27073 28678 6257 8044 13126 11442 49847 42966 9257 45468 38374 27726 3618 34587 34761 35113 3069 36041 3211 43447 43355 10787 48840 5174 34493 36495 37259 28569 20896 1361 8983 18867 21705 47681 29956 29266 13614 9983 16301 43940 25950 9116 33863 25314 32407 27982 12054 36824 659 17014 38877 7749 30008 15413 32404 33501 11774 45638 9506 37931 18249 37330 39814 26065 548 4971 27038 13898 2474 29799 13352 36930 19184 8501 40306 4981 2590 42745 21851 1557 28924 19026 34367 45430 30478 21825 38560 26649 3499 668 12021 38518 8510 34974 3870 42019 47568 39303 20196 25667 18828 43076 5828 28680 8431 12597 42948 38117 39186 30304 42561 28899 48824 17762 49743 44234 701 28987 38678 23120 4668 4364 34026 11466 5524 40212 99 30851 17326 31693 4909 26722 28047 41757 22812 38988 48873 35081 3497 45319 24519 49817 36139 30365 42803 35421 10104 5286 46685 11750 10000 8676 10445 49870 106 46874 49057 35041 30884 29152 21576 8035 29407 31658 8201 45234 12589 16534 20844 48049 29727 11258 15216 13747 12129 25302 16575 36918 25891 42910 20138 20647 19472 7615 42645 16221 22376 41046 16658 12282 6277 31086 17287 39014 31198 5205 4563 46463 27854 2126 7716 12313 800 48210 14905 36477 27047 30906 20840 9243 43240 44208 48671 6584 18365 27665 5626 40638 1918 35053 41714 40572 22229 20090 418 9656 874 37883 10581 29547 48560 23570 30540 16850 45274 4863 35840 39864 45864 22035 23191 1140 38288 3696 42184 30285 27616 22652 540 45034 14771 30163 16813 21543 47023 4195 14828 22435 32057 26011 21163 27131 15034 28779 40484 43411 19856 26268 27835 3262 30883 42850 31831 32017 4072 24007 21379 32880 25774 25181 2014 47242 33071 17469 2727 38871 1231 22797 21177 27959 40754 43896 23403 31936 6606 38328 13995 9984 40093 23914 9987 48048 16329 49821 5813 47768 22789 35112 21994 32372 8938 33504 22750 18992 37711 12665 14493 39979 29348 7021 49123 45735 47269 29576 33494 18514 34410 38310 14260 28595 13148 46921 44243 10208 7986 10419 10448 12266 35258 49842 2881 31092 677 12595 33519 6161 48430 38339 26692 9420 1368 35155 31714 11472 28646 31603 31965 3475 9023 39122 5039 16847 17314 32652 26419 9672 34216 10142 14298 23261 12168 46299 25684 18674 11240 27740 5966 33107 121 7567 49635 46512 40251 13031 10873 24367 20525 29101 42951 23103 6085 3417 48034 16122 24295 29853 35527 7582 15178 25843 48308 15420 15016 35326 18554 28433 37391 10251 42716 39478 24464 25272 46980 10319 22982 9888 17706 3476 27937 38682 19573 26705 44899 27402 31200 1185 33752 14163 45089 21244 7334 6580 27216 42524 48248 22601 16040 6676 23294 45318 16720 24893 15127 34011 42232 36784 26617 34366 27209 19997 9801 2926 23725 48227 43843 3153 14740 19869 4714 16721 48183 33656 14402 40933 9175 16028 22515 28599 24095 43623 9681 11996 48228 41078 14812 32596 18920 18299 41801 32747 30383 34337 7531 7536 25551 15102 56 15382 11479 46851 26551 3252 10081 35274 49070 36405 13456 14303 31252 32742 34165 368 9799 18569 5081 26940 37868 33783 4106 34419 36247 21765 16244 5202 48904 26377 10702 41559 40473 34130 31905 29249 35973 20809 10770 2720 34850 10475 4363 10572 866 6706 30402 7815 8115 16366 38329 41105 24699 36786 41953 34338 7860 15691 36880 21001 7171 9630 36122 36752 22070 49468 29377 25498 14386 11433 10501 29056 12482 32171 22008 35559 27567 44075 47031 6778 15454 5596 27757 31943 49013 3021 3242 16031 4001 38094 24283 6695 36652 21122 4092 17069 19010 13102 28428 21941 40743 30593 20644 6437 2066 18219 7802 14479 34135 15149 4000 18687 48887 35685 38458 17058 9687 32373 28219 40564 12253 18720 40513 3903 4005 29706 40872 3026 28554 16110 4261 12063 34159 979 37619 25419 46761 35947 18278 44966 16595 2017 41301 26328 19213 43071 23072 45590 17618 39368 14656 14945 25646 28349 41667 10517 49240 48830 6807 21289 19332 30084 48797 41987 13933 21437 18631 24479 19490 40016 38387 37071 45247 4772 27261 13570 28773 39149 34564 38282 44989 28486 45094 47876 42975 28493 30988 34058 474 48576 6851 31068 25368 44546 27461 23627 4 36147 33358 37947 34864 18716 43031 22337 17906 39421 8275 862 15732 11356 23207 19394 35171 31739 7079 29505 41517 38761 23012 47785 33192 41243 36554 1469 23208 3391 10973 12043 27727 24541 11248 18067 48294 46149 39320 44900 36246 38809 41292 6418 36036 1547 19696 30840 5008 44789 45135 18122 17394 41359 5705 3102 33121 21947 19351 16224 40982 46557 1581 30192 37043 10453 40859 21309 20035 45883 40972 12885 4305 17452 42625 25655 15245 16666 4966 46954 13528 27759 45187 23518 46034 25089 35513 47735 33131 24020 37782 27980 31752 21348 3938 15896 3643 32761 42760 6678 29215 4582 47313 25092 38695 8031 15041 10812 4357 14660 11751 18886 20026 12458 34118 11349 31636 15907 526 9245 46357 27688 26825 2566 17457 34128 22176 28032 27424 10048 24691 14136 5824 2117 591 25500 45974 28967 25280 36774 18349 15956 10179 9472 48691 23420 39767 15138 18838 18053 41826 4896 3320 12209 31535 17059 12931 7741 26911 7092 14513 49444 23709 33797 11076 26588 47134 31974 8920 1909 39850 2794 2226 25474 35084 42012 6894 44448 39688 48157 20239 38731 2160 3219 36974 5277 40630 29847 18617 9610 22891 27475 2452 10514 3226 34060 29194 42 1848 32673 6395 38469 49548 26954 15887 18011 37068 32447 173 47390 10377 15946 12030 49139 46508 12116 18422 39291 29028 43456 20321 31328 34001 33088 9411 1931 18221 32629 35015 13627 22680 48812 6292 49083 16157 32557 4181 22581 12202 1595 8744 5463 10360 21364 15001 11755 6922 18211 13822 44480 38994 39684 18531 2827 41287 25739 14461 17267 35581 8255 5366 12532 13773 7014 43545 5020 32306 31210 18951 36429 11715 278 49878 31591 1183 21694 33681 45580 31773 18622 29295 12784 26064 18995 459 45186 17703 2297 4485 40753 48345 5258 36201 33429 36942 42235 6446 49061 38424 18494 36033 28868 18557 31232 30785 21791 35874 30212 3195 18664 20968 19834 9078 47718 39759 49802 8748 36635 12134 12627 41364 39988 666 29425 9433 3542 12058 16181 3791 1708 4617 22101 40386 19325 27716 5917 445 13827 27331 35078 10681 1372 7196 20577 38148 10266 48185 5393 34207 15672 47557 16798 7326 48300 34582 20000 41704 29742 26890 3118 25081 22838 31370 15670 27037 45130 16302 38696 28415 4345 44141 47932 1049 39059 1615 13107 17164 39365 15640 11523 2885 26324 49897 11508 19219 20317 28065 34205 37309 41949 43220 28316 38081 49436 39311 48854 46757 11305 2189 47877 41505 3451 39400 14944 34709 35344 29832 30040 44047 4534 10174 28768 4893 22960 17153 49884 6749 31360 41646 9376 5812 37985 34561 47400 2649 2920 42124 33170 31098 28265 33199 841 21793 8932 41762 46929 44377 40316 41209 48063 2299 37352 39943 39415 25976 44339 44497 22420 23977 20417 269 6028 26329 35387 16877 35135 7332 15892 4271 3352 21639 572 23236 9259 28951 48776 6303 30771 49805 46817 13979 13262 38962 16250 46347 30379 35638 48835 5086 44333 9462 47292 7234 14583 43930 9225 46625 1311 39347 28730 9242 27895 6053 36690 39846 13903 20185 31736 14265 9584 32411 41319 7035 4078 21469 3311 2658 25295 36874 26800 30240 37338 920 34157 2992 9968 14338 10711 14305 31477 14233 36360 37436 32779 46375 8696 7158 14977 33434 24284 4020 19958 25732 3744 35914 20935 20439 20362 50000 24632 4723 39601 39487 20778 48318 30742 21575 21190 26008 18203 27869 44905 23170 13313 45440 31741 8741 26129 44308 34680 35671 49274 48827 9926 8123 12339 36112 48498 14608 16237 49026 44875 45125 10938 32775 44064 33701 32561 34230 37679 12065 1095 19143 12713 32675 17658 2702 16167 47348 5751 21852 25155 16660 31964 41381 15255 38307 34983 25397 13367 32025 4113 47655 37447 47914 6213 31169 20140 15842 16532 18375 25758 16989 38769 6725 19311 19991 48553 44731 39642 18810 1545 40050 23823 9122 47580 41570 49593 9632 2067 36556 35087 6681 21132 46187 17702 1145 16588 40299 43471 11387 46588 34998 15875 6348 12 46033 48456 49964 38485 31561 46739 28790 12002 21669 25851 8365 16823 40540 5681 16124 18820 25745 23089 31103 30162 35165 12383 18324 32332 6613 35730 16420 7382 3332 27677 21091 38261 18461 24378 12705 42197 28455 1308 22819 49833 14914 4286 49349 38777 5560 9727 41356 9039 48280 44549 11100 4586 5054 7190 9013 40740 18543 14175 46956 3698 13830 26735 47837 34273 15924 3585 33230 22551 46296 14670 43627 3527 34765 10670 5431 40483 4034 40398 22150 11780 12049 35591 29253 28718 32749 30600 31585 18326 49312 11089 37745 39043 46257 48766 37146 42873 46391 46759 37762 48899 27619 48182 29461 32552 26631 5932 47130 9826 5056 42571 39239 29620 11945 48772 84 9707 29986 12499 43318 35457 1093 9724 13280 31776 30200 31809 43278 4088 23697 34478 29467 43732 721 48793 40142 10462 1686 49600 9870 582 4376 29070 7667 15422 18863 1900 32820 46662 39067 11830 4706 25548 27247 7816 21922 7197 36982 18856 49259 28062 43754 11207 44506 36010 2983 34037 29278 17 6170 24392 39024 40280 1348 25138 29150 48740 6549 33865 18216 8414 28127 29976 40606 37132 10279 9117 4055 8632 47191 49899 31080 23070 7993 34217 8335 27815 44553 20210 31958 3203 28802 15387 3248 1973 38430 32396 28419 12036 48712 25752 22072 2122 48231 4010 48480 16219 23129 40042 18772 28009 10540 28758 47851 17850 39298 37504 19522 6309 13009 14153 36941 49975 41959 12581 31156 24062 18733 16815 29688 18472 46701 47856 7495 39339 19188 18915 14578 49427 31967 48758 48741 38943 13341 49042 45943 8394 44669 35213 44017 28177 10489 12982 27176 32577 28202 32717 26669 42383 15637 33309 34275 30699 42749 10118 13776 3162 45182 26199 23392 23172 19836 41102 16259 38887 29808 34563 31185 23246 31904 9355 29180 339 48530 3015 27297 8465 10031 7044 31412 36135 48745 40676 21591 30307 48215 17962 30421 30896 30099 7835 42498 29585 36389 42849 11083 22773 15992 42818 45358 45408 4378 38496 14458 46692 14118 30097 31801 27551 18745 17831 4147 36239 44825 4371 18251 13501 34267 31889 29155 27135 17127 5082 30419 44987 21524 18047 1855 19250 18113 27149 26712 18338 47401 40324 17203 2428 7847 1516 35977 4094 12573 29520 45683 42958 29460 35699 8088 15650 41297 34353 43319 12965 40846 41422 438 30002 41456 40434 31134 23746 45907 36229 26925 45352 29691 20860 8480 2468 9729 42237 35250 31666 28838 1290 2668 46634 30629 11964 36300 39491 41008 31373 43948 8167 38221 38832 7988 31698 44769 43343 32505 42735 39772 48330 78 38405 37247 17260 7645 13606 30059 38644 1155 12869 16550 34373 38442 49671 13842 21445 39395 4621 19699 26710 27477 46632 48143 26626 34788 24722 17226 23092 8011 30086 41449 29572 47367 49244 37670 34054 40622 40022 32135 19088 18146 14811 26080 2999 23978 20296 35014 15364 29412 4289 29882 44159 2672 23226 38626 11287 19318 4787 49212 31584 41691 27573 22541 571 8719 31609 28979 18872 12583 35715 45945 8153 19817 16317 22578 12160 10089 38958 29869 33837 3840 27635 41446 5586 40073 3166 45625 49278 747 34300 19840 24572 40574 48556 23492 33118 32766 11818 40449 29648 45803 40674 31800 22969 38608 35046 15194 38493 24780 12105 36216 45839 30838 4543 7077 15662 2295 25202 8491 1952 4567 13385 11746 22539 32213 37023 30881 27696 48190 22272 34180 29196 28724 43740 14783 10301 449 9693 39706 4651 18190 1531 25689 46955 17318 1107 42755 7321 19557 46397 19304 36421 43633 32935 48866 11332 49112 40535 15153 17736 35494 2469 42712 49516 8795 39896 23550 35207 33500 37472 17066 33193 47255 26628 21429 40087 294 44836 17976 20743 19689 22055 32004 42595 34490 33526 21710 19749 22458 34176 47657 38889 33812 35359 25881 32857 8081 3774 19241 4365 33460 2134 8972 12031 4356 40302 20265 11408 20348 2186 29559 6887 35724 833 45611 108 44928 37516 40871 41193 38631 26914 38536 28090 49998 9238 16854 7262 28144 3849 28217 45756 5929 41663 30440 20847 23640 16757 24828 39903 16502 40769 17252 20240 6123 16355 27951 26137 4169 14572 23381 15652 18241 15858 13095 21405 25294 12681 8650 31419 32958 26277 12350 3979 28668 37790 17384 13708 21837 48363 12647 33260 29199 6242 8825 10861 40670 29220 18185 7820 8844 14159 1965 6445 15664 28887 47902 5899 3386 40468 44392 28431 19372 5029 41607 4402 47839 15543 36082 2016 15936 21856 23742 34466 4705 682 43830 6994 27913 16127 29519 45443 37456 38884 45236 21420 44221 18955 36032 18363 25793 33993 8240 45573 44246 1981 36243 8861 9757 31951 10380 14620 30476 16383 20536 36374 32342 897 5355 24022 28510 33366 27225 16398 44438 10759 37675 27214 14133 984 42469 30473 35441 10369 44160 31275 47597 22719 14951 43833 34562 8599 34707 45603 46587 14280 25519 15725 44369 10927 19414 25783 18895 47968 28343 17379 46803 22542 49838 17440 45617 48794 7374 8869 17809 28855 18425 13826 22925 48761 42338 21374 46580 43630 25525 35794 39207 49273 3786 442 25204 30545 10993 24171 12123 34622 5841 26104 29840 16372 33252 8171 14830 27762 28364 38082 19526 33570 33627 25016 15100 42748 24872 7797 19968 1249 24446 48809 20660 31915 44080 44205 2637 34642 15823 41122 39922 18493 22128 8262 6373 33944 22389 8453 11514 8529 9849 26461 18026 44028 48847 45196 11132 40008 20728 34343 23675 43102 4165 19266 41653 45653 35875 5038 34243 47957 42565 23745 10602 24756 39335 25231 24706 9956 29760 1901 38427 12195 27097 24985 21778 8612 12509 21976 27327 37588 39567 1271 20061 5196 26346 42666 19378 32554 10018 23358 37523 24994 4036 28742 26026 32555 23624 45078 19397 38738 21645 31208 992 42964 36914 16137 26271 37450 38802 7467 3281 2254 2145 20879 11798 14413 45798 41733 31621 16883 9540 25095 35827 38719 21906 3385 111 32860 44345 6087 36754 48729 18420 40329 45424 32981 49868 22921 21494 1845 10024 8817 8976 2786 9963 35937 1960 15471 10939 30620 44577 3263 43038 47705 27035 30989 17526 9556 27315 8752 20162 38619 47079 27760 3652 3074 12171 11571 4878 19148 22779 9802 42117 33334 45043 31303 46055 18535 45826 44433 12877 613 7718 12180 41551 27747 12040 27720 19112 9248 34970 27482 12990 30738 29745 1834 28205 30459 1797 30758 7631 5386 26490 38579 37633 41843 23600 39753 39221 34719 48609 32839 39918 2537 17109 36156 48020 27831 16933 6385 36198 7384 20015 19676 37356 23804 13851 21097 1024 43806 29999 12822 16990 32413 20010 34232 43017 46455 29554 37606 30615 41001 35411 7377 31701 45456 9108 20773 12535 36318 28592 17559 10140 4303 44415 40045 1218 7961 11506 13531 38471 42934 12208 16704 13353 36347 9685 27371 43668 39971 41314 14339 27111 4628 14834 21870 15983 5289 10085 39097 29449 36260 49957 39473 24967 4477 26243 43289 33931 43834 9335 22434 6625 4456 18240 49834 525 38495 8223 28422 18921 37134 7929 12092 11870 38790 28084 20661 37626 14457 48178 7124 20222 34827 9735 2995 44103 21670 16518 31218 15584 23276 22461 8484 2864 44782 12011 16232 21499 23499 1089 6403 40567 810 7274 20824 27309 6984 36655 33498 32471 15251 6512 44787 391 2148 7155 41079 7225 22684 21478 22293 23029 40996 27068 11758 23997 25023 8373 24835 7490 20917 25032 8601 21119 44621 43395 13393 9648 3800 43095 127 39778 16843 10181 18936 24075 35696 15655 39068 100 7690 32657 13269 38699 36928 5257 43485 16328 42933 8527 18655 24489 33029 23478 6487 4058 43801 32347 42594 43789 6407 15955 35024 48242 6266 32959 18563 3292 45450 36810 33543 10331 24206 12912 23227 12602 46190 16599 13793 18415 28314 13856 14290 45775 29609 5833 6163 7445 46099 41641 34413 24552 10515 35018 44957 8745 12760 3815 10658 908 21631 47103 30378 41092 32841 13408 13982 33621 49116 40627 42427 44793 38948 35195 36521 39984 17312 11501 22522 20939 41258 32503 6100 29592 36463 49337 10776 13715 38826 40153 8886 10960 14438 18287 9312 10926 15899 25305 4517 30923 20562 21365 2816 3231 26654 11184 43285 29140 8773 41300 46414 21551 3857 26582 3980 10731 41841 20737 7122 34191 4968 15945 32986 30612 17855 7380 47667 34361 14370 10693 6522 20643 24214 47047 1776 39061 45302 17224 35422 33117 4076 34964 25164 47136 35842 41118 12728 24150 26046 27114 16786 21179 38920 1586 26728 28725 22778 23657 142 20003 25329 20071 15850 46206 26678 14856 39973 18358 6073 42283 26489 14069 34995 37154 15175 20515 35898 10136 41253 31461 4667 36917 5112 840 6745 34068 2418 25835 45386 30400 8377 34689 18649 25373 10557 39168 36685 18673 1179 10951 4953 23327 30836 11529 4833 2040 19970 1563 37165 19278 1412 39213 7772 15407 35607 40364 6980 10594 21394 42813 16911 34260 48632 48278 21898 22431 40203 14942 37049 28133 6465 46241 48173 8724 45544 18868 12991 17183 36963 9587 44445 5455 7916 40603 7960 40922 13077 38322 17646 18200 34031 46102 19111 37899 31027 8759 49053 36590 33618 10703 2427 28788 43344 37013 37560 16496 6755 4018 36645 23434 35366 28189 44744 36455 16101 2617 41238 8755 9553 32352 1613 640 44908 28775 27532 20736 20011 34379 2096 41509 46794 20600 3212 47634 24161 37810 20581 44386 2153 37025 45606 41868 19388 33584 18393 45795 10317 12685 27488 41923 41341 26424 45453 48401 26054 28889 8409 45264 8884 35319 21746 27041 21208 48599 46133 6489 19089 40830 10458 24821 16227 9669 37237 48429 31996 38182 26951 1255 46767 17500 24704 43302 30194 6661 19016 12795 25512 25679 44216 23334 2815 36398 30959 43347 10357 20046 46745 40039 11291 41919 46233 10739 32126 15923 5069 39459 29476 8219 13415 43458 39404 44261 33024 29612 37511 23231 23241 18519 25894 11017 40174 17701 12376 13430 38341 24450 23255 25383 40326 17352 47170 44704 35872 39134 4234 7477 46000 44498 14957 24482 16346 45131 33009 9813 32539 48149 36470 39704 15328 47801 29641 17796 8459 2042 36113 39815 23450 8818 14012 28092 40748 26621 23368 29179 47585 31305 10218 20723 35631 18164 49747 23402 7729 25799 8395 46103 21730 4123 9836 43568 44296 10002 14946 1593 917 9857 25196 30290 30727 23691 28658 10416 412 12522 6826 44 36245 40070 11729 28538 7858 33891 29184 30935 49443 935 36687 40641 6178 17719 1046 19607 3851 29314 5806 29807 29089 18125 41183 20742 22287 8358 44925 36978 40714 31696 26552 43691 8183 44742 48504 28832 37844 36544 14389 36176 41669 40063 30819 32970 31309 22718 31895 26179 41774 40069 1299 29105 33527 48100 47265 41244 23357 33743 26917 31545 3905 6589 33509 47685 15883 13207 7605 44911 14881 48710 46858 17240 21959 36865 36517 36259 3632 45380 28484 11400 31887 31709 25147 49794 27200 30184 6320 27784 35546 42421 22022 40718 36262 6701 3589 31281 30889 39164 34660 13631 24497 13859 42269 14383 37278 43503 43876 24611 35040 10661 336 3809 40721 42434 46442 6608 40517 29496 13198 28058 32393 5244 16961 17621 15254 46948 30625 11643 35628 19319 18634 18729 4546 21428 14643 37906 5567 42494 30327 21425 15404 19743 6458 9393 41640 29764 5468 26928 30675 38190 31433 24992 26218 35566 22840 48140 40568 34405 31685 48737 36577 583 2086 5590 29863 40242 22560 598 22322 35963 19895 17543 6496 15353 17358 33280 4780 42334 36396 16215 15879 20420 41288 21565 43539 41150 27748 37289 38400 13719 39553 4375 22453 31802 3266 10096 9230 11860 31329 45911 47083 43412 24738 5162 26396 3264 23848 6471 47353 33302 16546 33042 44648 47328 32354 29277 47404 101 21583 31277 1028 38294 12222 1471 10563 3192 29735 39075 11200 5448 42180 24270 18066 11488 38866 10802 22255 21470 29394 36309 36579 46482 41866 34444 38859 28515 30705 35463 45935 7106 8003 5306 22401 4769 35542 28149 40863
8113 964
45767 15607 34828 29708 31037 30995 6073 47042 46568 15804 8203 17335 24689 39568 43939 49321 41371 32951 30898 48484 9980 20866 28706 24039 12586 35439 49066 17748 46148 37303 17790 6749 16656 20888 34899 16304 49988 22021 38205 19233 1595 13183 41914 7033 26010 32438 5713 18130 4068 6425 46004 48173 33024 5346 29240 5655 41238 34521 35357 39850 36334 36391 44636 22546 21038 25062 41339 33425 32774 40888 29350 18336 36373 6006 27154 46043 43859 4124 38596 35859 49381 32278 7004 9553 28711 27418 410 15104 847 17141 15509 25942 37116 41550 32175 36028 34895 28946 12280 3031 16157 9856 376 16989 49411 4263 5504 24349 15201 9042 32036 20270 21444 7288 46412 15817 44333 41379 22599 18142 13553 4038 25617 45349 19835 16201 22231 46790 27676 7389 22745 19864 42924 9071 26900 3584 47977 44306 4170 19579 39676 2210 44935 23958 27317 18375 38796 8661 9337 7532 13334 22497 20283 43651 31691 8539 36711 1868 10215 29755 45688 5508 41357 27074 33194 27330 14651 18629 34555 15114 41999 31945 3147 18007 9485 49311 11730 36822 39864 32368 41569 14145 49729 32936 44740 29715 7240 22139 16041 47597 24062 31370 14398 31060 34238 3369 6194 11532 12727 43638 24061 38931 17134 22436 16512 7234 35803 32547 14624 3517 16951 45281 43277 45981 25292 7440 9826 49901 12354 24723 44182 14733 29143 34397 34409 39730 1771 12296 46692 17678 14574 3930 23808 26730 36001 486 4040 16145 26449 44285 24442 10448 34831 30227 2365 37762 10262 7174 41527 46439 30024 5716 9986 13685 46587 5604 43162 23271 44528 17108 39062 20625 31733 23966 19780 5396 36124 4127 12111 7362 2644 1897 4469 2167 33299 28258 20892 18484 18829 3437 3777 46418 44783 19485 42868 20400 11519 6109 26067 33398 26460 10267 15137 7981 3900 8918 39374 25932 35692 16895 27425 7991 45139 23825 4057 29328 10120 14607 21799 47618 32334 29620 24767 38358 19650 3023 28135 22934 15215 47927 30 32899 32730 29377 11618 3880 8184 24677 40886 578 13887 4983 20725 192 36682 3570 22193 31501 27151 41785 22789 5978 4737 8377 15532 10669 7218 14037 28508 21924 31374 5963 21812 37517 47394 5300 15913 24483 1215 15077 15716 25156 25265 29310 22517 44544 43933 22980 47891 39384 36395 47526 21648 43625 22824 21119 47823 14664 20026 29198 47702 42511 42346 34072 37958 49873 20086 6434 34141 23558 38219 30629 49456 3604 23218 47436 43136 22330 21342 17032 5705 32500 35327 4320 41610 29455 4402 25026 10076 15835 19735 12461 40893 22949 4733 32197 22150 3733 43095 6235 17738 31207 6722 31712 40120 6632 37186 3559 4997 28907 45940 14801 12534 41820 44858 43109 42468 10416 17049 9892 39102 21814 42366 6120 46367 42729 48230 37804 11872 8164 25950 26029 44965 11396 98 35239 8160 33069 2988 36257 12602 12768 46936 23285 10094 30208 33136 31291 2719 15141 41079 9379 45210 41844 49958 27071 34180 28142 35618 31475 16348 21286 31448 30155 14470 3314 46199 9562 18703 3526 11129 17041 38446 22162 32140 16239 10602 43276 15717 13771 37935 36739 31380 47982 23498 47723 17667 9653 20541 34064 47617 17817 21761 13470 38386 23393 42950 33079 19074 7895 42101 6585 43901 31051 48543 5534 12704 6892 35919 24704 21920 29329 23394 23156 14879 20536 35875 37130 43320 12349 23294 29165 28334 28609 8932 47508 37520 47869 32954 29110 22844 33197 44062 6691 33589 13459 11212 6682 34414 26717 3618 14518 40345 21740 9844 9747 48515 1006 14855 36477 6137 10322 6273 9221 28889 2990 35931 24645 33209 17685 38197 42367 749 29188 22421 45720 20005 7119 3002 15112 21276 33560 38335 21641 6704 35028 32818 10798 5962 30641 8416 28244 40081 1274 22154 13352 38158 34906 39220 12291 49808 17717 14095 34101 12060 29174 5389 43653 30515 18956 34427 46099 27373 40364 44029 25697 14292 28277 45565 15813 15528 16325 15778 28253 4451 17281 26423 26129 10455 42647 35349 36064 12491 14614 8156 3860 45815 18873 30340 48104 1850 30591 23346 23923 2171 49646 24675 11931 33016 25489 18867 22178 38646 6300 12277 41245 49847 1824 21204 33322 5719 12333 6916 29877 32352 3266 33463 21665 39978 30354 44646 37751 34416 13556 35354 7410 11885 41659 40055 21953 45571 24160 30069 11642 1835 30624 1841 43947 25616 1990 420 3522 3963 16756 47793 18134 18209 30262 49570 42265 37449 38481 28600 17689 32815 15748 14379 16980 40237 12365 4393 5074 11804 41815 24482 12045 42725 10702 38747 42877 28515 13456 8014 39103 30183 2724 30914 31047 21499 26108 10504 16282 2183 20554 33581 1021 21136 48744 16170 24171 11228 16413 9394 21125 26454 29215 18709 24383 5253 14686 30684 23204 7479 3974 30631 21110 14308 5196 43569 12810 28972 33523 6849 13403 49235 13679 2525 4766 27027 31994 13980 19083 13199 47842 44735 30339 25670 18949 18014 34649 4288 11295 28546 27926 15299 18259 13248 28534 43105 23976 30114 48662 31461 23828 39064 44685 4027 46153 33852 7150 12459 27754 4282 6664 49536 29150 10665 49223 27734 18546 22072 13331 8182 35311 49344 16257 9451 11972 26735 20294 41781 7903 2751 29575 15742 17503 44619 18265 350 18844 13853 14146 19831 16 18863 29260 23242 29401 42760 39689 34294 43624 45552 3630 5202 35299 27793 23960 28652 22550 11523 2108 45573 23478 38435 21275 46915 23184 31484 4866 17164 1000 27651 36179 4142 34687 13829 29667 12165 48231 32602 48044 21358 21004 49093 36283 35076 8739 31818 10801 40667 40955 3360 8054 25781 45085 35887 45990 36127 11504 13210 15223 43013 12437 37200 15546 16913 40997 28517 22138 37930 40313 6454 21018 1359 12226 18953 47057 25581 43085 46382 41099 21390 15174 45616 6594 20373 15064 6666 1196 28331 26073 42203 8266 48506 5553 5008 45341 23213 12348 20962 22644 41891 32474 23406 21584 37357 39302 13432 24592 24103 2012 28301 30344 40641 21417 40658 8585 27587 25985 6236 24515 19322 26737 5320 24906 26134 41336 49105 17086 16887 34887 42748 49413 6635 35879 48227 30074 19958 9643 27145 40787 25959 48256 18412 20396 43770 26307 1737 43148 1247 44167 15934 34977 25220 9490 19391 34523 2886 6269 11294 24178 10174 41388 26579 12251 20758 17216 7572 18903 17339 7999 17499 47221 31509 15554 8191 24782 9318 35657 21480 15217 44453 48990 18257 29734 18860 3884 80 37173 2143 5567 23052 38402 8950 13778 42731 28305 7536 39741 6313 11444 30790 39228 37468 7181 39594 8397 33743 7402 1206 39296 41892 49622 43356 30756 14228 13836 13513 13606 21328 18945 1838 27835 23323 18681 18025 2930 11932 41325 23555 48092 28040 29167 23985 3409 17615 27199 21567 48136 18926 46470 43436 29409 43944 9943 32617 18313 30857 30830 24967 10708 14956 20059 22144 34812 35731 27383 41457 2180 27580 11727 47947 13559 36699 14199 35643 44291 30087 42048 41040 41196 28138 9836 36112 5645 25054 24664 47402 19516 11161 49123 49049 34896 25926 26752 9817 47166 41135 28647 5761 29032 39643 10637 28190 21354 27393 21647 8693 19141 3288 2359 4224 5958 12653 38385 21788 44596 39661 7785 13550 23320 1828 44122 3103 18071 20568 14786 22083 26273 12647 31801 48526 29352 10434 24326 18893 22344 24815 14189 20252 9027 28690 16856 27408 573 19518 30275 49368 47001 6232 42816 31093 35161 17881 28943 10810 16531 3421 8492 23465 21343 34944 26185 36535 17767 614 26084 29445 41197 34833 41022 33330 2377 46870 9886 41360 21847 13931 30605 42555 24507 21086 18676 22057 987 44077 34961 40336 41241 23446 35755 10726 4312 2726 46422 16889 43533 4652 32582 4926 22896 16631 1194 24923 5632 13804 21900 27434 41660 43657 49242 31707 29862 42688 5608 21559 34711 19381 13555 30382 1235 3651 2097 33777 34421 19163 25671 20063 21474 23152 18869 9233 2973 44949 12322 44319 44246 17333 24374 43058 25668 27334 27630 32874 31652 32052 23651 4738 1245 10087 18420 2127 14066 35735 3378 26175 46539 28455 5115 3044 16707 19008 32461 1670 48213 8662 21010 47284 31423 38876 12373 37796 4886 41970 15377 20480 23273 9355 13666 6487 7164 49462 5062 32964 7179 33230 8255 12867 23909 40802 35915 49390 6144 28856 39124 49970 31110 25658 8367 11875 25623 33519 341 22707 37456 20859 7626 46629 3191 28616 13405 1983 32194 43461 36663 17237 37508 22672 17756 49274 25573 18457 8314 7553 38950 2720 25126 9879 11026 26033 31648 27567 28809 6117 17732 23405 23037 19495 48994 13157 4462 2955 26603 48425 18669 12756 36510 5120 43907 5164 32168 33433 19054 3322 33157 28792 38544 28947 43512 22915 37359 10429 27583 17261 12842 44002 17266 36403 17840 36623 13221 38346 9378 11236 27248 31749 43840 4448 32472 20754 46045 43691 20359 12108 18939 13593 49073 19373 8383 17338 9065 36053 42104 5180 9341 48639 16379 18601 13905 3495 33577 38902 7759 42813 1301 28666 34059 8223 35540 49994 19239 4073 30594 39760 18587 783 7126 45540 18680 19026 36771 13406 11435 18712 39535 15854 21801 27433 764 42831 12952 5758 10467 23313 4007 41686 42470 46035 2110 11945 41683 23040 19310 66 22564 37563 34720 33139 10167 11196 16339 48334 39767 21042 33655 40956 43323 1318 17366 27258 18493 23094 26692 47864 47374 11184 23547 30062 20070 16697 24365 24024 23878 27944 42905 42022 8796 13074 44196 35583 10703 17762 14737 14493 5054 29270 18532 3645 34500 29054 35547 26145 21013 11308 6830 5249 9108 35096 33895 21097 32941 6441 45592 9784 38990 31321 30793 13099 47939 21392 39026 15910 34176 18455 28886 49026 24208 49946 32595 8469 11474 41123 9681 49310 8659 3934 14442 35129 39421 37748 8686 11876 9033 1837 28370 47476 36497 33233 6813 19591 30401 21022 23290 9866 6315 1125 35390 30495 49533 11371 19468 31991 21508 8576 28177 39500 5241 14193 28645 23315 18545 11250 35255 43727 23173 31068 28035 6574 4829 35762 44934 4165 2068 6715 12847 39206 3955 11329 7945 36873 21456 8832 29103 39383 28011 43842 12345 33257 7878 29187 13408 25769 41486 24506 45323 39580 26628 40118 11118 25539 31755 22610 34757 17687 15668 44173 5434 3853 44321 9406 21887 26349 13974 45780 19021 19562 26497 3715 45064 1019 13581 18628 47117 21689 32591 11616 12528 40547 27115 1560 13571 15972 27621 30133 42686 21646 43454 15080 38590 27172 29622 23991 38356 8445 18511 22287 28828 24830 44103 4776 26556 34756 4919 3642 6890 6169 46297 20392 23717 20982 33412 28898 1676 19341 38523 32031 7676 49141 17772 4144 29683 21796 32387 41982 15523 21960 22565 18682 15404 30781 14134 13313 27582 44877 353 23939 12181 27034 40668 28408 32749 2984 7720 17069 49784 40966 611 28611 39207 28854 19105 39823 39690 39097 5439 227 7273 49010 30986 18673 11772 43328 14759 25160 924 10239 38121 25755 28595 29091 46576 36447 38636 34703 3472 17995 4899 24780 19746 5763 34499 5545 5829 17804 9497 9745 12919 44865 41147 32415 20493 13201 33754 49328 26516 21861 29056 19975 4947 40275 34503 11850 593 16465 11070 10740 9540 40301 10570 33132 21697 46543 24067 34752 10995 16620 16361 4471 34882 633 8841 4066 49727 20655 31698 45273 49933 11743 2332 15866 34067 19348 5781 41091 36405 47671 47386 43817 9305 27913 13958 20766 38471 5771 25086 38132 46273 16795 31615 46097 46901 2496 48283 29637 25946 4914 11881 20663 6263 38561 49335 21031 19694 35195 40593 9581 16191 42574 4647 2917 47295 44240 20992 35271 19883 32690 15951 7707 43146 47778 35232 46303 23162 47416 14547 40822 27237 47742 16211 49722 21170 21741 21457 26164 22015 1226 18701 26913 7689 19185 33386 44012 32338 23433 41840 29768 42240 28976 12503 34635 35745 29698 14599 255 35097 35171 46631 28613 24124 10988 32083 6360 24690 23987 48159 22414 11044 36884 14854 40104 7989 43975 21925 25064 803 8809 6451 49476 44255 47881 4982 13901 438 13695 12497 40328 10578 23103 8704 26754 7296 47550 9034 5187 17347 10823 726 15278 14985 13745 27826 26211 19938 30355 35130 47149 17320 2314 38170 40385 25487 25874 19884 43941 48680 20322 46459 4316 12632 19555 26321 36504 1292 5085 45034 31874 9055 8315 7143 4440 41202 11952 4094 13630 15090 39112 34546 25241 15183 12214 32456 23957 15994 49844 33678 13966 39104 24541 30877 26736 20671 17798 1306 33586 8354 970 8046 11375 42775 26208 19580 42026 3669 8982 14135 37694 35359 24011 16204 48309 29758 40409 36943 24579 44651 25263 245 11208 2690 41693 25923 14516 27781 24795 16059 41377 23569 23054 29517 11567 40413 30188 21241 40803 18667 22068 39622 30267 19380 39170 2153 49716 45096 23512 2541 12738 14294 16627 40903 33449 42577 5141 9073 32792 29972 3558 47375 13216 20268 28728 8478 13060 34480 39951 30462 45194 35837 5109 38520 8406 42422 32029 24522 15240 19634 27593 4628 35306 19165 40122 32162 38181 12815 49092 5823 45065 7916 5305 13441 21365 38112 6188 33940 10628 22678 41009 12306 22738 35891 9167 36777 1118 20587 34396 4357 661 49256 2574 44681 37167 46592 27010 21201 45885 21598 23450 49011 24774 12775 22598 4433 7260 47501 17387 37783 41770 4048 6953 31723 4624 8641 29290 11842 45421 16093 36207 15122 9186 39205 44468 24010 38526 43526 14421 38654 8033 10035 28846 30518 30421 44588 31888 38426 30736 4107 706 24745 6050 2491 11331 32272 13409 19261 7283 1666 4163 42922 8673 22825 45046 3069 40721 43539 37740 43246 49501 4816 37669 27633 16819 31922 20858 34969 42117 10487 43329 32680 18479 42491 7801 29454 49930 29719 12858 44809 38738 11025 6422 471 7392 39964 25041 908 7185 2438 34698 5160 46755 17996 23696 35015 2544 5427 49640 33786 46710 5914 48752 5077 848 25152 36346 27622 18962 24018 254 27617 8735 22018 5230 15207 25698 9368 44336 34668 14873 10842 25457 49690 12407 2085 35747 971 22400 17643 3764 36119 44519 21826 11146 3357 3850 40265 43564 36709 40994 47447 31885 28899 25182 32924 8289 49213 18749 18437 12597 35347 37812 11342 48947 40878 8186 8351 46306 39378 16231 3524 8239 29144 4932 36523 28020 18432 35174 30980 48330 39833 5322 2591 22928 13688 9301 25460 28818 5515 43379 11126 47446 39865 28970 4171 28513 6161 45553 34708 37665 42181 6414 8154 41121 31453 9949 29626 26013 18290 13370 33054 25122 48957 11723 49903 34639 4299 38255 2906 9253 34883 24881 7564 18706 48355 33706 27147 31440 20417 45331 25385 45492 47856 7755 49632 34813 48534 43891 48083 31428 9200 44135 17486 44273 40110 2423 1987 31803 34209 44587 28507 30143 48155 39943 8984 38056 49540 45075 46378 2095 5851 44793 38113 19533 16612 29721 19945 47729 3632 29258 22417 45882 47261 6972 1129 43789 25202 21025 6898 20645 39166 26997 8166 47681 24922 34593 305 16281 19993 37868 13724 41517 24440 41705 48475 29725 39756 35647 19530 23892 28750 49892 48983 32704 27210 22381 30348 40877 8771 13959 42051 48820 19173 42253 31620 38355 34726 6274 23515 35297 26648 14175 39266 8047 33229 44427 14644 16159 12115 11608 10938 1085 6096 13663 13057 9199 16752 35200 35331 7429 18156 44398 30101 46056 35621 30845 15124 46874 7380 24773 20253 14088 39202 9617 308 20151 13949 10143 1549 34750 26823 7625 23999 40171 2089 47183 26140 3106 4708 15343 32433 14864 39435 48061 41430 46390 20015 2220 11110 33580 12367 19893 18935 41002 15860 27254 3047 46093 48141 44534 3302 48025 605 33925 20808 26003 20893 12763 28800 1871 40273 17971 9452 3678 11698 21576 43183 47099 20337 3161 33796 15923 36924 29835 40248 5311 44730 24775 773 23444 33583 21931 17810 8309 21971 41805 10426 13857 2730 30952 25142 39446 25458 17080 35040 31971 21544 41181 35984 40165 45591 38771 37832 3865 39187 18517 24632 30934 39908 42128 18225 27048 496 5668 44952 38046 20890 39910 34432 14564 25288 40624 41267 2969 39229 47513 2997 18523 39358 8486 33536 1495 25737 23344 19407 47760 10436 42534 29353 11539 48380 5555 44437 27982 41691 32940 31498 1504 16075 18435 41012 33489 37968 5847 1342 49418 38028 28270 34718 21691 42888 20091 12235 9334 8277 12321 17446 17532 19148 23329 39921 36876 28593 32457 27449 24192 31557 3601 13583 41749 27749 34841 28405 38390 16280 39048 40744 22303 49774 29137 36076 25915 34626 31884 11852 29821 6016 23063 39364 33440 20604 13620 32114 1645 41483 12556 25997 48787 16306 46674 1493 23980 12854 14620 44639 23464 16788 26265 23848 16300 44179 41832 9606 32115 22013 36147 26469 37666 32979 35988 40553 22640 33469 24089 25516 14268 1252 12932 23649 6661 30185 43219 10137 26031 12447 23538 33748 37569 29175 20618 40068 3872 33496 9593 30058 1975 27371 43418 16936 12404 6577 10138 46475 17724 18776 16861 35953 10411 27803 36246 34658 4065 46527 22880 29553 24884 37472 45686 930 14687 33043 1183 25398 48975 13614 44086 47722 28650 44840 22161 25819 13226 21190 29364 27869 15211 12899 25791 34767 18309 13866 24820 30203 48243 29387 6975 15442 3552 24663 33093 13657 28116 48788 7077 41504 47838 43448 45277 5613 38088 3228 33528 45523 18790 34820 32014 46502 38890 19795 3466 10527 9093 41822 16624 12837 21781 40031 16343 20919 38880 31537 30862 7657 41229 28747 4786 30284 27572 4631 25334 15870 38375 5211 44417 38894 17260 36531 49918 33669 33066 36722 44914 30333 19111 14540 7674 25962 32137 8542 25875 8848 13217 19321 48423 5563 49647 34247 46748 5813 35637 34401 39550 5003 33744 29655 32590 38757 6469 17568 31959 22236 31335 3602 17701 27475 5430 32751 39286 42996 7294 9358 41603 23302 49327 38459 27764 19860 40217 45948 19316 39787 17808 42899 6519 8393 6131 203 21068 39155 15245 20145 4659 15491 24672 46210 22121 44760 39305 8675 33840 31487 9236 48887 48415 17008 32072 11800 28516 37652 3754 17350 45135 40752 30103 47953 42460 18147 29628 32696 36700 27983 47554 13735 15013 14661 14500 34655 25455 27133 17010 13740 44701 4893 37841 15040 20540 17411 48746 16691 46361 31205 16985 29962 41042 16818 6967 28604 28940 12300 38657 35339 41625 42561 9040 37640 3929 22865 9192 24879 34474 41027 20790 4180 26403 6205 34272 14406 42818 14913 1407 18766 40631 24203 40492 27679 28520 16453 47313 36413 33955 37634 35395 18042 12482 49675 30812 26957 12884 26991 5213 16666 7820 25972 28010 37532 13755 4344 18178 46179 2884 30691 38811 16287 49825 1669 12659 28980 11309 14604 33153 3309 15736 12279 4682 18347 12065 40540 18027 461 18980 11957 40767 12268 38735 21767 48028 11398 5037 21246 46573 1950 2926 18991 35958 36585 13484 24894 48027 11639 16162 49275 26353 42444 4923 46446 38061 24534 46260 33646 34911 43368 12023 40450 46116 29281 12382 38524 22584 42273 14179 46844 43173 25625 42319 8657 3869 11001 48545 14118 43358 34273 48332 14795 32225 249 30841 8907 15743 14120 20864 19483 34127 48574 8801 40457 2737 19253 43806 29104 2162 39196 27909 46797 27375 5360 47619 9317 5391 11035 18186 21302 15712 4976 46071 32224 47992 6223 3555 14681 21565 8855 5959 10688 20314 7342 430 9257 30266 11479 21071 4896 3649 22357 11974 17661 3094 12451 23737 3200 9959 14857 103 37297 46806 4024 18847 35909 43435 15502 49135 11230 34623 15097 694 39893 49102 45099 3806 20383 48259 34249 48095 26912 42781 34652 34869 18250 26554 6711 12318 15264 46157 31602 10370 37765 20453 18753 3852 29217 33711 8392 20510 40565 6772 9846 14802 19308 10119 43605 49034 25550 6306 17616 2660 19335 27282 8404 41857 36072 46110 14692 17566 42976 12783 24065 24151 14906 24071 12127 49493 9491 7637 25833 17067 11344 13037 1002 13191 7842 37346 26217 11231 24014 40102 9263 15358 30699 39420 10346 27504 29536 47228 28687 4633 43455 18865 30680 259 19921 42839 13232 24047 23927 9627 28558 32054 18476 3068 27551 44637 11970 39926 22470 2600 38920 43212 4740 49505 27907 42296 11245 7334 5827 3410 4397 12865 31283 11270 32762 15590 4287 37949 41794 37790 40857 4748 46841 31912 12254 14344 49474 428 4498 34097 19692 9277 12484 32629 3099 37732 45630 22196 35884 24251 29863 9125 31493 20375 6481 43134 40873 22929 23835 32193 15989 23986 20718 4211 45324 14460 29617 16023 49164 48323 10542 19808 35789 15798 12813 39723 6204 7609 38507 39332 37780 30823 47567 6887 35683 27542 45851 18543 30384 43535 23166 36942 26357 25476 10329 6499 30235 28200 31784 43017 2680 37848 32739 17695 42201 3376 4879 3251 4820 2105 37220 25682 3335 15274 42030 6911 31910 9912 47847 29320 14763 9101 38736 8296 42694 49155 12967 42131 25185 30651 23484 33779 42676 38953 38870 32616 36975 2402 10270 32688 8425 40611 415 47528 46381 22179 7764 2650 34625 19326 30716 14682 33103 23335 32028 42486 30450 40041 17298 32423 38704 20636 11287 5382 30778 38152 34364 27492 35172 23179 26674 12500 7277 31138 36540 42069 33390 28299 15186 31330 46981 46457 8369 2165 28173 42333 3086 18728 1338 7325 32759 28572 9224 45138 49513 32328 34907 45953 3051 26266 28501 9517 38632 47941 33835 37755 37589 2389 12752 44471 41690 15101 21393 33701 48691 17644 35829 9128 24444 5947 15824 17489 31156 43548 3214 31762 43163 19295 4113 36438 14506 41097 36858 2055 10173 4974 49710 43005 27660 9025 28261 43475 49636 6256 7480 5173 6933 27406 19168 7735 39824 43179 21866 6951 48096 26077 1466 12732 47942 2776 21445 20851 22964 32570 2796 30367 7370 38039 11904 12206 35101 27837 23723 32723 35815 2537 46622 32444 14891 3758 49963 45130 6653 30121 2902 41632 927 28104 26733 4509 48774 41823 40928 8710 44232 16408 21776 11449 27510 30863 20559 33201 41560 21599 19753 14685 48382 5209 22967 24980 43096 8621 46955 34236 12152 10148 39650 986 37846 48186 32897 49347 11794 1761 9130 47549 44284 33317 20264 20437 13904 2125 17672 22532 30981 11429 14612 49616 9518 12971 48296 45971 38485 20745 44736 7499 34135 14235 47544 30909 38788 28601 27951 35477 33138 49709 6741 22975 47159 5984 5637 9626 49412 23779 44563 8303 14867 30357 10113 18772 47510 14632 12874 43934 39071 33055 44209 37044 30210 31743 5826 2925 24566 32027 23549 41067 2489 17670 11381 39385 34886 18238 4145 16151 16925 47186 20769 49345 9239 4592 4212 7715 20506 26182 27266 14591 33857 9920 48652 8387 2149 15001 24806 28504 17167 1046 41673 17188 35277 41132 40369 21296 26051 13464 48201 3274 32694 23747 26931 32851 29146 8518 43259 171 28620 9925 295 30900 38348 24012 36448 963 38600 12001 20517 26314 46777 4963 36463 38468 8964 23051 23948 3233 19305 12609 49568 13912 25739 19503 48645 23439 793 14895 46822 25074 45473 668 49220 6324 22430 39391 9848 14615 41799 43031 23353 17791 38799 42658 16271 15424 48971 12466 8429 41116 15353 46085 47286 35220 1791 33120 31937 22690 20740 16807 13971 21536 33065 46715 7976 11531 3784 14596 17003 18596 14248 13231 32243 16825 6237 26064 9483 13324 1519 26874 1902 6862 44052 38856 9176 9820 44431 10843 17313 42208 24891 13680 28174 27025 29295 24985 38431 39087 12716 20572 14695 35113 19214 45084 23979 31151 23670 40959 46940 4274 1329 18775 18616 26815 35406 2613 36389 44581 23657 18379 6043 34478 14648 28892 4777 18060 21853 42266 20532 23912 2736 12908 22798 29484 23420 39242 5909 25740 9535 4436 13498 46953 30784 21752 19918 27801 28403 37495 45883 44925 34003 6553 44198 41242 30962 5547 4347 8036 4139 18465 8798 41935 43991 21557 34030 16679 47608 13721 5538 19225 25637 30413 46506 23920 3143 5420 3849 15843 24601 35286 30002 2711 838 7153 21592 5741 1617 28565 36275 38320 41293 5019 35460 22969 2856 12312 47157 6054 23787 12285 36121 31364 33981 2028 9677 17099 34497 41251 32562 41783 35463 44675 38993 28931 6663 15929 11672 17508 34340 28119 8677 29966 7219 37162 16288 41198 37627 13064 32013 6311 20773 6118 46262 47143 2090 15518 17173 40971 48 29752 31695 45726 18463 27137 26698 42993 6473 36668 2213 8020 7703 27717 2422 26136 34710 30883 44976 42432 8381 29273 30201 37992 9829 12024 4083 46141 12998 37301 17319 42299 5533 27277 35811 26382 34765 30425 39875 38401 6776 35164 42039 41199 4815 17797 31624 37277 13133 23784 18919 5658 31014 12948 43514 44775 10130 44100 9297 21329 21968 9557 38282 47312 14106 13336 25208 12788 46066 37596 44704 2071 11127 43001 36299 38778 31829 48018 42595 36565 16010 4908 30026 22051 9543 29132 4244 16957 30580 46890 11463 1062 2318 44152 25346 11625 24046 29954 45900 7261 44855 10032 5599 21886 5770 24434 19043 13709 47906 28721 10157 39210 48707 16383 4372 27528 19930 31542 17466 31096 32740 37117 1259 41756 37574 29736 1743 9798 22293 29199 14753 3054 4467 28113 37743 5015 957 16140 7518 3035 40524 41955 32638 37859 18038 35163 45655 28445 20426 45118 6178 11191 46638 22454 46656 5204 5158 34824 42528 2225 33039 30358 36519 43931 1955 3454 42929 41595 13258 43650 7456 41546 12734 5831 4418 3404 11337 2150 41020 49853 40306 22348 40879 45872 47070 12351 12521 43906 184 7693 36080 22705 42473 48303 11909 10046 32587 33092 35125 32850 42210 35400 44607 44871 25530 26967 21625 108 45017 36543 28148 33110 45735 32213 12388 283 12563 44483 12370 45313 7892 27471 31159 43628 4294 38281 46979 24401 48117 19856 39731 48207 18441 27335 42615 12958 20499 47288 14725 48507 5512 38834 2212 4172 16769 3947 37613 36400 48193 29040 17853 5934 32887 4519 45709 39581 47783 35081 42553 1729 6683 43129 39473 20932 30111 17538 46663 17205 3244 37450 27770 26529 31011 44096 2795 7371 25486 44521 9146 20552 13495 40884 1036 25504 17160 19821 25673 7566 36631 24912 26393 19161 16881 32652 43380 5111 44389 48512 20629 21043 17052 12402 539 20362 1110 14888 24799 22878 20998 37216 36426 12156 39411 36058 14982 44491 46550 39443 12640 17543 43918 34736 1160 39355 31860 3985 48647 28746 47226 13137 24041 38083 18204 45209 28197 15924 25355 25820 39930 48234 10387 21052 25747 22839 28674 41584 48161 48696 32497 38922 1833 27757 45077 11043 46613 48800 1579 14119 4017 13918 5323 35478 29869 6506 17447 36604 3977 6294 39153 23497 47344 42726 22371 39642 40528 13480 4545 5406 8681 41952 27895 13934 9031 42668 44046 46429 34242 8324 3262 13295 5905 17456 16272 2527 31795 27105 20027 20675 17022 14722 33719 48498 36470 45489 47931 42640 16522 37362 40021 6111 47367 6110 39422 27984 31301 26089 30412 39519 17927 3951 25687 3150 29764 14668 38670 14350 2883 9183 19523 22069 144 43680 40618 43446 12208 42925 5809 43999 40636 32719 26267 27916 11271 11962 25772 42119 26964 20319 36276 5727 23470 30633 35215 5086 11096 13009 22172 42740 44907 18574 47423 31661 11703 27381 49871 19576 13369 44608 2164 14720 7096 19352 33389 5752 13412 43049 11818 10250 19984 49382 34329 35908 13212 11486 1932 9935 42548 43087 25837 21084 33961 19251 5056 3176 44414 44192 6965 39367 19756 19303 20665 37993 48807 33749 339 47487 34460 19742 43115 25645 16426 16208 29858 32095 21763 26848 36281 4195 40046 43055 27970 25159 35739 44826 12878 36369 35243 14215 12160 5419 44060 23481 6219 23850 30261 459 35487 39641 26442 16560 17967 18901 34102 46414 33757 27829 19575 37864 3166 45801 35767 32310 48486 12991 3137 22888 22792 3239 26597 9285 34557 44308 49790 2469 28145 19307 19300 27287 37701 1734 22206 43709 22683 44068 36227 17727 5394 23972 5972 4392 6852 18914 27848 16744 8644 2947 26281 16083 38104 40025 33850 18477 21039 11316 11411 4662 24783 7652 46117 11870 37457 49718 34150 7088 19471 16538 34122 48958 42395 28719 2452 10530 35772 39716 5048 8525 13398 36995 12771 48302 30104 1011 980 1939 20974 18 25640 8075 41246 9992 25792 17854 44226 9433 7116 28156 26668 38677 32382 24387 25824 19696 44474 20293 40546 17270 28401 37378 26787 1851 32800 19114 31607 6634 40617 6601 28081 16372 13468 23857 37711 3070 4203 43045 26405 44813 40979 31075 3716 46190 24308 32678 38777 42934 3941 4088 28975 41112 34081 20947 42671 35590 35408 40637 38781 43338 1853 5601 19799 885 44695 19863 37394 29213 8099 1774 5628 3100 25468 16284 9149 13876 6570 6929 30297 13932 18018 774 12658 33256 4162 17665 18738 16866 27485 27314 15945 36084 22327 7589 11009 9646 7778 47044 27667 37368 45593 31017 37 9019 30906 3411 19670 49273 10960 28665 48767 28767 34376 10989 20173 15006 30659 30395 3346 40445 10430 6465 46420 679 34730 27203 27351 30447 8961 15131 21291 21371 41556 3072 38650 39306 2594 2191 31814 38085 35105 8891 22358 25433 42154 40305 49133 44223 46017 47946 2554 2872 41769 3015 26858 4968 30646 2013 28389 26711 6409 45204 15549 29042 21907 5867 25230 29525 38014 11192 2725 28412 8190 14689 29342 24433 24597 8013 11218 38760 25612 19904 35935 47124 31113 11502 45672 2250 31488 12830 37842 41715 34564 5759 21088 28243 30685 15587 231 22107 6616 2435 24330 7206 40366 2565 3623 18158 9354 28066 25400 41235 19960 31449 39018 26866 36984 18619 47657 2120 5422 24678 22799 6065 23358 7859 41721 45386 1371 24817 5874 44755 23374 44481 2309 48556 18985 44874 10085 49760 38060 27438 29357 34419 22912 34952 34872 16031 4699 36922 40973 49261 30236 46639 41455 3681 45816 23045 3249 40697 2749 42545 25734 3753 2321 21377 24688 28729 16364 24220 13522 20366 20684 19770 15643 33260 10225 22418 46698 2517 1590 22460 12450 17920 14139 35989 25531 2568 22396 25445 45216 24743 47527 14012 24228 18657 9733 28564 7920 18386 10072 48336 701 1409 32713 24447 43473 7963 44616 20111 9392 9113 20867 20562 20238 41410 4030 2707 26446 8389 37835 20 18639 37107 1248 45396 33510 27543 19957 35373 9351 43465 46212 32079 44584 31223 22001 19869 1322 46188 2865 20075 23639 16482 35122 6098 32960 22734 15113 31927 18352 38512 17627 172 8405 62 45466 2549 18146 29233 23754 34672 36036 15414 14825 43426 4594 25705 18237 11363 48977 4356 42881 16701 22877 36920 16654 11784 44279 43280 20949 6961 34724 25855 3990 25127 4646 38935 19013 14108 3901 2352 21769 35062 26076 35531 49189 35956 30747 35322 33245 22643 47512 27998 23604 28162 34058 14581 24860 45292 43210 19933 40143 2045 18534 5796 12222 49377 8882 3084 16609 3010 35534 29022 14680 2231 4877 46170 28471 30161 20571 23697 15704 37223 2628 12833 11996 18795 8118 32607 44466 2117 26550 14049 25712 16232 5190 47139 28361 49921 23339 40250 28214 15129 40267 35391 1597 7812 17487 16414 14522 18955 22843 46383 12888 49372 2994 36804 39389 22341 17963 35928 18085 17558 30015 45029 12924 24628 29230 32006 36231 5451 38227 3589 42452 23904 42192 17635 13639 18943 17258 15333 17935 25977 35235 9871 29820 24132 30596 22568 16443 6401 2764 8125 47587 15897 23631 6617 23735 11652 23159 13759 18803 23038 49740 18400 26702 13527 32106 6853 34318 43309 35323 48861 37952 48454 35274 8761 32128 32969 21345 20301 31054 12744 13850 22819 13053 25722 30713 31846 48516 10876 23220 38343 17468 3393 23154 44464 3932 36637 15361 11517 33999 20817 20631 43655 40558 6548 1113 39702 33771 1202 9412 42207 41972 20222 5073 25615 49094 47621 26899 15719 32470 30617 10024 38161 5594 22194 767 39494 14136 41344 14102 42442 14811 41950 37448 44579 265 13514 43631 38939 39984 12694 32389 6782 19765 505 6331 31618 23127 28858 37971 5660 7171 47639 10767 40139 41342 39313 5695 24622 46904 33991 7834 26919 49679 35470 26679 15458 16133 19144 35039 28215 17877 23392 45671 26018 35560 12488 31039 4564 35102 16248 36889 26295 4679 12228 862 2758 27963 32220 25178 25114 13989 7445 46447 25522 16706 38721 38339 21127 24027 43685 6339 6716 5255 26155 44312 48775 5622 47220 40833 170 14407 14520 13073 4688 43857 21378 19689 25005 26661 2583 27224 47786 45188 7806 5 31977 41714 19283 13723 17184 15547 36219 18153 31902 47647 20772 4529 10275 1132 47620 40543 14890 33293 40975 32746 34607 11535 49147 25299 13235 25380 8185 24396 16750 43518 37083 47701 25096 34507 32929 10355 4530 31560 14256 45401 11012 48169 21300 29987 18037 22609 41586 46396 47663 35116 39881 44381 45296 3449 4743 465 20036 28771 5181 26040 36427 5908 10191 44216 40782 27141 25183 24732 33000 29402 37439 6500 21666 12581 12925 24385 663 46652 30669 40600 46449 40772 34024 34314 24659 28383 27143 39161 49547 39703 9403 15939 30254 22284 20648 24552 30276 24059 10139 42538 2243 176 46739 18114 25342 40229 39630 19260 8767 49429 16749 35586 37006 36090 13305 25518 41728 7172 24612 31986 39692 24196 38186 26160 10229 49526 47307 3417 42134 35251 32553 31877 15809 12085 4532 14772 2430 47744 10063 31992 29652 31105 45318 41871 26600 5465 40224 16835 48557 10845 18887 10327 28777 42707 5944 6528 42855 32923 856 12444 10369 40597 11620 19557 1058 12906 44056 18001 48850 9350 36749 7634 7152 21261 18641 12970 13920 5542 18978 34530 38989 11662 27949 2197 33855 48896 24648 48120 24409 25576 35310 24855 8347 2466 1049 2254 11376 33263 8922 44900 9546 21288 16299 45863 1209 25908 18584 38004 2557 32828 32875 5192 27395 1239 9193 1271 16224 38319 39988 47113 25693 14672 10398 44791 37692 18133 15323 39377 8695 26782 47828 5417 2064 5242 5899 41917 39602 11665 3906 26448 1469 36551 3554 3341 41656 14600 48548 35757 25151 28718 35193 27993 43808 30435 33833 25132 23589 48385 15238 32506 15182 4403 17923 41366 15294 30868 31135 3133 25450 45337 27538 37931 28867 33226 15799 9303 8225 18300 22681 43529 26461 31766 9705 23068 35355 17984 49497 21083 11789 25148 40379 21526 31679 49773 24197 20099 1681 36040 25751 27590 29447 2931 14822 13705 2188 1556 34574 34932 34585 5746 43065 5968 7741 2091 15933 6445 1931 43351 35229 40448 7428 27241 27742 49053 9785 14863 16836 46985 33096 34547 19999 219 10092 44038 17192 17297 22838 20528 25441 21768 8920 30033 809 14404 25001 35604 2169 28640 35025 5096 45242 19377 8700 15147 17180 29066 11955 5136 8722 28876 32399 49936 6678 35109 43617 8077 31470 12469 10303 19846 1203 46034 17395 38411 6969 21347 41846 28095 14750 34306 28705 30815 23753 15760 28038 8333 8170 12579 9021 39369 2202 12184 46729 26392 11237 46147 8017 24702 33555 21742 35622 10197 10122 34424 10632 45403 12016 43272 19709 27677 44950 5948 25338 31576 16678 48420 7711 1060 44363 33446 46255 21262 860 8676 42805 17278 5460 22242 10389 32467 41149 43297 26887 45648 38150 5315 15878 9736 20972 34572 21048 41829 48580 34840 28894 47341 12020 2058 35362 13011 13229 15636 19852 44571 33220 20938 48143 16523 45569 48339 6429 35941 28636 36970 16975 12129 37219 22544 40491 35257 14515 2590 40243 20966 30418 18179 39848 1375 33222 47353 47884 38988 23505 39526 33725 38862 37709 19084 33816 46956 28553 44369 21482 16849 34931 12046 42215 10712 43168 32134 13417 39717 46789 21685 48758 18627 7695 34740 6461 9023 41718 20010 7717 35713 45322 44961 16540 10053 11041 5459 15661 24846 5352 22583 7635 23524 18800 37950 11018 46392 45256 31531 30353 1487 26269 15744 23181 19665 29317 46986 7837 14416 16126 2615 3104 36377 43636 28341 22579 26317 18460 26749 7808 39098 34317 31538 7352 28703 45274 28428 34680 8040 44532 30349 3533 9906 4822 5426 33843 28003 31672 11859 45548 29476 9085 48383 6621 3656 7381 15340 36279 37898 63 6848 34365 37412 17630 29483 48273 48364 38033 20609 32295 3557 25016 23261 37802 22445 31809 384 3140 30380 23155 38635 13770 5906 3156 34845 46468 12410 18220 36994 12804 42457 14730 38286 2449 7551 41498 36466 22363 42503 2036 8650 13840 45222 33783 14992 48288 14565 21289 24970 48592 7659 35673 30600 3905 38966 21732 32606 9618 34253 48138 2709 9310 10757 33944 37399 26434 36921 6784 9475 22953 26260 10390 48962 8432 19775 36319 31486 14072 43851 36591 629 25314 34943 24544 30004 19491 4768 33764 32277 42525 11268 13948 25145 44112 24340 47714 15611 37785 36162 23592 46374 38021 24642 29482 948 6067 16103 16008 1941 28340 43964 5081 38934 10102 13871 30031 4518 20497 21657 12440 20425 8960 38073 36221 38639 29314 8454 47761 6352 1986 4479 21099 14606 12164 1668 9791 45611 24974 28557 27028 5084 959 15012 16693 11307 14100 9444 42632 43029 33747 44963 49015 49913 32109 24272 44515 42638 24204 1935 39363 32784 38498 32292 17936 42969 46660 14182 19435 48358 19768 17323 36795 7133 34482 10768 42933 13384 37996 48834 6216 23027 21319 17203 29498 5693 500 14698 43165 7387 754 15988 22298 20496 31409 15687 43572 31312 23316 30499 2334 18808 3811 15056 6900 32108 29737 3611 1874 36264 42778 43347 43481 43945 46373 45832 24128 32448 11257 29458 20922 44614 15021 15676 43283 16763 2755 9588 22952 19196 44205 31833 13335 3080 6880 454 15304 35412 27476 19349 22693 6084 45370 12866 48502 13591 36819 6814 39077 35548 34912 36752 31368 6099 26432 35730 48026 1790 7827 18984 10796 47355 39990 20977 27391 3539 26385 7137 34114 37798 25034 13323 24925 6249 7995 22807 20812 9326 26873 40368 23877 22094 35614 1415 1180 32961 35588 19244 46105 18911 19395 44477 4869 34511 38755 46407 28870 41993 44956 24348 23930 1789 21032 42597 40238 15046 33413 32822 9583 16718 45183 6261 4622 11193 44531 13190 11820 19323 289 33088 36157 39241 33435 12584 14083 36566 46008 47380 36896 27045 39073 32895 43468 2412 5130 31609 18195 35760 8024 48306 33163 27179 39749 43350 4938 44797 22787 12284 39331 20273 11503 3265 15452 49032 24514 38962 14878 5865 5319 10520 15733 641 28605 29030 22919 18606 4042 27281 32081 1659 4561 17550 24476 21202 12740 22016 4851 15919 40427 21486 18907 41868 45819 40577 37546 17594 49255 24312 47321 40146 6994 15861 3448 5754 23598 24432 17102 45613 1083 49122 44679 30892 41796 10718 16496 46614 26412 979 20422 9272 8274 10638 7636 43110 11090 36881 27212 7098 27153 1364 49617 49238 27149 20964 33690 28160 43746 41109 37851 41187 44937 5552 36263 8123 3356 8411 23307 48880 13766 5345 37636 47768 35203 7403 25370 48519 39856 4016 12327 9369 180 41150 1026 11633 14656 48007 30469 16149 32312 16006 21949 49210 28731 37327 79 37849 48340 13393 23974 44397 1667 5566 14385 20849 22951 28431 33475 33465 47502 43610 20933 45729 15418 25131 8192 19511 33057 32892 6731 16043 26816 13378 6811 24206 9926 43261 33708 37248 2434 7390 16489 16611 10193 12686 1468 37708 21935 40280 45054 22648 10824 28267 3227 43456 27553 5625 36097 3001 6222 41103 1107 40398 47303 8879 45784 44708 35479 18286 3772 25349 13597 1859 23552 23557 17795 6088 5863 5887 28556 15026 42512 18771 5027 31056 26066 725 37214 11978 76 32948 23840 2981 45843 9242 40236 25129 19877 29681 23365 15973 7065 36612 44131 25405 34103 46661 12856 45898 38830 12784 44228 33406 29307 38767 14544 42716 7767 41190 27725 35599 36696 48472 44329 15572 5860 30902 26300 10288 42478 40074 29347 8878 9699 33297 32371 3794 4384 35830 44647 7006 24996 5076 27333 24936 34695 28045 24915 20452 46065 2421 8254 15336 39312 33946 10918 42413 12646 43838 48481 13120 42267 21600 3803 30954 262 1455 23822 12055 6323 30174 5240 8232 47724 17249 24825 34461 24847 6705 36306 10957 16689 30705 38361 30599 19281 34501 40011 35214 32633 10736 10799 33445 38869 35197 46945 10741 49876 10778 41390 188 19812 45776 346 16241 39627 20209 24578 1238 39217 31216 4539 21381 42607 14914 18424 24905 30112 10641 7314 18357 46027 44378 10610 40560 386 47336 23711 37503 46074 29809 43966 38776 5669 37095 3324 29508 10335 8763 1614 15917 45663 3835 33815 28681 34753 48806 30220 49778 31230 43814 39546 46867 49112 28716 27369 7383 38918 36514 25710 16690 33160 25669 11104 25402 10576 23311 30933 10021 11460 28861 34214 2426 13855 28915 15751 26701 33746 32455 407 49746 35541 41013 47171 2769 14568 3710 48313 2750 28563 19324 7907 47326 21969 40816 3 40196 26786 6241 47214 47049 43742 19707 23016 3353 22617 40061 41513 36300 13839 41645 38019 17420 32785 44958 1063 4446 44892 16729 49956 32648 45330 3134 13032 1780 16990 27232 47379 34404 13727 17369 21594 6243 47085 32598 20694 1713 12575 49217 35950 5337 13152 24164 31209 41019 16737 46315 45644 49916 28087 21030 39280 21429 10866 30782 37834 9160 1324 39418 9136 36687 45787 2513 29330 14238 20999 14776 45515 13894 10245 25660 42699 40339 48582 10214 8268 13758 11142 16060 11998 11540 27310 24961 42027 35066 17075 47434 18409 4161 18052 46932 9215 47754 17401 33378 10347 39662 33763 4948 49800 22862 36289 19090 21973 45732 44396 7003 21944 27701 6002 18853 39555 47176 35114 15627 24539 1030 13058 116 32332 26253 5580 47634 8770 26025 16589 37314 8744 13176 9753 2846 45560 43174 43922 10554 7173 19066 25727 19618 42894 42110 42236 14415 47324 31002 37839 15664 21850 17864 48974 18190 22220 6107 30859 2979 6750 732 12560 7466 42576 20865 2106 15633 38009 19906 43715 31422 24172 29940 48073 23122 20651 1188 13622 19979 37818 42648 19263 14653 36098 22329 44505 968 45443 24686 2281 12063 37013 14647 47427 1368 36833 33208 20724 7503 3711 32376 3701 34036 20946 32022 8713 42213 38396 40905 49615 37086 19166 40330 8509 14422 35788 18917 48461 1462 16029 47560 46082 31466 35279 1979 21322 49593 40897 23297 1814 9559 8102 22047 21571 2130 1580 40176 30241 19684 1546 30513 34120 42011 44869 44383 33915 1953 41876 45604 10771 43067 23733 23820 44324 39300 1777 39078 1982 45522 46716 33052 48320 5666 41562 2788 20935 32131 29511 10700 37360 26728 18428 33031 2830 42185 43980 27828 38376 46142 46044 48529 10566 27823 29275 26731 22128 49285 41453 38762 34096 44628 49309 28239 43396 3078 13375 24344 16398 20159 24439 30017 42793 42454 32755 4307 41529 9923 43275 43033 47415 43582 10420 23360 42437 34786 9119 48403 18149 707 32721 29767 49169 4150 31645 41813 4061 15022 26889 9076 17458 28024 3739 49402 5276 34151 2608 26147 22970 43111 39714 34637 18106 32330 41265 19357 24983 41233 40035 26634 5031 19255 9855 20658 12052 45441 13716 33865 11065 25695 31821 29562 48625 36292 32814 3933 96 29545 5505 36345 47354 16755 12898 31979 18995 37639 8205 8356 29573 46472 25603 37488 44960 9332 25723 31667 28509 40082 6066 34810 22921 2570 31071 7731 20093 7734 40327 45539 24759 39585 43736 24965 12777 27318 9315 36977 4861 14463 32644 31327 26014 7394 31968 1857 49662 19974 28293 29654 45283 39109 1323 30751 37902 34348 37091 15690 1846 41995 14059 24118 7939 11773 8328 6910 22464 27042 8119 33161 3177 4538 23440 32511 4665 35707 10614 30639 16423 11029 35514 9754 1566 1949 37435 29712 7654 4692 3992 39505 29685 32543 49226 6995 38002 27860 5933 32329 17994 21870 48618 8562 41923 39430 35913 29643 775 8590 35041 46673 17725 20685 40157 4906 30496 40825 18654 40792 38818 49592 22347 43677 42031 3668 3796 36584 39615 6340 13578 3540 31548 32082 878 18834 42242 45579 39428 19091 40402 851 18345 28282 40372 34366 22577 42166 46823 1533 1869 17928 36035 6342 20911 29256 28761 43798 27331 45906 44829 15828 47131 4443 14157 37077 26248 32860 32549 24619 19621 35002 38983 20519 42024 519 7272 6515 46642 21905 43144 24176 37973 47631 32842 27669 39867 922 21412 24004 10357 24462 11638 40179 26494 37355 44945 26790 47821 3896 3157 47026 29615 24277 1050 8733 31253 16472 29580 6935 40899 1171 42140 20556 3913 45336 49708 43076 226 2553 5803 15598 7803 18087 38162 16582 3839 10149 28443 13832 38407 46149 49120 27316 5370 11750 451 41850 38372 44541 4092 45358 11243 39747 44069 1598 6384 16874 33254 16651 43199 7802 37037 28191 6665 9 18177 26039 32361 37889 616 24319 32486 49371 35160 16167 9564 45799 26198 21077 23667 16130 25055 26613 32877 11575 36005 44428 32319 17938 48840 35690 14491 17299 30181 17149 28484 40838 37405 3037 17955 25228 21002 3216 40429 2303 137 15941 9987 37466 43755 42857 29567 29593 48846 45074 41321 28388 35475 1974 8635 12728 17101 20172 43496 8766 25958 46605 40132 23189 35946 11488 35429 13746 44631 6217 8825 13651 40517 744 39501 29603 13502 35466 25144 19898 44705 7236 27605 8548 43845 24755 18780 32761 10175 41059 44459 20160 37298 14839 6367 24102 49659 14388 46773 31764 31703 10652 23377 31741 12081 20192 44155 25207 29913 36646 31716 20220 21307 31310 11174 43052 19507 49645 46784 40089 24267 13346 46778 33782 42148 17183 15463 46379 37907 583 42580 6403 27220 923 31699 26184 26340 10715 44143 38564 787 3859 15081 37630 13508 17757 18677 8431 43073 11649 47604 13801 2151 28760 29539 41884 5375 28106 1090 5593 30777 17454 45532 31926 37595 7424 36553 21117 31701 28485 15298 24933 34667 46301 4789 312 32335 4677 10450 39634 23751 4062 12380 24744 26812 27919 15425 27066 34779 7685 28478 1940 20700 37016 34498 15815 26056 43048 4775 47776 45022 10547 3729 24120 6701 3612 17563 8267 47259 8683 12927 44558 49860 44777 27899 41674 26465 21672 22067 34015 880 42237 41417 35244 39570 38685 17900 15181 5006 7426 12947 24509 49067 1795 17438 25404 42728 20770 35892 20907 9367 41240 9212 25099 45748 26153 32233 49952 35115 40664 8998 9061 6413 44026 45770 28844 16915 36900 45310 36303 16090 29228 6732 35009 29678 21333 13401 30544 33987 38403 32829 43855 20166 28568 42061 21493 28185 23536 48695 31025 32003 251 41571 49849 18675 34508 24941 1890 25226 31472 26740 29992 1985 2432 47405 31385 10803 28155 49173 19611 42327 19773 27556 15533 24676 9568 36960 31150 47453 18323 32107 20722 47408 13136 29297 36262 13848 42680 22984 8678 11323 42244 44070 30806 33237 12915 49278 20431 44754 9084 43409 8884 5247 38816 2960 44782 42621 38318 31175 42202 22306 37781 36274 30436 20066 2536 26700 19704 25528 24706 3837 14373 47135 18115 17481 36684 44150 15267 43311 38723 32597 25449 19631 43125 11302 34228 37279 36708 44275 1488 34453 34830 27009 26338 12923 9591 7611 10627 12203 47296 29609 8671 10425 6427 26672 16160 28375 27789 3372 1454 26643 49499 24177 25340 25924 33557 43304 49003 39956 9232 34803 49982 31322 30046 9132 30453 46121 29852 9102 43989 21113 29995 38012 12095 31089 485 29665 22555 5082 33688 17324 31561 21512 49106 23248 21101 27512 47306 16568 10159 20940 39143 15868 31419 23803 7176 1541 13649 21355 33095 37817 44915 22343 11722 34225 21454 7175 7100 27923 3795 37592 28448 49924 18551 33873 16351 29414 12390 27864 28355 8510 26624 22646 45255 24784 29831 1523 45861 12274 34262 43609 1458 1351 17472 2380 32593 6337 45901 43100 7364 22955 12535 15882 44859 36570 38959 18342 9601 37204 42630 32656 23886 38157 42942 22923 12796 19104 47765 21527 46931 19641 13271 36863 4410 32830 6103 33269 19228 28394 20428 6870 20062 36750 20673 3286 3633 46750 14764 21982 37610 18770 45711 49693 368 29296 32234 10393 26345 39254 22866 40256 33168 2893 21505 48851 6252 45734 28707 44097 37008 15877 42161 39983 2845 24054 26491 6162 34948 44889 16685 46104 41510 18096 40493 13044 36542 42196 34957 30373 5208 30982 37609 20229 47225 42002 13885 2501 37612 19677 32925 47559 46036 8791 46041 15408 43152 45789 26928 12245 1607 2088 5494 721 47118 35157 38688 26775 14255 40269 18582 27861 24141 14761 22048 28262 5502 43733 9188 1051 6085 45008 19878 24931 14529 36862 14636 33098 3163 1537 1143 5437 34235 13322 4702 7306 25599 30151 10261 36432 32736 22689 592 19179 6379 34540 36024 36116 20254 24797 5767 13754 10636 19950 22202 42514 41976 21478 9118 10365 25158 14791 36640 4742 38026 38280 6518 8647 41624 36215 35575 8573 49734 26162 7281 1543 9958 2838 18996 20502 29859 41942 31174 13260 30855 4375 16728 32250 18925 8361 26322 17480 1369 15740 3065 3207 43231 45880 38429 32173 22377 33976 42463 42174 20711 7066 760 25982 38835 13020 46700 44102 2752 31782 46233 31308 31724 28126 33367 12265 31257 21846 4989 27415 41016 2251 27805 41947 27122 13917 31480 19629 1548 40701 14954 4080 36899 47633 20003 42581 33438 23584 28850 19212 35289 39523 33156 47122 4781 39360 1193 25564 12071 13658 9159 45174 47105 21344 42864 7072 47511 22809 11840 28291 16734 23003 25310 32394 25149 13108 25956 27052 14329 35225 5920 28065 3310 31190 46839 43622 45568 39907 43929 24106 853 26290 38117 29162 44140 9982 18010 42204 29849 4001 39610 45582 14860 22567 25412 40215 677 47410 12487 32586 30754 48185 14770 10314 35912 49756 34512 12457 47471 47274 15903 46087 33286 26975 37263 16911 14149 42628 47234 14712 49202 24560 2505 7359 49669 2248 31319 3423 42035 16193 11829 14264 11341 8103 43035 41936 49725 38329 23191 7038 35881 36479 38822 31072 49485 26544 7651 7983 13891 23493 3327 28863 48829 11291 38746 17978 20739 12942 4516 33565 26388 1785 32684 23774 37823 37767 38420 40060 32230 17983 23372 21643 9261 27440 7583 26570 19573 17122 7722 32375 17726 21294 17301 24188 13042 18785 24878 49671 37507 14322 4823 31420 17574 29062 16626 23126 30562 23635 19355 5811 7713 29846 8574 21989 34807 37172 42656 19973 18404 13129 26244 270 18836 38016 17519 26857 47450 30218 27760 586 7085 5799 37561 18650 16296 24254 44680 48384 37824 3158 49689 46899 6943 45763 39125 49075 7469 19273 30585 20188 43701 11779 37523 30411 27117 2762 37717 7865 46849 43836 23636 15250 31956 5151 651 44502 39949 2896 16615 22760 31822 12486 27429 23585 25461 18719 21210 45516 30770 10693 7867 26995 21338 41389 29781 1588 12362 18581 19019 3014 12476 42415
0 0
