100
599159 616243
449722 955725
606172 613949
216109 701160
852829 981620
863595 936346
685215 769222
36074 582036
513891 685739
79785 341926
998662 999402
46720 487538
901944 920123
632491 818657
400142 841870
297395 572459
479022 570600
719177 878092
693996 884097
139437 618562
805136 867889
461004 854475
46410 657659
4252 251354
140480 344904
986712 991675
562398 754364
809558 872521
329634 905284
472512 929724
492803 526879
684696 991167
340460 866759
164017 399212
432925 682879
38718 72007
520726 678623
857717 876601
559398 601839
156959 560052
594789 790965
957310 996718
156931 275332
813184 838509
462999 637445
846672 896723
993729 996586
454276 888472
467253 724660
713859 857883
150484 797721
547206 640771
906895 922556
279998 757871
317267 490217
692502 783890
815279 861440
503456 908652
364454 708454
455827 690358
5251 576569
747187 758636
347767 682707
254408 338216
274482 744303
424455 590374
409560 929403
706062 832630
772088 909807
954763 972569
545374 798393
631352 893434
65822 240210
513158 866683
483856 954661
420615 562971
440858 807053
564833 768163
513692 881614
173850 759711
462785 566229
435341 472375
914372 914743
459882 527978
53029 419651
97248 256645
114039 751807
476135 913104
838363 965518
146066 626986
903910 961125
812228 943592
967461 982112
359902 631611
941559 993250
731770 972023
443873 788200
681080 953534
953722 988023
161089 936660
1000
949632 997002
719589 798865
272448 979199
666606 719830
914494 957411
600771 689574
28290 459804
426498 505150
108263 239416
334641 832092
996188 998567
471230 903225
218788 428311
332297 988049
952773 997424
351869 696580
448131 545360
658174 929677
844717 973722
424603 510027
216366 817421
254428 291231
211619 310736
87819 287403
265733 992856
801563 875874
319882 589139
171284 825551
123414 147893
280550 525875
900844 929637
601810 726365
58733 72344
837884 999804
315355 608326
143521 872051
678296 854383
628866 863427
950539 960567
967238 988166
287102 869785
873259 930001
164343 337014
425486 552401
723310 788945
817650 969789
449366 810892
234905 356906
950853 990679
54350 599073
202790 660428
180696 361393
880261 890878
120409 942431
927165 965632
2096 851464
683111 848434
704924 915738
998806 999743
556110 952737
799977 990156
57000 933425
699761 785795
123255 600592
584345 759210
13288 89942
601698 993467
113876 211669
348945 618756
673916 718962
694449 852265
695881 719118
825888 833004
203843 434149
538056 803682
734820 741192
164168 189109
970503 992346
780916 919145
939789 948645
935238 955692
917379 933899
439328 727730
114528 521417
103427 332019
251452 458583
900902 930576
101932 417993
131464 713447
408689 554939
679445 722826
470305 981357
3398 190850
197721 862735
326411 751156
988051 989608
952976 972407
217082 599280
653165 809519
150828 860146
760828 786696
5089 294732
64797 985990
406282 797648
771206 845270
415133 900120
849549 875600
69845 675555
492095 602880
962489 963146
734951 771645
967398 992012
573647 900006
357371 373645
187653 478743
308293 947075
887073 900166
2554 45795
221578 438600
648302 861210
722045 763049
610545 799138
827942 902118
464292 516596
849412 885509
923331 972608
943079 999310
589807 798115
413197 679919
3823 843394
816759 937053
96158 706383
913634 978123
334648 576013
812070 864772
307162 779634
930731 974857
398641 615241
653688 681153
365106 506550
95676 880661
859835 956136
21162 818656
123679 623884
251199 819360
148565 458858
813274 815026
146514 860965
381076 747984
556113 633004
19837 260716
453633 924411
259202 669365
406993 969094
881741 973779
952892 971938
530487 849819
680526 835979
650804 694422
686011 944673
281710 651350
774788 807725
487706 833314
771477 994782
247223 755218
135882 506582
894222 937175
938625 979817
946764 983547
148258 818403
782025 966344
755588 934499
719884 784493
782776 853070
676692 697137
554770 654111
388459 798172
224317 797381
532320 901740
321963 815745
660843 754860
983306 987779
135094 423124
922102 925409
594323 944582
954451 959485
924535 946927
356204 644162
257299 950964
333297 422453
153088 429855
271725 372291
138800 457804
79437 598778
41367 569872
46481 545177
495488 700699
747399 975559
533143 920957
703173 753122
685634 756257
860978 942398
526720 815025
439230 618601
477723 710000
718782 990609
507146 944219
160722 347625
199162 410181
303687 427105
199564 667273
420469 910989
71335 964138
806457 886825
667312 947654
120124 957331
227975 983961
942463 996714
916787 943845
762872 842941
911332 938471
531229 682704
456881 953212
99441 481167
543791 672142
784526 997510
192696 780448
599832 794918
853808 930439
158161 169433
351519 747561
154224 453213
536731 993683
921174 938041
535132 569920
187218 811027
863226 995397
547167 566438
122046 415662
918708 973451
589893 636890
559112 659786
632244 991356
463393 929437
427211 472748
751804 931064
183911 365838
865739 890797
520541 889742
627472 923094
786017 950700
312803 478741
254874 543504
244370 367353
98592 676055
725641 959276
452667 804860
821635 883944
568257 951188
175500 710535
58769 532010
92710 624442
25909 325578
32308 974284
267432 643013
275619 597829
559198 770083
664510 697585
709021 899615
14521 79193
605945 994161
809088 855799
165277 405143
670088 707531
769256 884959
441215 485868
920 631892
792247 849341
408072 974600
981527 999913
843137 964300
97884 398312
800139 921862
939069 984775
899883 986517
815281 953293
310392 654861
109851 576801
198128 354194
652046 985059
124873 904483
36107 936287
369099 565236
695237 801613
189226 425763
307006 307481
130117 184791
235187 682024
531242 864479
638711 837120
702095 846974
639737 818503
674982 989341
569913 638785
333999 390118
11425 908760
97208 630810
530005 806119
498079 590990
866675 905541
220559 795216
861784 953196
132607 287339
927185 965374
831492 857810
179353 759432
950491 970411
854126 976383
213086 301819
124799 287053
28551 675855
163546 697809
787846 880462
322951 705632
785375 791483
273053 300755
467424 469008
334113 633303
737132 983588
855252 974208
820539 901990
54235 80649
35087 123843
21213 555364
889778 930180
441568 735386
482016 809263
961466 979869
89021 941723
857062 969686
907435 999974
74196 99984
930460 982085
798359 802538
271532 287900
815284 994360
551590 859283
856016 873708
709141 711990
857839 940373
754052 780756
518594 744229
109432 459427
541124 554818
768943 772116
718973 780425
955949 992897
878592 964900
669797 687950
920474 950574
473754 734891
365003 754883
587789 624435
744726 881733
866175 896913
750452 767517
257078 520233
606996 842879
878768 939362
523965 547057
945584 948204
849691 970753
86613 277192
943752 954113
608621 882496
653543 767061
586713 912463
833885 992373
987196 996477
256921 467669
250078 550737
42708 180001
969255 980598
608006 996775
761720 996878
624696 863810
963831 984420
459517 975998
1764 965240
313710 949811
123168 500544
773115 824881
895235 932387
806061 844683
625825 931475
747248 964210
884992 960059
767148 906152
186715 248364
907152 937870
266878 455252
544704 562509
813714 945768
11386 671873
792132 820221
196927 308463
499082 739274
988202 996663
286256 524252
950115 953960
456528 718132
298197 646016
325370 582793
365564 880840
447809 515954
953328 966742
213989 441749
999827 999955
490736 926998
684448 855137
156731 635142
692395 973834
419726 487314
26413 817990
151055 647673
228477 822401
610338 999368
536337 561311
506388 882036
269441 271948
114427 651944
484636 506101
236276 360572
695774 704509
141076 217199
976268 983609
406860 955953
30701 606219
359734 572884
269622 942035
758504 904910
291494 619986
228133 969489
238784 676269
50364 315849
684401 967601
646424 652225
549819 674020
725437 956601
355657 797183
343232 731703
84492 176723
653701 861299
497552 591550
281904 413135
77879 798858
158794 205399
143311 927843
238050 362348
621978 634341
221349 316640
346204 597429
46952 558818
240438 384499
753045 974203
995278 998507
114511 596347
264238 853770
213355 266260
334389 747767
74150 523087
464604 910960
436578 566694
974247 994955
853629 911619
595095 956925
666247 928443
912783 991946
741093 805533
329121 429111
922387 993165
891308 894227
964825 977230
5433 935914
908782 974717
883850 889418
353823 529976
909910 997819
439536 799266
52680 295322
159163 433048
316054 812375
693495 842490
107293 451032
77809 317726
662298 967752
475411 708065
963461 982267
14535 716463
687342 800724
399809 982214
123592 341255
94805 954524
460034 882308
938656 970259
861102 992745
436341 655871
141703 232633
544306 615820
413541 921439
717150 987652
535713 815149
749986 892680
60558 652039
477418 608258
97262 500134
337420 409470
928650 939587
642734 838005
135490 364036
42040 83056
258227 395370
32172 145716
719412 786006
271334 770291
452252 720239
176537 993103
913425 974536
814228 862922
951676 960637
944497 947415
202630 320202
956847 990667
371480 861914
492149 663746
857650 870725
335255 680792
869358 968504
402421 512191
931126 933624
998449 999863
789379 905023
189003 260785
666136 942246
812921 928999
589103 655612
206838 539363
643928 976135
690876 916306
651437 750084
782438 977758
709735 795328
368019 414937
930815 950081
680644 839217
748660 840238
886622 980757
633048 770718
913895 922767
853783 999808
252707 662224
523016 550712
629875 635373
23785 716350
947950 994517
722987 973072
625272 960614
824684 956452
566382 755935
566574 918267
243321 655519
82928 831933
831055 962219
492843 658313
597446 705099
706528 970938
962677 991435
694217 745464
420639 512865
931929 945974
827024 979581
581216 975830
194427 642928
415601 567353
771584 850243
147237 745917
610314 976982
761581 836810
837978 914053
898298 946329
603118 939478
184551 637403
387963 744808
859915 931909
887475 915451
253739 602287
121972 126752
898015 935107
510495 580862
355763 850172
964061 978381
602641 983439
578748 771449
785809 936971
313029 543573
598324 773927
309389 776142
672404 980795
655791 696909
163362 436367
915542 928653
302482 523097
512344 947061
85179 806899
754173 969959
710169 853822
505801 577707
398178 486885
967098 969918
36685 883512
652893 809682
287612 450020
33678 575726
174541 522843
663289 681313
662477 794043
716814 729528
264935 714785
709239 967929
46146 703649
766529 782737
140965 817901
40672 618975
942450 951612
754496 932793
827179 870695
741990 980743
717141 726455
405379 694572
657867 715820
244368 303829
985793 988560
59553 165998
291678 590534
154572 694743
122909 448459
623327 943421
567915 782270
124759 359153
107272 175044
165843 951106
36693 464928
742728 925599
874262 925309
28811 762844
54197 469627
370292 788747
772922 818668
618922 687416
800465 980262
32671 933826
842532 909031
995078 997738
6445 326639
509670 865948
469700 732787
582587 908075
788912 870831
652278 781879
124162 881276
878661 894017
167964 453335
96647 342097
968425 977491
740865 984432
480828 824804
312228 635974
255590 338756
286535 325703
302461 389284
318148 908279
164945 776985
491479 981125
291969 737256
66461 150627
899579 986005
392394 886145
242115 320127
138949 639420
705782 853546
371592 443474
725600 861845
418928 646060
472375 916337
745155 940929
792059 875029
701661 857796
393415 401612
375681 994329
495863 579577
770620 865592
527720 991415
26421 502281
465773 973222
645404 951439
463783 929710
522441 688591
847891 940275
786176 995852
320503 924190
62614 169695
845454 998915
347326 360474
95814 596561
529789 860212
995157 998028
934831 943522
571278 803019
187633 336202
871863 990346
137062 747916
121891 144694
513239 843993
263035 573934
266035 922335
309632 471227
139264 365436
635109 895208
657523 825342
935283 978678
676009 966664
166191 818124
88032 972745
516787 738269
427841 681055
449869 462554
577999 947161
46338 333030
885994 935242
600056 980814
719683 907993
56898 904795
803797 824325
470065 656930
103420 569901
264378 585076
341434 553605
681478 703143
632425 937648
736153 739958
228903 994603
355418 452689
41925 555323
344991 501041
894626 898124
985719 994916
255027 914126
479271 928776
492195 711313
32037 119754
956402 976064
482250 688681
549244 590632
767390 903260
322821 550367
893748 986324
352370 597428
819268 938991
105982 426199
715794 896818
295959 704178
277266 714978
557570 796552
882469 953482
850855 946407
822605 837969
925180 968904
69857 160586
523308 729286
643036 955306
332375 520702
660849 929681
791077 888227
445488 758432
286340 743760
706680 949719
798880 901351
645241 748038
913278 920626
963028 965089
427025 484547
953105 991039
294454 843776
64313 675635
810200 947271
850203 894875
917198 931549
540187 978451
242331 395515
16510 475426
121032 152748
863520 897236
364001 915741
165519 768205
220766 273107
873627 942139
273089 733775
275064 965098
934435 936148
424798 538615
487748 757919
138328 591375
905878 954913
529993 981791
192559 305272
811044 905485
390167 934640
734842 893086
787351 883391
488230 787585
303227 814544
875886 968126
874399 978626
237694 680918
522855 936574
438853 741913
96502 179613
24717 200960
557124 601364
375777 823460
865632 962315
55375 181165
219508 879014
819273 924948
172444 615101
664784 723362
270576 420028
278443 640311
121057 835866
252545 940870
318276 957728
893280 998678
988942 992422
588980 918587
753340 808214
539408 747998
666235 928061
731153 984616
876684 931526
445900 499953
185778 672537
125506 179849
896617 922003
245822 460834
729049 933891
685578 812314
723472 810942
613084 966153
767181 935711
532093 614389
257910 676442
885491 990450
86011 691244
660730 773430
295804 298474
714065 832026
116961 437797
681348 943307
157483 513199
771480 820031
862212 976337
145464 188929
619812 635548
357360 980275
659407 916062
379110 566065
508007 854276
81321 527105
741997 915321
385513 387398
848559 879142
811425 985397
763360 918224
69947 340401
536905 861396
584170 640775
301253 498055
223073 527840
55165 84843
235075 399810
981942 989135
753744 898594
300494 730472
861074 926225
526359 749751
344856 771957
990334 992628
189487 513347
116260 821171
849210 871352
859125 952332
37295 134083
903083 993586
120581 517542
394335 721706
78968 107560
555978 835418
496058 820228
266047 660808
548050 629572
165768 845039
177823 332425
835826 893718
855430 977424
489251 842005
674679 825020
780543 961140
401848 800159
35886 528935
102563 784191
736251 942490
89941 218804
578748 854012
741587 926635
47883 787280
240496 493088
963723 978940
407825 747847
49530 465298
7164 251961
633960 882817
349008 568886
919755 959652
745977 748421
363107 622528
184257 484519
239935 928654
47550 509578
360829 871540
873696 930928
543995 730477
201984 800975
409958 696560
666137 979995
404935 792617
98898 930053
296496 824937
176637 901865
280987 475320
444724 598271
73426 997926
973990 991846
599287 922149
944037 983574
708011 837985
725194 794337
587836 729149
362575 740211
378987 411589
634273 930372
733602 822614
736341 943105
469888 611674
83928 681717
891897 910949
687956 840199
450652 864868
343465 948199
545588 714210
710560 765390
651149 676644
165292 537814
965186 989056
643912 810688
237863 464909
889016 971655
969632 983405
656492 756673
641843 930364
198624 515162
28598 565802
254166 661939
103984 197788
45492 462422
993716 996833
987619 998547
271231 852300
133835 454427
449441 569151
470758 641112
403537 916151
792905 912742
240218 514089
784823 816541
272964 946770
798349 845184
288511 771301
84 902703
574086 989300
904298 974925
5000
565267 988933
303244 943928
31495 683580
685386 795492
269774 320605
416492 810945
672743 743035
85267 569220
7976 555709
977692 985644
27106 103280
167668 796347
556609 767257
872293 958070
365324 926527
924917 933782
420910 445563
260694 850852
704611 851307
800075 912489
593129 643192
706628 852606
669749 964548
938659 945983
643263 902498
979103 989235
135628 459243
919681 960540
264272 795898
84245 229304
255038 988395
329897 454179
807020 814556
429629 959982
315573 503364
549183 886334
195421 690375
676734 850401
538029 774622
904566 990681
994535 997257
545278 722306
71571 92785
982800 986167
497291 957674
509241 646362
977833 993525
265990 874791
268014 997016
920195 942475
719385 816495
868232 917238
537310 686640
440552 677014
980148 987139
500111 694021
980222 994370
942129 990603
854461 932959
535543 734856
693601 894026
316053 991139
871532 962591
494256 689932
325409 868464
145388 901667
166362 476677
554456 722640
21454 744213
197983 323329
809870 897587
589573 606718
609805 899632
964963 981599
888075 939424
760693 967139
862723 872415
737831 969959
690059 693576
151181 775120
520605 841398
891720 940601
277500 736841
863049 998493
145322 285149
909557 960635
553054 591460
785840 872959
877374 880792
203029 630339
605499 855194
3388 153075
445968 513176
399174 660664
795714 872416
797206 875567
806661 967157
14575 960705
329941 688738
2742 504612
799088 916406
682015 734921
373459 886303
992874 999120
500406 801418
763296 809795
124048 378535
348702 856285
409401 520251
203907 414319
499755 887328
99239 210957
414369 534299
180614 347029
736248 916552
22357 956879
719943 806818
796188 999412
915323 964183
542598 821623
318842 518539
626808 810647
156931 762094
239561 441751
733949 806081
150179 614701
128378 755952
966994 981582
337161 863280
150298 349276
172633 488588
435170 646563
301836 328303
754163 966990
434573 738164
4369 862699
419040 707495
810096 995274
126091 629550
285190 388056
438367 924677
583287 632005
491703 982434
939930 944893
250115 297214
588129 917462
474833 692840
617005 617006
143157 262481
504441 831312
798382 865590
18367 599459
814974 834237
367587 559723
538488 769875
336757 843892
658765 895591
426745 492726
200417 963856
69722 251513
25093 658454
651981 654613
75956 189250
329957 987785
182781 479912
30398 655425
470380 841809
730372 934588
199777 245589
572713 850921
11465 921545
845473 874630
978771 999117
842244 955272
310450 600550
929900 944690
413143 601176
279011 352525
118854 811380
406789 852222
702496 769496
548100 845158
383624 757576
972318 985764
81697 128331
651127 973272
190797 693488
5173 396138
167344 657177
686925 866661
805499 908343
688706 783559
540894 904473
754831 978661
186985 727082
391877 636804
350298 616144
20340 42186
681174 728826
151307 174163
525406 690988
906466 987483
736299 994093
660415 790691
804126 963983
138341 297810
640532 720338
236997 310729
669066 728360
340852 898844
39068 957852
799495 997725
234326 283809
550963 567546
345250 892052
438328 542231
532143 648939
267601 441181
837295 910936
836872 865465
923068 966469
191011 209361
217848 581439
519654 890246
193387 246079
239550 475922
962222 972061
726308 837485
387542 970413
768019 924445
207789 906966
349181 944698
533555 832924
577864 614931
259408 760285
215439 846139
308890 726793
598702 859999
932888 975254
681842 695471
123666 609006
40609 301718
743667 871997
497380 752569
641996 726848
602130 996135
601454 763205
105906 607770
664264 884015
188168 332871
976406 982074
90632 94621
719294 874508
444431 854427
259996 818964
710439 824936
65267 868857
147692 698750
38378 163918
498837 583812
475102 586866
19130 667915
333897 983947
267530 657857
174721 900714
444406 528934
984512 987133
453488 731519
405639 720836
301389 772493
358670 738415
140467 838928
83264 402521
824392 933021
247606 380080
716630 741870
882182 967718
118781 565000
827933 911046
674538 872370
960310 982756
838733 887290
475008 894631
861995 890310
427141 872684
853693 981384
71323 486399
421713 944960
284718 719538
371314 776047
236911 564198
329828 455208
959330 966328
553287 757421
816984 994144
451330 467202
891003 892376
578146 834624
76643 612275
455573 647540
48201 822188
422642 637498
128662 187387
850137 942217
731911 820118
953821 986247
360129 915211
625768 973592
344231 797292
25398 431144
342239 836459
724246 973166
447114 536897
146531 295660
645486 690254
678269 701645
764726 930098
80274 312319
226331 834566
767287 792638
10339 869395
458553 981275
756118 958210
344608 923660
869279 990646
690983 806192
924277 935178
355023 884440
683551 736528
818839 915312
825682 925656
235643 772032
465410 670667
236985 472370
975874 988358
368132 740477
834297 903592
98599 220755
990070 991015
417457 516921
674836 727846
736126 880595
815977 923273
62418 499547
949957 954076
856172 937141
866250 872844
72416 534646
592498 944080
475473 772121
31658 963485
501120 544831
977057 998415
131924 444821
582792 585612
29438 714005
780923 856239
466952 545425
778341 984752
869213 976981
990886 992364
213796 925966
154648 275258
643873 952672
825232 955056
836803 918136
383751 647149
976493 996920
446081 566637
703593 928551
604073 841724
941970 991247
512120 585259
443247 865526
915644 956552
97693 305707
577962 835842
274956 616793
397709 653804
309945 942800
348100 366873
966738 980367
750453 825495
872841 981874
878597 957798
904345 910476
5462 433557
387098 543416
335562 820226
104760 835387
688717 822121
659720 802696
982374 999162
688893 774348
381474 462344
838002 886744
194610 856326
745603 920363
400300 742411
654726 990513
851027 928567
366269 643962
88814 725531
1773 230537
474355 711890
895647 928788
21283 856522
350355 632543
494387 625485
637608 969219
23721 47151
122123 642299
396593 972458
864859 904155
608231 691446
131242 687438
620816 903449
54743 339182
166396 953478
877401 932425
506882 523031
903728 950774
48165 520448
115354 410156
59000 263477
784213 854595
810109 840641
482290 964579
531623 925304
41984 946748
437351 899667
947415 948288
947829 970168
661485 890908
88405 427497
595539 661787
914034 937286
894958 907025
105932 315841
129747 155515
206910 853344
996690 997796
29701 656455
692755 807887
983816 984925
97472 965430
673159 794319
316029 350620
407013 876526
658712 924266
808387 938009
371041 845683
556340 957500
246530 744056
38132 468084
145512 504400
768996 837069
459612 559689
874465 899952
316108 513326
109157 208356
799466 976612
987311 990050
204965 731837
858091 983615
145029 391063
912394 967153
812579 914673
417768 980947
20785 619462
547089 790464
714763 805334
436578 472713
814197 902029
735859 784929
432621 576416
967764 969095
321218 985168
489890 818998
748882 987816
894996 909448
817993 971545
723079 934545
45318 110191
540661 835331
888991 911642
607008 935895
825838 864931
652226 740066
877037 991020
325874 613838
158603 170902
358602 382050
740800 886260
975301 979827
355784 558357
69547 683564
393056 632457
464539 683091
398472 572737
495491 676614
672452 831706
587273 736043
29587 972721
2705 739817
354723 858268
675547 730625
912292 954038
322583 436126
236686 488526
697730 908872
100657 446967
780671 918521
414202 700044
997298 999030
407735 929591
783822 957270
919515 993611
838877 930461
300002 798594
98428 692747
871209 958906
945770 978686
137567 215366
88715 762201
916470 949726
190120 395050
947823 948803
552024 812269
413866 537446
957302 978158
629801 888881
7207 456407
31700 353714
242256 868196
352847 896563
743108 994463
933199 988501
615113 882477
927490 952399
576510 931271
409454 791705
286553 453380
844682 854780
518908 932020
413344 930152
840131 930589
699910 980051
438692 682202
391343 714715
103196 118046
510473 569338
26257 629366
326683 919160
381558 658152
779319 954497
435622 550212
806345 891282
750410 921084
569821 665787
361351 390491
748119 808424
110708 454942
212151 883571
991805 994090
892458 895089
406673 632707
760994 894969
617275 769671
293566 344214
120909 166773
749336 870772
414911 803177
593774 621469
357221 522760
149042 306712
95870 364563
941320 992361
978304 987461
556077 739176
202001 531488
505895 525174
624274 718997
18009 409583
871524 996475
335573 858108
313744 519241
131159 146848
642185 784287
216086 280241
616877 930822
645561 717016
601954 637800
548665 616806
179979 415984
309420 774126
269520 515721
797140 871452
295039 566404
91744 562893
396399 928260
480805 710616
76851 506506
104375 235993
740109 867261
143088 582799
615575 686440
732404 777121
85312 858906
389646 726554
179783 682247
238203 761938
757613 964761
331362 838153
738976 964043
608538 677096
148479 617202
735755 945352
561137 799312
152030 371245
998141 999688
473885 528612
606614 967601
828446 961291
90694 244871
248872 263167
179772 598359
33419 417173
785609 895394
959566 975115
651455 865989
46334 964841
256902 766217
360271 898966
850432 897847
775639 824856
387442 728181
674355 782044
868597 967985
159294 944256
334839 797636
306203 450363
156068 533983
120813 438006
404716 946758
510167 607497
784772 991131
416897 869557
480892 999438
343070 434416
550433 641218
335953 835157
361574 546520
196377 305977
336163 798105
399345 702137
182718 248483
441021 832767
820961 983396
609425 627835
752940 774474
604900 887168
236873 291422
729164 900354
951839 969465
476762 748089
882817 947087
624998 677396
927906 936333
761866 906134
335867 560842
119313 756691
570184 870562
926306 951353
904104 957706
713728 811326
412028 663699
34889 200576
16543 246441
373921 835919
88265 904382
568270 899918
155838 253664
803915 828798
120800 749822
193821 833650
897093 956329
891934 959042
931650 949014
822667 863677
110109 827128
862895 964521
107253 438809
607162 883316
881586 966829
335442 780389
608031 860948
446083 632292
297220 982430
430168 545770
622583 987712
368493 967960
866100 933143
755965 808680
85600 300282
223162 321745
44353 900779
407070 646311
348993 649134
702459 715558
46360 183066
591076 694260
411288 625208
383420 945613
444946 718366
251906 376000
739210 865048
800100 914297
870954 918614
534061 545669
322041 938999
855474 970271
881941 903933
805828 986662
250810 252348
227901 937068
789321 831780
655633 663045
304180 709477
876033 973914
496168 813913
82939 967570
565396 650897
366763 680036
955898 978267
849664 971664
846562 856180
886251 908490
518078 982261
215539 365643
847530 981695
557862 854049
827842 944929
326453 353461
641834 998049
512725 559873
239798 402147
118384 348293
195912 873821
179721 220265
439453 735928
725552 900396
878557 892595
344449 763259
467629 945106
812980 911032
805391 866165
158645 677125
155504 927550
278586 910310
273177 542556
603965 763395
91360 720695
827567 931389
648912 811577
42981 182863
567514 746249
819679 963960
626782 626846
78925 632054
228193 369491
312340 355271
860637 934067
4212 178309
709942 739173
908248 982524
139287 257390
862315 923535
135422 437611
585025 641253
189488 248235
619550 837320
923904 929909
273690 665801
299316 622291
658726 962631
868817 887721
56457 906603
582683 780296
317215 872012
389665 904663
871824 999992
628383 796335
162140 245002
744464 792408
312251 346396
372259 698728
629790 834317
145044 519563
154158 898099
3002 469464
925317 981082
661766 696102
664281 725495
102255 465621
291521 469870
401945 476932
595087 886430
812116 943820
794257 809678
817466 823235
533073 714333
924244 947378
830474 938957
591798 691858
455119 886491
681527 771281
484751 698756
179542 480925
715272 764612
672684 830049
700518 980221
940326 987144
737185 904982
456475 464772
49947 590798
554467 900950
96733 634093
307341 590355
856842 964875
630035 730562
60090 865375
259494 297804
136417 379499
346207 686165
44771 869329
534496 798873
912528 950914
82169 807623
379512 664799
819494 984101
726770 788935
990873 998359
269375 613512
730709 825813
99319 512112
563087 733985
682545 938121
482851 483276
479347 923870
351254 951838
791154 899035
605970 862419
891966 906212
995579 996369
364210 673990
270900 349136
919701 993868
644206 789417
356874 968812
722300 806957
200407 973767
975754 982109
348275 439096
743847 995247
694815 708020
381296 388908
871143 937096
175531 919190
131122 995694
563049 845640
512666 620036
401884 892943
229535 881124
946601 996172
343990 732368
366982 738525
745061 748603
992101 998903
870172 953426
718107 967152
324868 609669
966459 990773
834360 964566
986007 988872
222747 823514
98738 942902
89420 972134
751646 756380
262148 517932
142690 762660
625646 760100
926418 975547
344070 655498
654701 992298
331950 972568
61291 332575
323688 732575
510827 890950
686062 751951
321179 687964
528641 727495
16267 408615
705814 731820
639544 822479
622641 950244
848236 940902
816430 991770
857781 970946
342437 907062
355904 685433
368635 416891
475052 844602
569667 920632
900245 933981
907549 933957
76647 619837
878872 893442
856516 909637
409470 750394
672637 883737
483183 693551
934837 966786
667564 856756
92532 247120
760445 945990
987748 989173
777051 864490
478709 961276
780803 940598
191637 664964
584817 811421
976492 998549
633123 932629
867164 983106
253920 721635
337857 799272
608074 705933
299857 644597
236967 563012
289723 397385
413136 930071
603702 898336
408466 712040
753560 768289
326189 883005
163825 894561
61322 125322
677561 922664
659082 918690
623739 804112
7367 140376
709725 931163
341653 624174
56274 670756
378251 403677
159041 704617
454998 682408
139842 777217
611327 798079
505024 785329
715618 886761
173733 357999
893653 964134
597317 757428
348099 528420
689735 901295
426103 906961
766783 835013
616897 617306
165211 639300
240010 927594
309842 428436
399730 756221
822078 895201
901988 994151
985296 988941
383956 479052
258119 596478
137907 910630
176198 772163
223324 567252
366040 990753
447468 636277
203926 421209
263575 580144
15730 605187
974565 980493
597145 835033
798730 828077
605596 736824
680803 778916
965113 976702
880834 933829
636034 640655
38324 497660
840068 895374
138918 927312
217089 471883
273377 510110
716585 841110
733873 993966
390177 595368
778173 825750
693663 973522
338140 506601
72589 593217
101298 353897
959960 988002
943683 981845
315808 522011
73776 818061
698591 857354
523194 911551
92728 924153
926916 935776
41066 781253
757400 947674
676394 716640
323371 760660
929082 939007
290680 555948
465559 703018
737659 847670
572735 823651
20072 911416
113517 415157
242703 950697
157303 214520
577554 719382
179237 571918
428539 817918
639875 896267
160664 368208
399161 933678
185792 762983
610292 964193
994620 994920
386874 645636
547919 587082
673051 707013
255953 754974
616280 897979
371951 826750
315599 379759
877916 964409
45240 442606
580183 953292
841739 925404
991702 997507
275361 660877
436920 468892
148651 847484
723543 744613
332928 395539
242511 262874
811673 863044
537791 767176
395331 680029
36908 271756
864881 916301
748967 919666
663190 972644
914902 993942
829866 948437
450676 774621
92198 831861
397618 640238
231420 819674
231761 759219
51084 419727
369500 884451
908955 988325
406010 490152
377994 899775
989345 993741
342011 692422
252875 265568
789151 994394
761027 857669
264974 894568
814466 920942
174294 717846
243381 876149
839538 905375
98465 572072
405952 687437
744816 775118
812693 917785
183742 720316
393082 419099
999245 999854
811799 867584
702077 870583
289926 626495
569560 800694
169187 881409
876167 935854
901619 937725
870705 901276
912091 941677
132474 596963
788710 803477
67418 192999
122702 309055
105801 411235
133803 439298
637086 847480
296784 342803
575818 854320
737076 809534
219846 823164
22798 251246
836561 929233
186503 805768
728096 837376
684803 934109
940628 948727
901139 986575
749744 936973
716369 866435
834790 952409
76387 853019
627170 975287
57562 128684
207339 519888
811852 826627
668338 908997
461719 639638
632750 996921
23874 859060
407576 637990
477681 616427
843012 929108
644509 821394
516693 998518
650648 675296
214609 296463
87114 207653
956358 978703
463122 759408
764676 967234
1639 137241
940495 961477
996613 998933
481820 547677
633979 673281
952177 973444
19861 402925
536677 975860
772339 832877
223143 606238
169430 486314
747301 877513
622620 667730
444625 637655
784926 951413
95495 662696
325598 335229
282323 797885
134630 136286
266967 576029
652118 905271
876875 883147
689595 961771
579677 891554
537565 544095
62361 242297
10497 910273
185276 274074
442838 626797
464222 812032
714392 815320
27248 111995
512903 868930
910093 946279
911048 987263
769551 795172
113269 532645
836386 988316
871821 964156
470282 658775
447521 852856
254367 704731
815810 945139
825850 877569
849941 931211
565276 667455
506975 510713
485764 863131
902657 966711
557952 886735
663511 902767
576637 821997
277012 751745
435819 708728
976879 990588
974544 984244
60928 263716
447766 488495
870429 969492
472559 767424
338483 626743
819736 859404
818338 900036
270759 459781
623151 893961
241462 563271
937014 950240
483710 512993
779370 954453
836904 840903
583386 608921
450436 499960
387444 745913
526019 932906
175100 395161
396029 814742
279724 445925
160782 407050
686106 802011
38672 883872
684880 765308
961359 990148
899818 966881
4452 129262
50569 386472
431151 832750
289399 998452
937612 941736
182688 610515
798775 809540
86356 632352
620619 673369
394931 554692
26856 332677
956146 962207
200702 992512
200102 850794
202168 231025
686152 944977
657491 907004
373102 557908
711188 953786
253331 682803
390139 612461
635382 950679
275986 865317
481602 938744
950122 994513
477195 954695
380335 656708
318923 717662
639326 702389
632961 742929
432434 717242
546679 658003
805355 902182
89004 236743
579696 589204
688105 925115
657533 895075
529849 833910
275731 871308
746411 888742
598095 938903
70097 562872
803175 914632
829136 840640
157706 926864
9367 103296
81562 853795
547820 780829
583133 674932
681110 870187
469758 891412
132749 855319
905105 916732
864111 958632
108178 977261
287895 963972
739980 952461
802924 861695
743829 939818
741421 764223
875156 881748
134834 597062
663949 848834
175909 473738
79874 735973
101959 132632
641439 987733
771894 802453
83543 505751
350122 684276
155138 973245
729601 936683
180289 670118
140473 951524
968356 972043
183711 891215
852342 915941
562898 872904
959642 970614
216396 529880
784751 894721
783735 912469
6543 946587
248097 880594
877230 913831
903880 926182
285207 799901
485943 722405
890827 910418
201051 664248
364829 918561
139691 915426
941999 952315
428144 440991
113437 563980
46859 469751
368877 875057
741142 917383
207920 473941
248797 635810
953694 962608
949275 981518
927402 941485
332407 967516
835861 969544
668377 997193
794305 989983
284716 620428
715020 986482
636249 679600
88967 319903
187151 730453
707660 984624
970000 980069
663384 760897
326009 483652
190121 711047
104477 498612
447880 866903
844038 888526
828541 858345
196688 553224
985486 988589
960050 963197
751009 947730
554639 801240
805759 876939
46524 180058
546727 644205
496688 650783
787539 860260
5438 450658
964440 993433
159029 241366
892836 933542
91846 741596
136014 498101
110489 880223
940486 984275
967999 984141
313697 898278
212526 445433
292743 894898
71263 358719
357190 376726
995364 998752
997270 997320
97739 141444
139500 277719
977659 993974
72503 134583
63605 490206
359385 598669
47684 826138
63070 700445
357474 904740
737403 752967
604747 756089
919404 952966
788741 791642
628368 674672
958641 965501
786290 963733
884372 967282
859102 987526
757225 959397
247387 274388
697900 725938
921243 922898
370101 711747
939633 948998
871654 992762
746641 835338
674057 800684
837758 923864
906114 989240
14672 713513
597874 837511
415133 721150
332600 960949
219659 400029
446387 531576
103920 672076
252299 389210
280688 763486
253229 362038
921709 929362
428746 705375
547550 798081
996743 999560
131148 463293
503352 739818
651365 715450
999745 999815
215827 921264
290402 496325
449828 742589
797732 935965
718900 803971
542375 757069
996877 997794
742801 908409
920257 997064
122480 567926
42917 975391
524331 884713
107834 393201
331139 449927
500659 850188
732803 997671
178878 933805
863784 887949
976498 980127
248788 544878
326072 986098
301929 446124
84337 168155
507879 986962
997010 999861
206809 336412
498660 689488
447531 642516
638375 799542
166766 998345
698459 701618
581677 637433
225602 953866
501559 550443
44594 464735
33064 216989
433508 649391
788344 924494
343709 556982
392557 934908
644487 829681
939136 992700
920482 942491
546436 881935
45543 425887
943911 995231
61182 472863
533965 618949
73944 834091
635796 680002
635185 781837
473952 529485
960170 999358
493720 695886
49401 192611
949158 978535
644197 729220
714252 971060
427716 772393
67208 709590
173386 660868
144750 720160
48014 279772
698663 771877
786304 921803
288106 539276
499084 746380
213251 442523
552748 789280
603684 985342
285390 597692
856490 963994
506208 652023
298114 415822
453741 787727
750374 980440
973926 990501
488515 561012
220509 692161
780121 793564
105289 204474
926218 996645
669031 974323
844333 949477
550466 601712
452973 998948
716393 936756
596139 675594
844886 917820
207060 265063
714177 955175
358444 408255
477666 793649
191700 882102
966329 975072
84615 112639
394699 869136
850670 982462
220800 489820
230402 597835
368483 534132
44991 468993
662361 993599
468880 844575
465843 554769
414170 982606
828743 841396
803150 927245
258152 506074
36392 103198
805721 913577
552120 933845
911027 984296
199372 807494
908698 993404
835030 908848
403628 506408
901092 918013
521708 855408
272550 339783
383093 636573
596853 887752
314834 842410
163918 461981
64752 136525
271241 331833
700190 828812
803573 950558
245289 545106
341257 778135
105098 960849
63451 671000
772928 814693
426194 511192
264731 874103
132574 618413
46192 669595
18703 32268
568166 746380
537890 549781
777714 825583
642585 669000
221118 470127
224032 619762
875660 992154
53735 941317
489299 733112
925191 962531
918346 928116
971116 997187
426267 705004
55261 812438
601543 639185
63503 936810
281912 799036
891841 904326
355233 595395
162158 954432
468271 601852
34395 328974
624608 660471
25548 393104
493704 721347
698602 960070
675423 915172
871806 920869
168486 783024
326864 440944
999418 999861
230763 699544
828595 979832
887900 969940
241076 636963
326535 654922
544747 946991
687980 973827
947080 949111
817923 984613
992759 996018
654306 955338
92731 449572
105661 248845
324909 488656
416054 515145
291041 585020
981367 991801
901290 925755
782708 855726
578096 687690
452880 556806
251679 265903
558245 573261
730924 887142
164633 781777
283016 568833
128458 579239
593362 926088
44789 773371
862500 941813
65992 967082
243714 253497
823623 941174
625379 767479
936490 987528
899164 943056
698394 890906
81903 739411
126849 411403
933127 977080
797166 954198
958208 976479
276918 400948
146132 460841
965772 996478
54730 602934
392219 834130
955929 957923
999591 999815
753928 798487
264515 922115
601001 907204
901126 961283
534061 873924
484260 765201
297775 443036
899791 974323
117457 311984
781159 953437
903449 939985
134563 965183
273069 358023
430678 670406
112927 943316
132212 293647
963273 974629
543671 639686
330412 512762
863560 932593
611310 619943
401082 808005
421333 975078
319411 987864
956227 980904
4139 543906
987518 992620
811307 908276
798509 887249
230100 279466
278296 824631
448920 950378
97201 645471
968371 996403
289195 442620
708758 877185
842446 999068
704241 827289
855658 982273
729145 876751
914866 934168
328340 789992
910703 995979
946681 961185
447456 518077
135006 973480
53259 779516
324865 528581
214234 668952
785619 910930
817359 939009
117202 336012
397522 838924
815348 993273
675039 749057
653882 834670
736685 844646
337506 662113
193765 845761
223229 864115
120280 802624
212075 498233
739111 871911
316609 902141
445417 767346
236189 525428
121201 889663
75141 754661
551694 602726
928433 942276
681120 714036
410125 436618
690059 892254
990376 999685
827034 995704
884652 989303
643449 728522
413845 489114
151041 955999
947204 979833
226252 346622
668429 819484
742724 940092
533116 766839
363701 507341
401279 702739
268142 565718
713673 916161
757176 791230
467888 935877
981885 986923
196766 665778
613136 990088
401165 416757
488619 649494
196248 472993
848491 916587
298918 758656
736653 853983
673705 744978
736755 998422
693233 713008
596569 658231
144402 144876
191285 212156
517510 876670
818028 926092
438894 770667
192193 544202
639814 656084
91762 712373
537113 671484
216705 450609
703023 800114
579139 584674
606894 642159
490810 587231
213684 742775
428711 690998
425026 758041
738034 968032
586867 798341
548040 807059
279606 554882
83229 253080
45533 685687
885854 912482
722608 854206
465818 551046
732060 974935
924230 946006
621678 677687
107295 619218
543724 739028
360822 836276
903436 975775
625574 738894
143681 873552
288781 479517
980761 987803
973021 989558
546790 828761
319976 840417
532126 600273
853231 962898
310291 398679
260693 857298
32433 260411
830578 993322
512965 997683
257737 746251
398563 844213
918478 979601
630997 754779
844612 883201
211446 562257
697420 997968
66815 615927
683887 881835
646534 764903
494528 781082
336484 512211
767755 953571
415989 585993
449079 504060
430461 704747
146337 577332
705158 728438
884184 913516
738253 779134
519887 862824
931427 961575
869720 886395
502000 863430
380869 640304
428075 507109
222076 708899
308825 603270
150087 280519
82545 454344
951367 977150
411709 913201
266629 574547
133842 978410
519746 614392
61938 446937
951592 956511
707765 768237
732716 999729
486565 633104
68407 947513
343819 453288
263211 855863
927644 942038
662280 790202
235325 658532
868719 999355
400749 966380
763865 889155
721108 933411
461034 804412
476922 691354
715300 945025
822485 935774
974558 988167
464698 647700
766060 827519
954439 969699
104576 899999
314193 841010
548019 835775
31504 677161
878970 974865
338818 418481
834334 986692
201821 440761
958485 960353
407518 576553
802989 978256
347415 987133
348765 858350
912593 917089
195324 584049
347120 676052
147303 689724
325304 695793
106696 286582
345393 982616
50226 517818
225340 620032
253333 538728
369330 461869
870768 888118
171991 728480
862206 972110
96937 559478
359651 906880
136501 551269
812360 902478
801674 869840
430672 901501
57856 576604
725254 825643
314076 430790
875595 881161
778933 979306
601138 630046
667684 881694
455439 728618
858411 995160
158154 899323
466188 596378
690427 780450
917244 964250
764477 921308
526838 969701
322951 871653
389842 629738
132299 569462
596536 661585
540870 943731
978986 984979
488619 967275
778084 838420
710960 918407
484267 556255
113656 400928
248473 550722
189488 761591
707548 980353
404343 863747
374919 868942
859471 885785
991721 998849
823423 906720
467236 489197
903158 958622
593475 799330
61804 292830
501910 835145
710696 836547
690380 968062
284762 858729
161857 201622
148701 824445
784681 995232
841340 855138
936042 950084
693502 855745
293199 465485
453570 728761
595085 728425
663948 980126
135332 181149
318362 753287
843918 981590
33823 837083
594093 784707
961200 997093
177993 389595
131750 856413
264782 740664
136080 384096
641159 818180
612365 617800
459032 513817
143666 216525
175267 183380
33352 373262
662609 793730
791411 832918
568589 774205
111926 577264
733851 962165
362445 669045
888030 927121
103243 880272
368893 494496
206251 301512
630359 776114
474637 625986
6579 774020
794486 804892
83291 815279
280926 385872
60124 964141
340725 720492
470995 487520
254547 617384
730136 861666
301211 875172
452581 463360
271146 642496
484783 498576
292676 753408
891556 893202
402803 843525
977365 982221
382239 973780
494762 927931
901538 980193
710381 794990
149120 653847
851803 864480
969154 998600
625163 878263
688709 947414
456591 770786
557156 977563
200191 845643
360123 567453
264493 676433
911725 999025
291284 640596
346849 612719
340052 371888
489601 544736
732215 992129
968927 989811
341659 942541
605498 958567
397293 686401
103008 456810
268828 506499
363861 674334
530090 759009
85983 716551
258931 329495
35575 120663
83156 757544
919853 993802
176001 328986
755511 763599
897071 925787
272546 314547
382682 790638
785832 987520
676039 944080
450974 526269
875864 950820
494619 741232
181963 796787
606919 739711
151717 356744
186817 625946
263648 829068
564564 718000
208265 489537
234309 908318
68433 101292
326668 533402
683788 884182
96428 966019
86171 811456
182623 810816
479758 837744
723822 858978
12364 697968
800482 877523
857768 994827
55016 80802
791286 887895
921507 994865
629149 749619
637399 968978
828417 968397
653686 736313
393597 964588
146695 999055
583049 774467
439317 949035
979665 993680
955189 991226
640136 780421
758250 855618
906838 976275
863617 888929
774625 816211
209571 550449
782971 893616
573067 758276
406887 631355
119150 225737
263688 334820
451741 825135
117285 862032
877234 985480
320616 446359
98701 499362
551180 794453
623170 950609
698648 800870
404147 422744
932161 947245
806111 997671
902124 912391
271251 612636
238472 456910
687281 754739
344504 742102
166251 902178
947233 949564
236757 563255
775082 814699
277810 396545
460919 961664
156893 455124
737410 775883
368876 991315
966923 985496
820940 957981
38519 411010
583109 760909
923987 987672
621075 712343
706304 761599
75017 130638
192425 209062
760764 885928
525081 527852
286217 737750
508809 736837
243701 390705
561345 973353
860926 962930
348095 463238
746221 819022
736600 862712
19684 293039
489220 505741
927338 932916
476652 800286
271946 622734
34280 293994
231936 613888
504059 649793
186939 222809
447382 531211
256668 327600
818154 822963
483475 743551
666446 924282
956038 989411
943981 949502
41010 593594
443871 556262
358388 971749
553854 799205
736646 923561
172318 825183
628558 839085
596238 818362
690654 991835
353775 983140
66040 101131
419063 622250
855157 900015
480544 958827
775372 869237
242609 675988
22624 330513
797885 798508
634696 978344
887841 898510
867991 982190
239011 297237
66586 479335
936134 941240
556837 573428
616513 816959
908638 987382
967742 977163
879494 970630
375089 599925
36934 143193
882512 893200
107010 429455
115630 743989
314459 569289
934599 975886
304661 327559
861551 890460
316751 824585
867315 908514
50777 791886
557643 909839
97804 782884
719014 723060
473599 617286
66392 797831
755265 858842
511839 727322
297016 699593
257131 511107
243918 430201
739002 839956
799232 802563
19300 471284
230710 599236
234768 929968
327322 892075
972750 983067
968549 977466
284555 699119
609352 645722
208721 521741
331771 809196
294458 973806
386001 666197
370403 708818
489050 557843
611184 950763
401279 686628
815736 893716
934213 978160
225386 246165
654808 683182
643072 924539
36378 645281
880364 908113
661892 838879
84148 295570
997516 999510
393580 819579
285989 364573
372358 664028
390776 543180
357359 636688
829710 860618
787999 994762
260246 483501
342724 663825
352701 422662
307966 973153
247885 313702
702313 934171
521141 697606
647827 842665
850775 888745
729698 858912
703576 746647
835347 953111
293908 660438
70523 899445
935972 979773
262946 613302
489005 707117
806880 812165
467055 767191
109409 971220
674573 745444
468215 658567
122200 687886
197136 270245
479287 636482
732521 872287
148952 683921
904984 929277
748583 791889
781416 797083
865723 979809
622518 795802
580642 951000
882278 983616
712074 999139
844811 878129
301682 356148
74584 253788
18654 198744
205035 226415
848402 898707
221771 541803
465914 819144
533058 639472
446295 651028
208686 714306
951042 955000
627476 683437
401820 754393
775176 940843
969782 970942
40300 655981
304113 846841
649601 950077
803732 946769
134491 474646
641674 654832
198770 206567
234960 808175
442077 775599
324248 519251
291200 881133
885259 994185
955115 972696
56076 449915
699764 772477
166885 953407
253656 900355
281524 426138
61937 288207
129405 964893
101846 829597
431375 995612
454592 809955
801597 957055
849521 944722
855232 933204
81609 911577
93684 423560
292849 376911
811399 975076
414722 447105
729606 921953
492588 995114
161336 439456
828921 911203
663022 812857
690801 910951
594958 943059
828793 993261
5962 869434
668560 992250
708085 844738
988360 993479
483337 897456
308955 445948
336001 968600
548763 599582
563709 965586
358058 670624
153594 790262
692439 837577
322163 670945
183203 417755
84768 826675
100534 983011
112675 523302
513160 820738
280752 735306
346475 417810
662458 906911
25923 508315
200271 229189
185543 535116
22325 26646
659892 712755
771385 845802
414530 714892
181040 293988
705453 834344
111193 416484
531701 639004
125057 874031
425727 528742
542397 893076
532917 703359
281026 929496
138221 965250
256496 638895
2901 597834
64653 663744
639396 735762
508103 831809
868463 997844
60407 406868
48610 955014
311924 913489
291786 729133
578465 829472
50712 699609
126292 255110
25060 951057
43684 652713
624187 634374
725373 763015
355024 977576
701602 709938
117364 349689
504402 636545
801444 876890
355304 387169
668684 849573
296703 457389
920162 993367
492894 957947
524845 880641
887478 926089
613628 970928
328167 465359
312691 636670
966904 971128
356137 888083
6269 9998
118991 485307
949873 970661
290228 717329
133247 662725
882425 940269
142615 353707
581257 916805
747350 846677
954711 966602
926948 962332
456188 578321
374778 623278
918157 941996
981569 990400
87822 712710
564744 667538
288196 587408
514227 929252
523917 989493
580073 923472
350223 718446
449228 594696
764066 888838
299091 585483
897746 987061
51647 868136
814664 920757
626429 656111
59186 880095
220936 922824
94375 995450
90374 207673
563624 794711
941160 987303
743307 970169
209614 690797
531675 745687
22722 658234
169740 643760
35979 368416
178278 345826
774354 974197
202048 507724
487409 838398
125165 825506
305606 619104
414555 960045
661867 801119
22820 671971
127152 760532
974836 999308
56265 239141
371590 846909
781214 967006
596629 681291
467875 951379
921805 959465
686347 968289
36443 298962
782102 841927
185333 199145
271557 498581
869930 891783
942288 999830
396992 940805
149635 558930
939802 941856
275408 675305
476620 482043
777510 795820
412920 931255
789624 808475
606508 954911
494495 993912
217745 331203
432512 871834
668995 686143
960877 994606
333050 547681
295765 976675
578235 878822
578530 780404
473498 931960
958244 959030
397991 556942
441458 664296
725701 856338
827416 916025
272520 335806
703352 990868
529282 634287
154549 963127
806929 819074
570528 960331
655205 781087
886209 887731
242498 510312
679281 912769
873409 875977
914906 942587
96468 108479
157930 458699
819417 903954
683546 738100
310405 314660
155616 384303
836332 957409
461445 471359
586979 838504
426297 447525
356570 456909
999756 999842
837373 927745
31329 383503
923415 941943
291606 465500
675587 810447
935364 973231
424785 582820
614999 932015
675147 983275
781101 984156
875314 953995
581249 802596
697447 933236
109338 279046
489111 700443
643234 754793
588274 739452
630327 829226
400404 901532
360738 810916
600613 851049
384617 601405
568766 738937
798118 904089
381346 742609
904777 974708
733934 931754
595874 906435
973308 980325
176113 431676
873695 876763
405971 521293
379189 806028
522108 713685
358149 685213
148792 737963
18584 138357
418210 726635
790107 872375
730908 934058
196547 934567
74137 495057
44157 714868
394154 746820
585807 664949
240806 637884
676989 802202
864337 959335
641950 786942
392524 746455
137155 476192
327292 759833
1561 358174
424272 677677
768929 967547
435386 819109
431240 807947
869923 896767
851654 989413
496746 596695
291746 705742
252974 719028
143026 443081
611209 976768
278567 977000
289323 611112
878692 882716
66646 577009
637386 763578
615990 889465
609045 784852
855732 879756
114957 933987
905169 956919
80482 119221
513962 849778
501992 587534
158878 848863
662717 885183
690409 988684
246563 500465
344441 855129
281549 491091
979346 985044
166335 990801
847248 974658
465673 679471
692651 755745
892725 979707
697987 972776
937323 982511
929395 977182
554440 631808
87393 441914
278387 558337
280410 862715
784241 855732
143664 967861
770627 851995
758552 965503
15912 641071
184153 385993
595602 849584
923106 988287
186432 819788
362896 674315
6604 319817
31710 314062
470893 662919
504425 731553
341525 859047
952244 981297
215691 505787
963795 968226
139785 717683
117791 694535
41366 787390
466522 971797
753575 980828
901513 923550
235047 746933
376610 687243
292059 470832
144997 181381
755452 818793
86164 756647
238172 320499
918513 936829
180955 404811
82053 351138
309833 560123
937507 958041
838292 839031
447711 695552
591112 874664
814045 911351
534239 629139
244207 876562
739215 761601
540943 542768
795623 844406
561243 985342
598383 707565
620254 778353
926251 986969
297670 803345
585393 738094
569916 871113
342112 847474
564080 879400
905394 970792
462333 750673
167807 368597
859454 904815
935815 941163
964193 977427
790903 827217
214271 958734
979607 987496
118771 636212
616443 819128
844485 867622
788150 860544
683165 811809
462851 833911
516225 870632
60293 483457
216832 805117
955860 990598
724848 761269
637271 839678
644864 868744
885378 927556
574256 623332
197827 634416
216681 835652
333371 798368
176298 912661
625695 639209
237047 280944
392184 500257
701665 937789
184438 925472
934354 967231
631388 965705
268407 815117
523724 839690
376959 595608
467211 891504
547669 965980
365839 872769
879531 891464
537556 736393
161188 225973
979362 982651
185759 248996
596794 736326
226079 231589
976735 990086
355820 909477
39350 81553
847510 968637
7178 14131
409692 739479
427746 761040
558800 742053
419833 489556
74369 301380
150889 622716
494250 613325
400151 427897
387287 892416
479382 691299
222978 855374
826080 876832
983625 986782
269565 549282
386160 623998
522666 826638
157485 588015
75550 221664
960772 979234
41407 276936
269859 362060
886269 911376
741748 955971
758822 912444
827401 839236
933846 966033
93179 418168
278971 753445
791959 853434
411001 753667
81729 254899
586172 791678
7219 459784
419973 672142
661256 680545
904300 956961
971521 978909
972945 976886
569069 746849
385143 453651
45579 774114
101955 804344
122459 593920
326776 989841
538564 898172
218326 287992
546502 614632
326100 343509
899742 946287
934445 948858
813369 859530
661990 836988
267006 748200
575777 764917
484633 933837
795394 905699
102345 365097
719220 895439
386420 864265
79638 676520
256498 662524
628803 885757
73541 314539
629676 884104
757686 997197
188020 399538
543268 900409
394837 966761
832653 862173
224719 476037
496102 689307
531564 550219
526531 827352
796527 959544
393961 633977
670531 918095
450557 512096
274555 683034
60095 220605
878179 937801
374957 855836
243856 377458
231132 971635
928229 963292
381366 791825
525149 919817
274827 962326
300770 424019
63565 207972
183842 587943
735005 823900
765360 938802
358462 825795
664276 669547
190995 653102
789047 796410
838756 848938
664209 837925
16602 588083
5430 135465
150383 745068
513642 985614
41966 803224
892407 896069
451678 962795
742184 825212
987560 993283
793405 808942
687351 710357
433116 874212
133717 735768
864348 991491
568436 804864
123854 232114
111007 715714
306782 810937
143166 270458
878996 984618
987656 990654
828058 981225
855496 893727
890027 990343
363844 900454
461936 872163
711669 811182
620434 918303
976775 989283
228314 410148
781562 849724
819627 848995
434150 578035
582156 744057
222065 432743
216012 312941
547598 692138
767225 956307
810280 956557
705798 935241
359271 668122
554782 892346
608652 919940
888074 947874
960285 963562
621500 834122
802772 856511
33281 46828
218580 590126
323139 933989
93675 976363
502314 510009
644881 759478
573294 682018
654213 949121
289716 840163
22439 373954
809748 883265
190262 695688
487611 782974
886508 955059
206322 363737
624062 656093
326898 672613
268207 707742
970698 987831
586537 747217
523607 756048
56540 563512
624973 864613
929160 951501
176459 893608
101953 625981
780734 958460
918226 956774
176381 277583
438494 461202
215117 812745
726635 749727
419856 813266
203564 688945
27740 631482
414916 654583
627911 967242
128523 582960
152797 408022
412832 553121
204830 455935
188262 455543
497601 790590
33869 720542
651144 875948
145345 578647
512411 780563
837297 988809
422381 919555
569455 650985
957390 971404
881696 984612
846757 957923
360015 953013
971123 998573
935415 947007
680838 773029
965955 978573
410877 462289
460761 727757
847389 997884
949190 970338
347881 441302
309307 931784
220867 915318
402272 834441
848752 981139
710523 779754
259350 367574
156523 653000
461109 987024
652582 997822
367265 789885
794141 997930
980665 987648
349828 492505
106039 523147
766898 917924
317769 722848
406053 601572
480872 958294
213646 272242
933069 945721
844328 966249
347265 775489
598914 671343
738249 767031
3913 798550
724789 928703
868755 896412
715277 944426
35065 522868
752810 933365
232394 926438
39477 317388
862824 965614
108778 435143
540043 879760
41971 847376
807687 936631
362480 898523
979578 997956
228525 345137
993735 998109
511944 906826
304414 469141
925005 974909
995970 999054
448170 628233
434787 470315
523100 718247
605456 807239
186833 257808
285916 803950
874447 983744
463122 934412
82246 842356
252735 896490
313784 373003
938088 948284
344870 467507
75832 485679
843025 955061
121302 744097
578797 922879
278359 311191
13312 185484
816944 906345
487952 571852
397176 818725
261216 630689
330613 605106
574084 646816
225122 950453
352769 396852
654021 665982
244419 916968
347323 748143
736887 904075
578537 957734
753848 804408
681854 968913
988853 990992
70573 385618
485687 942619
45055 404126
803911 808274
578392 996015
726827 744281
244493 985885
442441 768004
743936 970681
706711 783360
818110 994990
68575 635150
563774 718763
363376 880947
611292 818341
1484 855979
804110 900864
680689 796757
46052 79736
925485 948508
722900 740585
266588 930354
411483 694836
763061 907049
521318 776349
913631 971629
304430 425548
165074 892663
369892 855088
648907 863487
336811 715372
587865 742330
188733 770904
424720 658017
875396 938729
56837 991821
386969 490209
411213 523319
49886 788363
290616 748339
325877 816666
60495 69767
602464 816140
162325 910607
265490 686332
843226 963246
906389 969551
998352 999158
890449 893995
422523 453785
348276 780136
446283 883982
5882 542924
458290 657407
816035 816747
53898 244576
768916 879152
185674 186165
921041 957891
172634 684508
831492 941664
710563 858256
231261 242426
117308 764011
438537 598226
93348 662340
10223 927683
895864 937150
81028 478033
288533 891960
254288 467735
838659 875664
167568 399511
288377 574464
726422 731597
10915 963009
917007 978758
151068 794526
773917 985556
421082 587140
508795 630923
306532 782492
10221 499266
16661 224816
479311 911763
640900 975514
769361 780455
72928 383329
468812 613814
57680 406679
6131 266514
943142 946647
831377 837817
24501 378772
201566 212265
545005 755152
627774 773559
686105 963345
175749 364155
628334 962594
367624 543641
719111 989432
902795 974043
214638 995414
85888 891140
934164 937112
501196 842451
1551 64833
906816 908185
558234 560020
978958 979266
329580 668074
58313 476919
199437 228480
647337 831854
27932 733986
172715 297171
375227 684782
112174 755193
759452 783184
619155 988591
557853 924506
860086 979533
275084 705981
732585 825321
543603 926535
128386 488580
5587 47135
744394 875751
577502 786740
503818 730709
792498 932174
4293 915966
317887 584386
96183 802122
505971 734171
38347 525304
492457 508244
808193 976756
183312 856043
487226 937419
320662 970474
678000 865486
32362 897286
787164 860313
36575 348237
570436 894760
459790 578650
714612 722878
241848 898409
70438 688741
953085 985176
718594 947799
253756 312695
547097 785463
135150 736520
469364 778672
355295 981718
718563 940317
998211 998234
217468 400555
17154 306260
171973 838037
666879 978463
167677 190928
845663 850675
376932 795417
184948 244637
602667 906968
567834 881556
682968 943246
986034 990834
298285 898654
841299 876094
233373 737688
257115 322948
805157 953502
840966 917473
71753 619160
485763 654822
229855 823047
994702 995519
342422 567461
311788 657407
260408 498529
957170 989388
968056 969047
141891 695485
571656 826888
415103 478815
83697 366564
754936 954455
424641 789494
70226 414517
503216 583520
538461 972295
181427 714667
343204 434886
820021 944627
772623 817182
574111 613971
237130 372473
158036 343630
541650 581847
507254 980970
350996 414009
816236 840786
749518 976478
887675 970974
747661 886274
481281 710808
973168 994643
429002 638899
618919 923227
879315 960405
942685 960770
699405 859586
247449 892076
824243 876696
971037 993573
559195 712888
108672 919022
5183 644732
423064 550372
457114 848267
173377 281545
650228 843382
840845 858465
283470 306341
887874 996272
771974 823814
638937 791869
292364 531705
372035 563339
343835 882997
938772 938925
986746 998330
827782 933781
553250 825110
652738 707108
502818 581746
455306 824742
209728 568208
878178 906954
141420 777324
347676 517269
598422 982692
598893 675266
611542 661789
455964 528026
857937 979813
36637 755301
70995 85430
197943 960324
466457 698968
501714 790303
387820 503485
940862 991974
418624 688001
394844 471185
858246 940300
179027 819147
4238 39418
615245 664867
921758 991419
136666 656919
619584 766269
719607 931846
692144 920226
670549 927795
731304 782049
202097 843178
273348 413399
974799 986500
855236 860775
75591 282709
706869 763337
384578 394876
831896 896613
385103 804442
866137 946338
316873 761215
193176 568701
969951 987192
326717 888147
21462 739844
196726 537551
910403 973493
518421 711622
138683 567699
918850 918976
720359 958534
528715 694624
503552 607393
90 228655
16819 437891
113444 708178
804687 909566
291959 595212
39933 984306
497222 810655
658559 897578
100629 307419
476773 569120
295736 372547
655674 820992
308863 809562
14884 416331
852556 910668
316209 801210
61345 849293
617576 847377
820769 886728
553332 919356
623568 850111
521025 641230
792095 963090
686068 974007
571488 822640
162554 984749
30517 642312
74975 125705
292322 859289
791378 854683
250308 364843
258806 369828
883121 899933
60595 152149
37060 492538
650106 946059
598452 614505
256247 563727
349231 911433
446289 720139
770289 909596
28065 143174
859750 970024
343955 670638
597442 761542
468798 590446
6270 195745
383539 714029
280473 352050
238660 500041
981463 983218
273523 918524
34266 886927
88285 639774
549511 819739
932786 963995
175856 610458
109188 615942
329144 637638
87373 933802
841204 902612
489548 650513
19254 486798
888931 955440
359392 500568
51515 734424
716163 771008
789786 891607
891196 959698
104077 354451
395825 949497
599555 762265
190075 712013
654117 688360
760606 938294
274472 550943
572437 834466
221845 275990
592763 899915
665827 747036
997982 999296
363820 503023
407074 429238
835149 975833
504788 767431
490838 967794
472114 766772
512876 753324
14490 17960
231093 306026
535192 594317
241950 956282
887363 921991
135864 503015
358573 979896
574806 839058
517892 593434
134084 449662
863158 967418
685580 735440
874552 875546
602985 738679
855905 888905
447566 736262
605730 929764
172139 970644
832478 974795
316768 337383
289850 777636
591245 937336
384477 935957
906403 996006
215731 921903
30257 808868
194957 311807
515142 769493
957138 969539
260507 392199
249334 947634
871459 980533
595405 957674
678085 729809
323031 500670
507296 588463
187769 966611
710338 959792
898380 933438
956801 961362
971861 999746
780540 824862
998956 999073
170629 275344
885430 912358
264592 768634
548981 964695
822935 979611
818530 948164
491860 821502
615893 790037
741066 750865
689002 700070
918486 947347
532834 568909
954379 995815
434134 808206
553685 932805
184684 711715
459728 567531
896308 992192
551615 597046
719392 961811
438566 653404
300780 571141
600742 813038
98233 738816
175592 254552
138784 149130
409331 583985
420804 701693
130115 454357
808095 976593
756976 830164
728965 740575
190618 657601
40143 250958
109402 134837
459889 975374
112784 191210
894372 953970
63183 260758
180988 417990
708595 909579
412923 771130
842976 969496
881102 906139
557617 703655
725870 957257
517165 706770
814385 855444
966199 995431
234018 441815
650708 954403
309458 447980
175470 686315
507239 690042
487612 695193
8074 319122
392029 505105
611740 921854
58675 260203
636826 971529
914580 930771
267919 507434
880055 894034
399959 926868
899807 987938
547894 960374
943742 999167
405249 417027
366519 943817
813910 940796
543683 965465
536644 771364
177707 566120
33176 985941
879278 949247
672378 772581
740289 871519
173496 623978
277043 862755
146768 378620
11098 301918
882065 903264
893567 908128
746216 812354
402201 546467
2544 221856
754215 905381
847519 941556
733971 953914
300521 783397
850124 854544
311964 821173
318776 583661
566796 997809
602416 921503
699582 938318
420541 478575
13016 916224
630550 862381
808344 927037
500634 546584
775524 864180
275492 300309
869219 944335
215433 424035
177977 498085
873612 977941
175643 243452
567764 619486
590583 826476
742410 755110
624635 842075
958505 962254
484958 854969
6701 375149
70843 428069
963398 992077
66551 871970
716627 801640
405255 537404
463275 751133
149185 248894
18133 546384
220894 652824
495618 606148
1250 589693
476174 603547
278570 638168
363488 775826
872205 881439
571915 967594
172976 951134
328178 975114
121503 145297
800703 884691
253112 904408
829115 862552
844555 920142
178668 381042
392165 561720
179836 808857
183145 660942
452457 559102
112238 581984
560722 754399
381983 455265
866718 937538
900284 914092
426235 455224
532053 992070
564985 873145
612854 755187
210820 765460
749295 974799
213506 555325
143233 374496
216724 594375
647805 857532
665333 843069
749424 769770
197833 292772
794408 980250
816382 894214
650143 775627
691125 852045
732986 744591
948746 978545
63531 194443
124130 191982
732587 961517
760588 809018
608537 916717
320581 670748
790756 960055
66033 192849
844921 937927
894026 957086
965871 985457
850808 916047
201916 795114
344785 372385
472398 721105
656513 959862
393063 570207
318478 909621
791392 959331
203694 954118
743313 977326
34967 913698
128967 214012
371577 885840
949572 957021
384892 864713
664467 781983
371592 825368
582818 935381
200407 852797
791958 833586
576624 583487
7471 639471
345710 916356
358863 533664
78902 249113
376643 804835
21027 250818
320406 714492
925 498656
846148 915120
584945 794128
369947 420642
969687 978327
448855 886669
788848 834793
721632 728316
666572 946025
514634 542204
68367 945133
511808 692116
228012 695083
936093 986715
25589 847362
291163 318129
823230 935660
782944 947970
275468 740214
420481 991145
663300 708753
545190 979617
190496 227446
212543 904143
509349 914250
569474 701278
706570 905947
883974 929713
306220 912051
146929 154592
322457 656137
798213 883876
712399 755648
679660 736530
663957 760731
595340 806187
758710 952454
94287 994350
608987 878316
534125 910396
677098 977194
136325 937694
537788 620803
854502 916120
113043 529966
477103 638819
433902 525371
198151 565521
875148 908756
19168 789943
917123 985831
277156 816861
363424 494750
534632 715188
730148 795784
771510 813533
756883 915312
504287 554822
923607 947415
479223 950740
869123 873211
264624 484426
380412 390111
414610 741713
970715 973273
926945 930196
103983 945254
644989 796217
888280 988926
410569 838307
155966 866783
112070 688183
518622 816900
467398 545407
762175 923830
452235 778092
525393 821103
634433 738382
681131 917952
371366 885591
832678 843994
671283 711230
538758 856518
53612 351643
153828 164772
626137 759100
808499 906144
573959 650803
615920 898747
175923 867364
345873 610294
107667 526363
874573 910458
487024 666399
998504 998990
235624 242091
465838 717509
566607 813713
475625 816579
201156 444861
642069 737693
343963 698370
755936 954441
500125 919170
598543 688521
472508 477931
514341 648534
421091 449423
977107 999650
121162 758416
184540 906451
957061 959510
672225 904118
855752 980963
301670 479982
58976 322215
477668 915974
229835 240685
645842 900483
721126 931118
454239 646153
484687 869349
45695 705250
651818 935775
373328 732624
233168 957739
235320 946796
274800 654326
444025 633026
31855 348357
345345 346722
903974 951766
858858 932796
51066 411251
636167 875394
137537 391809
437978 730773
872983 886643
524490 904438
248744 511420
442283 615568
628493 634642
298340 318140
965115 971013
741778 855704
691828 815091
998199 999193
321043 555654
759607 916097
117024 707930
551195 935017
167056 270963
677884 789619
677639 861690
568191 806923
911355 990091
328121 884267
842654 903418
843980 996514
512127 924952
488032 585111
179261 571431
853615 881671
628024 913629
832068 963056
295404 734795
829498 915089
724773 789261
231742 792067
839276 990999
482765 567850
509396 888121
494406 640652
95635 495486
833526 967499
10878 569175
542039 823618
637296 673839
786104 881499
403407 553754
203072 536501
864639 939559
729436 760728
669997 974328
751180 923176
430103 571486
315914 826824
322497 841299
508690 904325
828079 926102
381805 595476
294435 632796
533893 750286
10479 327303
156563 619513
362963 745232
516009 969974
521386 867709
537857 943969
292420 898118
267825 578337
505367 552606
266544 687638
365913 447970
256260 608472
495179 695503
651815 978173
383142 878951
231294 649824
943157 971585
972772 975061
317915 523499
647112 933296
449420 943944
309377 658534
233093 275770
912965 959524
46536 512013
605485 815091
79246 768072
405247 813238
508641 570316
737710 856900
788048 831915
204398 602311
833974 854000
946565 959329
372064 391090
796549 993728
182772 349572
178349 776014
889349 944761
299817 861749
354478 611747
606044 764891
81312 991361
134848 400959
906192 961667
982108 986039
41524 733107
845718 865455
823122 979350
653484 770334
254127 678146
441842 885898
789595 918310
200544 716823
615789 922774
226368 694507
248895 881616
10078 916119
177592 976270
416570 606243
879483 994852
25652 532075
66764 610623
753256 906329
359208 550854
699685 981334
840783 845157
230942 846427
759711 829559
101910 130491
201956 504386
396099 982809
157403 954516
318078 622767
887238 900969
431057 788140
38355 930508
486251 775102
8172 219746
49744 803699
438831 506293
959467 979044
930265 978186
230679 301856
681905 930000
904209 992730
166525 832416
332370 463846
771253 898742
69130 82448
68251 339715
214028 564402
795000 979397
835620 852414
906420 965541
221155 853702
433962 858768
519523 528159
360475 831136
379614 877093
891729 976397
437101 748283
938634 986188
518645 956413
940142 980443
553582 811608
986423 999477
52103 410162
88684 884637
499350 620732
150710 779896
841654 867264
378173 533568
981363 995169
929903 942792
798920 928670
669667 876795
968165 985055
524982 812798
665457 720426
446876 968650
49814 824147
593890 910698
34567 761483
675811 823803
294445 993633
430912 926083
155264 393227
457840 479745
534171 703570
484294 746970
916517 939551
267510 549407
886166 941526
387137 566516
520029 662962
682106 984925
870164 890371
973042 978211
597976 623192
802720 845745
90794 838333
612014 979938
992361 993972
394348 546853
717886 986935
603969 922377
679803 806685
601365 846184
715576 896723
279585 874437
473628 903355
298793 600364
167484 854072
92840 229066
930456 999023
759045 778372
716011 847538
7475 842621
196471 219883
432975 609639
959010 977553
105740 362508
597372 878337
126893 213178
490980 578132
256321 256853
97313 800266
144121 224691
448849 864322
678697 738583
520268 975468
264673 988306
88083 298892
700961 722338
313745 743344
62686 737200
933231 977892
168268 246463
162201 753407
723021 839433
352474 765895
326812 722228
243060 701462
289556 864000
725423 819355
30689 322343
469705 799079
229094 882230
899712 991673
25142 364237
601819 932236
104475 410199
679928 741053
781217 782529
42709 764362
857781 963709
209413 556310
838985 969628
399057 772596
257937 502219
912208 989945
624243 888289
303955 690502
948396 963259
605962 814096
193142 984013
327225 742694
737557 829004
30845 763663
926773 945324
194025 355345
933756 950737
76585 946404
971410 983764
5143 125993
647822 800397
890795 909578
341366 768321
241307 385475
24903 285240
403002 492370
217413 481461
687716 981559
465623 936393
496408 969301
418883 872608
826055 895483
201498 351595
926036 939267
153183 614042
717038 984172
277708 663943
116667 652962
153427 462054
604355 966605
637881 929172
901594 965273
748899 821057
106362 207960
316091 829408
920282 941809
783839 854973
992586 995750
824013 857979
640218 893243
140611 627677
772079 807903
957194 985176
192081 882395
11138 512654
826761 960239
746956 863039
14372 141728
648876 999520
875026 951870
410208 920346
768342 991939
873778 943043
448305 598644
330614 365695
658043 680287
431939 799066
888395 921157
251905 537571
533027 881909
828066 977887
352012 404044
162548 372799
912435 926858
801637 903120
53024 395275
867224 962474
425884 819014
295373 341223
943387 974388
10952 406814
553404 592688
443390 618869
472269 622078
816011 990986
461802 555437
909371 955691
80244 560202
743248 785307
144643 474176
568827 649083
49298 718594
654856 825350
841872 872269
327619 424998
128964 583599
336215 416930
221356 367345
115370 273308
787997 830231
820411 888621
618312 982499
464692 892902
461948 861714
697728 867923
44220 406028
645792 895103
784719 792228
245538 797018
481631 491056
907936 954737
676243 929673
159920 439410
884070 962068
699641 960548
750306 886779
879305 958170
500824 993855
972128 996464
485184 516258
439710 492599
935245 950795
47568 101738
155066 320416
863907 924912
552851 962858
726243 769228
301794 331634
485106 733627
85982 327184
256100 724830
141934 421617
813611 902824
503651 858875
875187 968887
533381 567817
756465 786882
942341 993998
762879 963954
352058 688766
697571 963746
860146 900553
502331 549698
66832 832290
456212 469314
840427 978106
994589 996868
379495 455399
397715 824117
802442 839150
494750 979094
81970 263152
240637 332465
164895 181746
778549 957063
301653 917157
711935 761834
659427 719557
950867 969123
80574 851633
395301 426696
767743 987152
91139 781808
123754 235693
564790 689114
1658 230118
918592 987412
558733 796231
411486 801528
843838 978528
223211 912197
13613 393848
347340 473099
335283 826825
826861 866534
241430 783422
960437 985195
145286 708245
194227 656733
709527 972757
170725 829166
172457 278451
401584 684671
223214 337741
835189 976170
819989 853489
243281 314955
868427 872210
349226 763544
475177 695664
820289 929776
387715 860581
437809 870884
827194 980512
284638 780801
873743 955985
231350 386830
712372 922587
34807 395303
519998 665801
628571 633512
921680 978867
377940 661077
269667 643162
447119 648376
740148 816996
494560 746405
75403 720412
269884 434039
146981 929439
30290 604614
966063 984917
956732 991721
968811 973083
235544 367798
330264 748378
820944 881825
277148 331763
715137 983113
95027 751812
271365 689278
578289 588793
593172 983170
135766 459060
991701 998671
535560 805263
434193 474968
709890 900431
120347 213982
792237 934678
227385 695368
484643 627887
631206 969362
162573 835290
973441 996149
725355 986055
227402 555121
468411 946904
579803 752263
59901 435389
330858 534436
287874 504729
828490 990153
269736 787582
974871 984287
992788 992804
648305 710078
642326 818100
823691 916437
72724 362110
919023 927953
823069 849131
579364 895661
409892 624047
610386 792789
445390 795276
829394 871099
134213 745500
665220 846116
559822 685208
869402 921493
807769 979151
337191 621574
853391 991026
805458 980083
2484 428995
229471 674530
723064 843899
512996 706655
753204 959461
388071 793308
273087 485167
882412 887535
460252 829253
100445 244163
308969 446874
126651 474510
134052 226674
105438 563076
598058 995556
546413 639751
322894 651459
369137 898457
448203 572325
419885 422765
490302 755315
376810 636459
145500 258321
972433 978917
436517 568495
830988 877155
407510 811969
289994 726859
665257 919738
127572 846987
537857 581839
403885 685300
404982 421807
386593 536808
904936 964237
136056 166356
403139 787398
486698 709587
436032 940945
478656 883024
861766 972450
414689 606980
102017 595693
896701 983979
527578 882451
190747 870699
81254 497011
391584 613289
505567 538074
817365 896650
504544 759756
594400 778856
995692 997339
218021 826384
481023 645139
113235 879413
506253 555281
308100 647700
631758 636230
457004 634685
896249 934650
221390 997331
740492 929178
470305 655568
485646 756900
561034 850406
526208 945686
637400 681194
551966 657820
204008 391112
242225 505908
629185 935898
764479 888413
223496 929599
892226 998519
674886 932864
180552 719299
133944 912085
465313 916888
964351 999469
154182 781967
290595 967205
83350 467774
340426 920549
269016 522409
679372 775877
41784 878325
696618 847780
536519 864659
864287 915935
143774 654705
85152 255171
796800 834742
781241 845024
991176 992199
46823 910094
38077 432386
421036 706425
53033 938561
262988 434349
157676 498730
174826 608911
555235 731007
335801 435268
723083 820090
878165 900322
802736 971227
780295 967681
92791 778171
375026 404655
656728 965478
150888 693453
480353 657286
258067 602119
622340 848308
520319 796934
554963 615109
36311 822578
564116 619033
370072 642910
496849 716756
362704 729245
461413 788741
352836 964844
253578 317277
290134 558778
325904 876691
265384 444255
349392 981206
210005 607374
419401 934460
933089 965521
543464 921941
117951 796034
363581 861994
326230 825835
710342 917650
517554 908035
786804 935576
575271 838624
441394 892021
903179 991246
777383 868248
555912 935314
401890 516341
401279 563340
573909 934420
990348 997495
423814 767882
404501 982954
212165 975232
952043 966599
868411 941628
968900 992461
715257 784148
224512 376575
740302 863116
177213 319288
540013 850676
726760 903189
377036 753536
584218 918231
60270 482506
548356 917617
595691 829165
436765 684244
940731 985158
507540 824445
221784 576851
779936 830049
83470 237162
184273 680348
271263 930780
600608 911578
414040 457689
795883 829789
869166 982395
902495 962784
748742 842709
466687 923423
247669 478639
286441 334540
696638 999651
936981 972108
706791 947789
464957 725905
19479 84286
712198 775766
187995 742381
87172 336924
41296 151587
32932 186711
86043 803583
502894 668782
52021 642621
437584 895690
508434 941364
153510 822686
187649 397944
101916 757134
202032 635894
646895 935371
101387 281253
73923 939945
998620 999878
953482 966076
44804 824085
622453 694210
461776 659050
393283 462252
486918 687118
613400 692629
600002 625108
764215 860740
178240 864831
855672 955008
9756 825432
681935 797273
244794 709432
199898 253803
437260 614506
944635 961238
333934 348188
696277 908069
324271 800076
599292 619166
969924 993934
455134 570619
498019 845744
955036 957100
16880 311667
537023 604839
538430 773625
251179 964102
514898 816650
699897 839652
171867 506095
989162 996893
706515 708458
685089 822126
787297 880801
170355 490111
731141 735842
871950 995274
539203 859505
642483 698697
713514 918586
557641 708785
290338 502936
121741 470623
227808 583040
121013 230534
640914 672100
818854 965210
908924 941935
465031 657535
592118 724789
989023 989724
200560 373823
129000 655366
175528 957134
241844 612896
986565 997041
883058 940136
3343 438837
769962 785836
85356 984080
427982 510424
68847 283782
801940 809186
433344 995029
473685 539390
544886 822675
636417 657437
63651 683706
228897 454028
916104 923313
522015 833608
741039 743308
334067 737824
359253 846254
33352 732785
999610 999997
483553 726841
983815 988611
61565 837019
836669 920815
584791 673948
86994 707628
978920 984897
202854 574211
161636 873873
707878 873425
233905 797972
719343 964422
762523 801154
668090 691212
559470 571214
848300 930779
316623 960752
599146 744666
809795 845515
640693 750743
391047 822654
231767 419732
387920 803973
842743 878057
592808 679964
530668 857854
760894 894864
271472 981658
491579 685701
661849 895040
634425 874772
94881 457242
318861 485505
508427 850487
22566 396800
579466 875271
660974 762362
959832 992250
393620 393959
422920 595445
452781 512639
778710 823670
794791 813188
310328 456695
790176 909761
601696 762433
492275 861205
144607 570851
974969 988641
397649 887053
391655 742349
722001 951645
67738 934611
551744 866746
1852 76965
734444 864888
199965 439847
263023 846009
832640 997552
664178 787113
716978 887940
57536 638149
432873 782064
401885 778132
144834 857555
468342 570773
779909 783223
25299 602236
283438 509519
280766 631968
817046 876371
595934 951054
460067 734018
133177 910646
746464 867874
250318 799395
786787 924698
537198 616907
202744 595326
201520 995087
690551 773991
421824 770455
398223 909101
941861 996504
111119 713465
367787 967988
325835 355032
822416 991323
167195 234467
400871 619601
640429 916112
789128 871748
288684 473619
747359 966929
119744 180523
466639 513833
78254 843924
990599 994508
561941 580814
674328 928025
818314 862324
968443 987393
472518 861607
904633 910370
904793 955817
403309 790515
846291 884535
380915 432083
943461 975896
36162 678190
884493 970740
987343 992332
440367 956021
185644 393795
625502 936065
641701 644271
313837 815806
149651 386594
700500 758799
59518 259768
506792 515682
220552 983588
621072 768836
286043 948822
724214 922348
800398 971037
127077 289052
95442 294723
936682 998880
619085 678985
277739 366968
565852 809510
457066 548604
890367 994544
762630 827138
276274 404352
161168 286797
154078 226085
90014 661988
876058 895761
606958 963926
458018 879344
967896 984067
769092 901911
108961 209738
217760 231092
268222 806906
994117 997643
941225 967084
250329 831210
931054 935032
382443 675932
476457 569479
201608 251795
315020 929446
406054 820674
135927 563432
392417 756620
447465 553793
494229 785514
738120 739844
997268 997831
768473 903459
49998 948582
780849 967899
428644 838117
696494 790785
361956 781603
962551 999042
874417 883758
558434 990495
424485 827766
597012 762578
429141 755536
803980 856146
272953 716800
871046 888280
78618 929637
460982 850362
866541 928057
139657 462590
475521 908438
702117 759862
127075 472860
53658 303249
712554 845611
923485 939437
452181 860228
324458 758450
410193 543096
135366 556331
584467 913787
877840 955200
396078 635085
211762 424180
593728 872160
405089 746763
384450 562880
859531 894783
588094 589649
36394 314345
77603 557182
311369 509899
321329 429628
535239 577402
853459 940751
33141 812526
598937 640229
705554 789878
497398 571852
911708 982067
698042 864774
3848 773022
238361 623750
64451 803722
792119 929381
758060 851945
127173 573295
834983 932281
240931 825688
768286 957421
59356 492955
521415 607698
712577 915880
468990 492263
598741 920546
738214 744688
473820 935298
124511 398608
79016 600116
715238 891499
240016 374162
201432 857309
990847 996293
467432 781243
781490 832338
353332 578497
874478 884128
351240 541256
188251 944902
939222 989265
708318 821864
923689 974947
254565 820623
965592 965601
605486 678081
949359 988643
481041 990866
199386 203390
301971 739831
917738 936134
38021 194531
825694 953707
352430 489807
411967 464370
592339 796540
493009 693518
51935 620939
28820 412860
662068 979812
715693 735449
542144 544314
303910 343917
439164 750522
177394 665908
817555 944497
414971 907196
446790 951076
747619 995104
841507 988341
395484 467614
825944 884291
523452 880604
787899 982988
115794 732826
84413 367752
150409 751383
774236 928365
595057 778677
65075 677898
156965 955747
519441 914443
880498 978584
926702 983103
336618 925227
998812 999723
726438 909895
968505 980928
897674 970457
504530 631306
242611 465472
234560 773504
867124 879289
337124 693389
977843 996380
928445 981730
186748 424311
263072 900561
604657 728660
228509 419505
256016 543315
842879 905755
551806 994977
390147 421693
814959 939810
595145 936237
714015 846497
389291 503142
635587 974234
346169 854909
680437 831186
454569 880010
277452 374500
770230 984282
261483 938649
591579 805246
390397 397390
60038 643801
862664 910085
603965 740457
253831 859123
896602 981968
935940 965568
357036 436472
627717 703693
506663 589625
270400 308560
836941 888364
219656 803774
678848 858448
580796 933692
632623 637884
708384 815638
330489 830137
581384 896586
933345 998500
27391 874445
27599 985891
278800 341783
177536 412410
104626 121485
866869 885898
674349 714585
902941 964778
823906 897597
661666 969883
140342 373297
31943 287197
469992 720594
752950 939744
219110 717137
203182 524124
33521 293365
680169 767472
272163 638230
39911 769530
481349 629624
497243 860834
306510 544639
838949 926561
420238 669786
216225 263115
464742 984990
562804 905184
649074 833593
413575 950364
808501 970872
88317 138928
915367 970682
627188 941608
77667 852526
9192 179512
519290 555324
576667 836602
163938 169990
448855 678218
245814 248611
365123 553070
991833 992546
844768 893786
454571 466706
4545 748123
372320 561103
917070 958055
622517 924870
73646 980073
967975 974193
822693 941709
189593 237882
650197 902914
370392 497763
498905 996741
801998 850744
122936 238589
752189 795484
274490 329054
271894 517397
50491 925982
218797 495332
426099 431531
276146 626593
890129 929810
357934 584654
65089 385669
907983 934046
297629 651374
441609 714953
929754 971864
869203 939266
66287 69437
374141 993255
915986 966343
74433 638052
37926 411075
22805 327630
596504 889922
110517 915518
570431 595923
669416 686485
363895 935620
356942 576302
441263 772779
90751 402735
890439 897627
600677 772561
152277 563972
331721 409649
958576 991170
32897 77109
143604 862726
952527 964148
347288 915744
726730 943074
342126 742900
217862 741944
950605 999787
271721 493280
157440 359032
502502 839600
704278 739036
87640 597522
423527 630537
822584 985322
213789 999309
306047 430632
630754 643413
898483 907698
568645 571231
80650 217479
108683 709097
658111 780147
116155 873664
86775 251432
111523 289252
659376 934183
25616 438589
703924 912758
103576 296182
16511 319648
10000
480883 784702
920511 989190
33393 290599
296145 992985
668045 776224
134608 933633
365312 655893
922484 980256
858652 866158
553119 939330
136182 198372
672416 778314
649676 891198
891183 898153
185128 819249
328427 447550
262628 603476
151840 971110
537973 894902
873061 941663
926154 938943
427175 478641
883583 991459
331102 683353
238103 399397
325274 495777
545665 707537
729275 882048
484254 895560
165652 780229
220684 736574
454471 995882
67526 246624
612075 719547
638873 945751
9384 102292
489747 810278
317952 435671
200400 452999
483758 721625
104111 598403
669522 843468
651977 889576
298868 858103
956944 994488
828885 893644
73220 112159
844947 883922
636716 838502
195925 954343
468105 581231
882087 978342
436219 635084
615747 625873
438417 940914
544650 670724
950030 964618
461695 664801
179618 346973
320101 585121
703735 751857
181184 534929
171180 981521
261278 321584
253664 449388
58348 901070
530758 654607
223342 662881
704614 930228
499343 662351
324796 861690
260561 293387
839873 944564
992618 998809
43872 909356
165567 840581
894038 915335
327626 358141
317967 698464
412734 859733
335908 886488
756876 766329
558396 882881
544938 679232
615711 864673
267845 937769
739364 983931
566669 578169
553344 665744
616919 638468
604297 795907
295734 413673
38499 655635
540227 834212
972418 991248
27927 348114
20079 293752
127571 300603
807739 856526
615470 913869
25396 44419
882022 977995
372740 582222
352747 983940
432460 939471
36702 756326
784198 830239
308530 339053
507257 556829
260281 727836
502831 641504
959778 991119
242325 716440
627712 832163
345149 932644
954141 983596
977370 993011
24819 234681
452910 831918
677190 752625
974319 987198
455388 510445
567246 974302
217334 837641
10008 14200
660964 744495
939919 988522
936534 972299
765288 851022
125977 340854
588656 767075
458188 833170
13419 234324
985920 995681
954075 961676
790299 825418
172414 822928
410972 535439
763047 780858
232742 679215
511612 560032
9893 999390
68271 376964
315595 329877
230746 738085
391424 956283
139092 591619
239173 842733
928786 938434
404225 569908
83777 709088
902912 907339
648717 879503
587398 712545
485389 881869
411045 959920
630016 691430
311565 973830
517657 837744
493378 617164
495509 572977
636885 793902
520897 759268
794144 886292
438334 677149
596330 622214
130305 204597
564670 571102
121065 209977
211867 942177
659864 914505
316853 572239
590268 801366
185375 914453
503307 607983
506597 726047
826429 905168
77233 809369
14162 193766
119710 566002
753544 967465
725773 920140
999992 1000000
431109 641010
345731 686920
597907 994758
902938 953434
138681 250513
971339 993685
457360 546164
914204 949229
32327 91460
772532 939399
391895 621223
132050 749119
762648 847997
944319 972479
130019 719073
768001 900192
498063 793159
582335 752688
475466 982035
378139 597715
897312 959567
885879 918484
355768 568269
360154 846688
185372 227084
910459 944465
460318 647462
657374 964588
65043 216018
983347 996208
525377 681060
615109 822552
154002 334018
704862 866964
29700 241714
886474 999393
51691 950976
164969 354384
195088 869769
442504 611730
594879 737822
75857 487973
337782 413897
94329 107259
858244 952714
778664 868014
461642 635912
593578 734380
842202 993574
100098 204890
972113 983979
254131 735215
64145 961936
413919 993546
680279 695619
141394 375086
912459 944991
255931 739810
981511 988875
967500 990921
915876 988723
829520 878717
55486 517374
541100 988758
878708 943834
468670 856254
885360 887804
770560 996148
175388 638104
158269 420972
925679 949802
314936 442669
559989 820762
689017 792445
383944 854223
579010 861909
589429 909931
485348 974964
256684 484282
693615 723789
208597 488574
896593 937410
792896 922745
889856 981872
604473 647469
969692 972547
237986 893196
983130 983368
685920 712855
456183 733029
464774 694281
96821 701980
931230 996473
646935 672949
578473 823676
453309 678802
297116 737286
525979 689416
583359 999119
527191 864748
84873 599774
115079 904876
198978 905989
499827 800062
99218 408183
768264 887072
446674 775707
103868 236820
28253 623692
590453 936045
979595 980136
758543 862810
75310 182545
479524 835869
421128 448322
661028 886877
671719 909485
902636 959007
650065 834204
428314 601990
800 329521
526202 771745
867825 939462
150835 253403
1860 665904
983477 998465
529370 599135
838486 917257
782869 816164
506329 596343
377072 803117
372933 809362
262945 699439
176515 668254
975647 990087
326508 567005
218614 321415
583465 751726
586750 912518
634266 858100
828117 962181
253375 805081
169019 906202
541955 755736
242499 849648
509594 897739
403743 993504
410828 591813
774075 929939
944194 960521
752108 789984
542137 870999
893197 934877
838531 888274
335180 468771
634364 710042
500589 911941
559977 827169
264235 746810
667445 739068
220103 829301
716571 862466
392959 503725
203102 773294
868463 962744
13343 802460
429516 947842
33266 931372
835916 910889
19736 929224
970278 996477
43973 442681
430616 811511
231670 923518
602317 974347
768675 803011
813970 916058
983541 988792
953120 998437
722648 788417
638373 817406
418168 777086
479010 884487
24772 920459
169002 596943
6353 946710
967705 971588
179917 769779
67329 540030
582744 620970
118506 999356
762857 779080
184596 856043
51728 156720
747407 965534
624672 646851
436198 925000
638248 783483
349738 723105
597468 862940
115732 178269
854719 953154
570359 900320
909214 989811
860166 929899
63702 776343
126809 909904
141202 146315
352040 517318
737742 785069
398828 794526
227365 343672
614507 994357
407498 994236
92758 755793
557654 840905
754314 965550
157754 882718
374273 629721
383881 710237
473671 947833
273813 965476
864007 934389
917293 931758
142257 907497
12226 431581
87514 627245
700283 912742
576358 763125
631141 724758
854420 868066
915814 973343
471451 544060
326528 614489
345021 863150
23932 725186
103393 836173
100442 308549
495615 768294
962248 980032
527975 559936
550405 594078
266109 367801
298054 914152
678254 730337
799053 910765
165005 987325
792758 843571
610908 639911
781018 958782
384940 511853
89347 153217
195679 558244
342382 721021
819729 986085
621139 684862
219304 901514
904378 954264
383307 819784
149572 278461
821689 907382
891472 973537
523876 909927
747316 905422
48074 600715
806138 959169
500092 566924
882137 913443
582153 889103
537723 870856
625491 828407
887666 893496
626241 991629
716420 756804
739175 946775
525608 787023
15273 864871
663094 978407
696620 739142
887288 889459
526211 745411
621010 690020
429275 596469
145306 241873
975834 991105
551283 889974
429540 476781
896436 900689
831337 937843
628694 834798
808466 888185
617657 655253
419078 452212
633289 711842
128745 681865
449066 989107
619946 664762
589673 898498
756137 894960
55392 909015
998990 999258
741458 889105
680414 724199
886950 994154
509279 785879
340934 802742
418659 796380
652591 677394
852454 854522
307067 482550
380098 804934
164474 995176
254594 602861
375896 421281
91965 624162
240310 577508
758796 983172
25250 318392
160589 437555
677334 882276
56265 723126
124966 620992
202052 364678
581721 952072
918703 924683
205734 555683
706209 830215
405450 426755
365228 547193
778503 955059
410175 693132
333351 574509
826064 870798
933164 972392
794085 922586
539348 937335
15383 810672
785981 938979
293446 646094
151657 369204
744995 909005
662611 976147
570323 714564
542953 934350
660591 985242
507716 771572
428095 728897
794844 898810
78526 510825
491228 722177
364966 892562
727565 817854
603269 668272
375099 689086
527136 998733
567718 754985
246322 972449
249263 372244
510804 579038
4588 180473
439132 911937
610569 904773
600921 655937
629460 716203
639809 979920
118330 874173
579005 613414
804088 906126
795943 868513
382937 617352
619361 741321
649448 813027
975287 985274
744701 753983
791021 846351
489859 793881
783060 970621
486272 843065
804522 811139
431033 723290
876080 883988
568757 869334
372685 599704
433902 503205
479576 716818
677091 716795
806387 982602
195230 596188
700844 900541
542927 983929
116300 751460
283162 803246
679116 857013
841528 954666
219904 825992
920485 976631
94949 543897
267528 308803
873784 885548
718641 887507
122178 776417
29684 382679
91977 437937
859139 956266
871416 891804
933582 975082
388984 658299
243405 706352
149379 758560
8547 25866
539096 614427
694481 749085
464793 951301
899066 938298
61022 471547
763319 809360
657046 670852
712212 745597
718645 775378
960242 999165
255932 318262
23488 873733
121183 150898
408996 868389
970195 977664
228632 440426
127868 516247
777796 891233
217225 541041
42151 816105
305526 893278
831676 987357
825952 897276
796583 800373
277372 701034
591443 633492
925105 959811
52029 571569
9969 935293
789994 835979
132146 325016
134872 154222
724300 724327
785447 935216
444569 697053
467772 991855
37383 664284
658441 830712
694449 975148
844728 916687
100446 102726
727837 963874
651454 952957
381600 980098
82159 452169
582114 781719
929282 960985
796176 817027
142853 342861
200465 793084
416217 571215
696499 818882
152777 627327
992197 997318
266457 990591
322541 440826
889821 933922
387691 762244
216028 221205
576208 782195
861161 945071
651283 982221
272345 983007
755441 879557
498981 633509
799687 838510
226527 280730
815735 998155
998089 999284
821389 973109
942028 950384
132696 559234
271381 971971
889515 932666
735636 915800
862760 934130
250581 663399
924382 927790
513839 741285
374235 613837
278321 459644
9537 621150
158122 939828
141015 676087
203367 966376
233814 679645
261419 812244
645059 809754
277421 399250
221042 295289
572358 759427
130414 424081
373983 522522
373753 696575
790994 910645
23234 679280
170186 998336
293618 373637
203123 696388
551554 569054
11961 274856
40385 72191
487389 998077
24720 446397
527050 665871
529485 808304
777321 892555
146271 868030
488074 767514
457179 499680
847989 862490
147905 670071
438746 609883
129268 316145
400958 487435
765093 885814
986712 991162
961935 983478
939143 970759
436664 558372
562571 639862
9873 468579
681063 941827
69643 569870
770754 834681
818279 896524
599353 635476
86826 769633
370566 685642
618634 887684
485614 939506
523595 849803
703520 894627
674369 936055
675110 830173
114314 162058
784467 970978
720330 760397
691570 969939
970667 995985
390227 548800
500943 983479
858422 917502
444425 601521
599563 726038
732634 876239
338456 952392
496315 707218
432038 557961
465520 650140
147691 327691
397802 915172
34742 805396
348370 485931
955213 975258
961197 995116
387242 604750
694409 731899
191516 408482
60670 881659
651166 952171
533799 935241
174791 614316
391724 632656
740398 961684
882176 912624
796284 932553
994972 995156
986911 999193
495438 645642
350806 539316
737080 906956
255100 741193
463189 609956
123607 154903
462283 849522
545558 621510
887694 918545
941995 943537
325611 465752
354000 905977
7404 833451
265945 283480
401121 880551
725334 779146
411789 610200
684905 907158
20749 415878
479175 853449
134563 641786
316417 713036
858765 867640
174317 728998
769309 997761
237669 932048
923623 992993
483371 508797
965268 978881
583245 989512
292389 618305
475124 683435
184360 987401
895532 973888
628033 791291
712101 764781
920122 993250
350755 813082
593974 827863
366816 426693
703031 936650
809917 960421
184067 604713
670884 959942
334766 898293
419461 961331
550270 728411
421849 893879
132515 622825
874945 954979
335898 603631
98109 559667
510260 778420
217542 623396
55908 177355
268131 727279
33373 851101
617554 936123
951604 999149
444234 865762
578289 587775
15208 161906
822481 873317
929659 986088
535171 756299
673448 758733
665972 845960
898870 936260
433458 650954
99533 147454
574176 819416
631629 670523
450372 586290
142519 750982
766651 825164
995824 996398
78266 696488
451506 550456
217353 931193
871426 890010
948684 967491
285769 654210
298238 324492
424095 686780
956691 994903
725027 848912
873994 886839
961632 982393
556027 751498
902383 935848
520931 676449
47102 385403
986802 989261
362539 484696
273674 695771
575218 941551
169404 687106
525705 540496
384478 544015
892774 896583
987100 990851
678523 851632
992776 994401
404502 420791
812724 971099
299869 446111
45661 743058
941873 945801
850783 992121
187957 866271
557606 952606
662495 977167
11185 545272
75563 478111
214 695066
72314 759902
618349 905635
939000 955272
615931 676190
541814 928308
214187 223814
114119 756550
989569 998855
975345 995486
918941 930688
343236 505007
132450 347038
179300 630358
393576 672180
674171 946536
336171 348284
882111 979340
844059 919024
573722 898662
604271 996056
847797 937370
358500 453443
425688 967746
405672 542924
824457 946601
110350 977003
902984 932099
578070 715798
681970 694642
338950 724303
595872 834849
903197 937286
526135 743269
433390 805831
677591 730687
759811 762190
777946 922257
194508 255216
363928 412748
586183 864036
516684 736138
947 609644
397275 413164
723703 948532
271426 296302
866233 912847
294373 675925
531524 716690
850398 995090
882755 930938
521609 794736
31720 982827
621602 780412
969761 978695
644845 717503
323172 582497
331127 836707
514936 563303
948542 985022
973071 980379
132577 996314
505246 653668
649922 873476
901853 954950
566360 718035
196417 985212
689735 981076
968622 991282
681507 706468
252382 873720
762937 908384
471667 675702
244438 914570
568576 694716
853882 879937
221299 290724
8206 121444
292042 539012
122706 833684
173779 730190
584277 790896
831829 885260
335837 395277
853894 884291
373278 861040
304714 743232
22114 42680
528343 984898
301688 554467
440743 897403
17343 870552
574370 657900
880345 938967
395156 766358
319573 725788
439245 778217
252789 780576
504353 784479
7760 437420
568412 857174
940050 948710
221853 638715
511213 630981
748529 822721
511476 925759
491454 761513
416387 460268
17632 943398
891017 953330
276897 987284
255165 466939
339190 967710
103839 157724
236285 771343
882359 924443
538370 907686
639002 756687
789906 894059
164102 898839
851256 963937
26610 863671
459824 756407
301859 542236
149103 311568
258175 706835
38285 724290
923285 961141
246305 898999
250960 563144
69645 435062
224580 300244
114555 645256
902638 925001
823455 971860
661087 971417
576070 864342
964628 979246
451253 884040
227880 973965
377149 415035
107157 605864
126557 606456
63872 714641
931441 984324
464188 998562
393660 658375
161849 413055
703940 888126
695451 824561
186397 858958
873657 880145
753665 919416
163023 299570
967740 988550
792797 929674
341341 914848
219020 725132
834949 966467
235456 432897
97195 465648
525314 856422
976919 999843
272238 481446
521698 522528
277885 308214
427192 742579
412233 593491
721494 729823
909765 940155
378879 972138
264861 638216
921739 966806
514051 676988
421325 643659
503295 760699
593532 803342
742045 905770
723787 761514
479005 536204
790684 884496
725151 866664
366038 498863
351970 790662
473103 529956
193910 369428
346227 510501
975234 994617
735764 809480
781458 870811
263837 539107
805407 837304
300277 323971
491390 519745
603772 942367
831870 993210
825341 910249
958627 969531
872533 899317
623743 899141
806015 945637
859928 949280
115634 251615
531574 995391
471897 609460
229867 758283
229911 599086
601889 814116
575648 946148
282059 782739
699302 716221
536221 773053
364010 983262
669942 832906
177747 537329
932046 944785
984745 993031
268759 851599
54767 152033
576432 803660
777265 867932
738707 916349
923149 978544
473004 804424
922398 964750
836901 975249
614069 679355
151675 910153
583168 766331
981079 986978
36134 919734
402760 834135
365957 613705
336587 703857
592507 722900
487403 526532
355462 759340
555711 970327
142616 176175
297661 535603
727619 745525
601403 777348
809510 891828
864527 994552
79062 299058
223141 607042
637834 815688
206692 347215
663696 668952
466141 968341
798377 800073
336118 852959
455799 569890
512936 986142
5212 947003
310385 786243
683745 910913
977354 983339
367323 814505
533978 708126
476446 965211
592788 747816
10330 876342
595038 860699
682067 798742
787219 840718
595926 628590
382477 481403
318699 339189
552093 879444
896078 996229
963916 976338
633008 798769
884238 998896
268263 611544
126552 498148
221870 916811
700622 805345
286903 392230
167414 641989
943978 947397
489971 510849
24039 325530
670949 883612
485670 661458
769807 828751
45459 987286
802884 835481
751745 977615
376885 535586
475243 778455
782896 880387
23961 862579
263564 306874
966256 996198
411846 451291
304633 491743
597923 749954
969217 989472
20102 324518
863553 944080
128438 214922
913626 951063
108046 714616
837890 969014
396667 693225
575885 734126
489502 635664
734812 982225
207361 847439
305340 997115
897920 900782
197896 329899
316544 884645
375056 944236
944950 967641
322871 622046
269345 616021
979831 991759
716569 892092
426727 973249
131505 966067
662956 955224
62990 917659
6769 859768
382851 817803
6992 129013
907040 962919
725461 983997
167009 527164
301012 703318
814909 924638
892781 990370
137855 239912
385830 862537
775306 849600
531861 577955
227605 846463
950682 999902
591374 973118
237629 376527
699954 946935
857472 868353
511515 986294
378681 619937
823397 866699
486126 661513
523870 935451
587330 720285
769712 981250
637998 704585
515695 931338
599076 770998
811788 876243
182323 270616
919290 937130
600135 919451
846528 997719
21182 495376
374828 849574
661771 754527
220182 788830
160639 818425
999110 999604
104090 840727
364586 663215
863106 868983
428741 912095
916502 974595
750563 971490
993336 997070
486674 676447
501226 542444
539506 626320
967080 986473
169450 340620
813790 878202
614376 822043
230989 290675
273965 989578
959602 979637
164477 776676
119563 192831
742928 787856
104950 353037
823776 965733
961417 986845
895231 942896
262059 507356
188604 484528
880290 890471
657179 802458
851082 854851
886665 989500
804356 945442
114842 313556
311320 868000
946509 974324
461416 776856
684937 946993
454529 474094
264839 329573
89020 416225
380427 399978
844330 892830
517511 548903
818931 991794
349805 569047
624421 946023
84992 985339
71065 321573
438337 690960
226539 677137
570021 732695
557679 697339
517633 699684
481424 805447
125150 627863
876456 932912
214607 824461
159218 901672
307350 530895
961632 977677
147343 521319
19105 725396
281783 650963
194859 524658
957509 961595
378966 576353
612730 864021
443527 486684
438770 843594
912245 952373
425457 860838
281396 376057
752695 817267
31679 431214
441880 566435
736505 742569
571145 847780
355943 534554
997026 998876
550338 832026
692398 904964
455111 803365
421808 961568
132837 948167
414674 738781
727978 789616
365603 795687
63050 371019
722694 911145
278710 454652
848464 964590
614463 680985
686368 861262
387080 701293
937260 943488
68733 583594
48259 277623
764459 959060
657203 706906
137512 160373
377411 786981
677508 789423
522353 771668
603434 789129
302783 527176
692102 842061
640980 917663
117577 950496
801696 922522
802163 907329
404102 761695
909447 948834
157217 504121
38381 335680
756906 900529
889798 916814
942105 980221
693324 738226
127591 547714
154416 575233
108832 549870
440720 899109
561241 819669
423693 531488
740926 896208
135595 707167
898746 981214
801682 918237
341545 748502
120360 217092
458794 953885
672059 771002
839454 964823
450980 796344
459237 492401
20385 623770
436161 766960
64543 629038
683172 834411
79543 362534
465828 559205
492025 829673
901562 968824
374624 549950
411430 609970
363657 903402
770730 838641
353097 676357
785780 954577
675209 947347
77159 823004
433131 709364
983342 988252
353072 615256
245663 645450
268362 598075
248520 283690
853904 917304
305756 413591
686912 768323
969797 993530
663980 817374
948852 989047
553722 788531
518482 721041
786953 931749
604054 875504
526321 589813
360953 747984
560357 973469
823923 877749
932873 997561
611413 919171
821515 987120
244474 683158
858344 987621
621165 872543
284298 445712
182345 646233
736941 811556
54717 573722
357009 697888
546017 568485
66953 606621
160503 299987
174667 641023
40131 605481
861622 879232
287900 841309
301772 397681
651807 654264
335507 892365
894066 896823
404283 840465
494951 779241
638907 852693
589198 925971
362281 797991
145463 769638
630196 736689
44253 975900
950659 952989
270042 379394
489257 622440
490408 993124
378279 695543
366317 805869
386136 789199
448133 582599
964515 996451
428465 600193
867632 945224
684593 895090
358760 698797
838930 968910
739963 947790
514160 923815
816763 941393
34084 810313
361134 393371
649248 738815
567897 991349
493037 729191
879912 943842
337646 646702
542926 878203
409876 968428
757817 951782
685691 999468
551824 798745
574258 708410
15000 139176
958287 976550
272120 670243
779860 999857
750347 778488
446551 563908
775860 856605
428419 613021
686383 856063
796311 815375
369445 488843
951971 959106
512722 607622
238124 656917
558523 920850
756618 871478
376674 556292
356712 731385
983154 995107
468328 853948
781836 883762
777672 873508
392844 674372
685106 808919
977409 999906
333250 432219
652027 748067
78157 589881
107372 583821
219465 338982
1414 704421
216012 990272
778418 823784
496532 783461
335919 738167
813357 822023
867057 891812
823151 998424
425845 535982
790758 912675
366434 593524
865878 895657
95816 485074
192058 474833
194334 304250
996423 998179
209817 658168
615409 843173
912362 916970
315230 538404
716908 945688
408201 597580
417669 442869
300378 595389
119480 420445
930153 996453
490041 626365
188235 263028
71968 501326
202641 400550
568062 910765
936272 953584
673880 717524
992764 995549
341842 470392
145677 352775
611064 965831
88636 985572
553818 905851
893839 957442
371819 889147
207733 939528
276264 640884
536199 876770
845209 966452
271001 548803
158522 404090
337734 749677
330555 847299
344462 471201
114329 785022
320176 889720
549371 643152
70027 920183
78099 960874
648339 782466
303562 821039
209767 990109
644431 776255
871810 911811
401019 695829
801825 863651
845368 968110
110815 609746
341903 937929
300499 827940
136243 542664
970672 996319
846477 952393
762134 783643
248909 948840
717247 859502
822191 945714
729709 744399
353223 807023
502020 528579
396551 567929
454059 646839
592388 737698
338237 650717
252856 746244
973928 974008
447702 464508
347135 853678
320776 776268
227724 360507
946466 983216
234320 724032
921160 938139
825535 986473
125476 728501
586860 938693
483615 948023
334984 923167
776633 891574
482409 490247
377766 665665
761811 898883
144525 916445
926681 935142
470494 915812
969161 980995
687546 736149
565855 958298
258888 647148
879297 998771
488354 803594
396609 653243
727496 805565
118485 402320
784925 841925
45261 868802
990498 993107
643151 859426
831138 930674
831623 952786
393055 576264
87464 643746
121787 933652
57533 349217
362040 453649
549931 953241
592694 735300
992795 999417
737429 855915
943566 987469
741210 940000
444597 451442
158078 837137
556606 867143
408197 508353
411596 891161
964894 996652
292253 379429
557178 991187
985375 995775
145063 520176
771206 990195
841240 867779
267873 860736
734320 942733
83330 529564
199565 547647
676272 990491
889650 959344
661833 959956
30388 937173
692396 867748
182507 856624
639764 665487
403543 973998
284962 805015
787887 857403
124764 771918
306861 962016
116064 898528
836489 875116
198798 498734
93706 706513
553632 797089
100785 180629
985142 992704
628489 734677
941211 964296
193185 584714
201976 748799
658619 933569
356647 918523
743145 843326
877577 976991
466713 496332
879866 992695
328630 725773
439358 787370
985986 995443
542294 879700
658343 667539
177981 508792
184460 581163
210953 290726
546410 912711
943344 965525
377186 804345
587514 601743
906298 934481
818708 900382
577444 630315
645297 727111
446722 740375
589839 812866
734397 785222
742158 809971
42290 121175
458699 991991
313955 620217
271554 779563
268512 661578
391323 833184
283725 916805
557712 615507
329568 779014
198290 266907
475251 582866
146679 842857
46690 56777
446463 547314
9461 874484
834467 945404
278928 752889
378683 562791
896276 982330
470606 730300
658323 905971
784475 980121
571131 993538
253366 269594
407815 981080
718855 890143
986046 990323
858291 918223
151208 424976
319207 939905
768355 931849
598772 904435
256537 623828
96596 777968
120789 750305
27898 957774
674802 762734
354070 402235
170309 811718
761114 862828
88451 791507
186634 190628
420072 838625
696982 954402
645089 688024
97438 919856
613223 668540
357025 855806
788870 928934
477073 558827
776748 865981
815510 973215
812580 899770
878020 925137
462989 648715
163689 201260
579602 966099
653201 806057
330634 637842
847694 948204
138043 150417
143825 916378
286568 300546
777287 887549
528429 786502
23250 195559
78432 919793
724701 752954
462981 994818
242985 444229
641444 851505
704788 865129
665747 854190
47548 586541
75776 985165
449092 870694
883376 928981
11003 505318
321769 534303
557656 650207
71949 451029
772027 881356
786461 940049
759031 982839
384430 635763
507158 992574
95949 704459
637692 667647
610195 689042
432511 714409
673869 963282
963953 993816
160033 314244
575189 835837
711427 792271
660235 684333
354257 895932
216426 997531
400797 860906
460142 537755
327971 384375
690702 786489
509802 520044
51605 959009
964617 979837
461726 465263
620328 840143
831988 895213
474367 695117
127646 931557
131390 898689
501037 785349
994166 998867
947456 983680
393436 675410
508588 566551
86268 493203
187195 949848
9112 37752
480735 848654
592137 978327
477571 506846
352849 910125
930113 962125
751188 941670
271528 899419
620868 726086
808602 988557
58715 668899
574809 649471
542716 935323
499689 772475
633996 654350
972990 976540
564797 639267
560344 980626
334448 624793
209085 274997
819894 927374
769397 974039
510076 777554
36890 751880
247016 472231
33365 47819
836707 915235
766605 991800
726712 972258
325366 995162
585673 838914
314367 722196
833293 899700
586810 687950
735643 766116
351622 361124
50672 664394
16061 366950
631156 890369
916117 920784
429553 540101
491505 556913
62016 737365
336349 882263
649180 686336
967478 982396
658408 844186
853493 986896
397529 919342
528303 857466
712527 819242
405337 968295
287851 872052
510631 608757
761976 783970
650191 845355
698941 943690
626484 922667
370157 717587
699692 753617
123012 988253
106879 189356
881883 988156
788054 919341
20178 57722
468319 515142
796321 966767
695809 886087
352580 601883
86755 959855
31421 290064
824507 981491
252603 497467
416997 463960
700614 825170
173401 793126
108768 590371
734539 862612
763784 894178
760873 883945
787286 975751
317737 589845
253119 364509
794045 966272
945779 952482
366866 410044
506033 706930
803935 921949
142542 696172
879651 921569
968526 989492
235294 477470
101454 185631
343617 599225
934215 989939
950849 976879
67805 293676
240375 379193
508599 662872
83326 743283
113132 896767
904738 926191
668280 678961
190099 659461
350713 991318
951998 965553
655414 797262
211358 705902
520149 683124
859859 974359
605885 996002
297519 728381
598681 914529
199917 771470
294394 468355
136465 900496
4695 325673
619450 749385
400295 605580
858858 948425
221937 743088
748300 809764
289841 924276
599855 811249
705505 938333
709820 849353
752240 754742
476533 908250
887295 936107
655953 674666
952057 956166
949698 960347
831380 974276
423289 611286
896785 924625
826830 846822
385685 924891
472399 511362
13203 30725
228479 844376
428081 534709
253097 854116
69888 475987
578066 832035
386269 840054
771484 775838
8421 752224
244037 385651
456009 817378
669296 767858
939430 990615
605833 926549
200576 890766
286322 764429
462138 558220
831526 971155
180567 532750
218221 992153
26181 883088
238807 796731
777270 888856
482575 515141
375453 730866
884709 916023
940492 957113
939958 949591
900835 979185
509535 627570
959680 998648
538523 875296
227882 992981
646601 924955
255605 498797
499481 667421
372832 921667
213519 562763
61733 917351
405892 479421
646926 896844
566415 776832
270214 696839
854684 947754
71107 354364
508946 846221
230386 702862
120196 613242
817193 985026
381764 934839
221975 339511
564326 670393
184762 607480
519424 802813
920971 954385
12471 26115
491675 787019
134552 488778
121251 126193
528264 844284
165348 394483
437266 773231
164494 511388
343663 772098
879296 908898
36966 695447
464805 574059
202169 545165
818431 909081
27653 526899
430888 590437
830019 971418
38114 312974
9182 213923
37918 512536
799942 877613
102747 351420
204945 608055
638479 731061
341110 355075
328531 416591
556231 579965
350438 657038
210550 241086
270406 343499
554760 948900
467948 883762
239850 656634
751286 964054
74684 596138
938299 995211
421261 871759
650979 954258
108350 454010
861986 893267
582913 777130
897269 938814
188459 985757
257868 339892
992863 993947
566703 794758
471958 975576
277040 303718
167167 935937
538935 717522
327092 443435
67440 932376
553298 663112
450559 970425
104401 237161
301243 408007
486053 493863
20698 602710
251359 530269
994304 995827
354731 364174
868349 876349
548674 966506
104238 950185
248868 444809
129413 668770
385453 437364
843743 974461
438016 716126
655698 887394
564108 751623
94672 119339
176756 766672
672529 783735
700948 720853
294526 861311
386840 973992
872209 900873
674112 996321
594031 838644
949447 981425
520690 599087
212888 511569
378876 474559
645464 751030
730088 884051
975760 977916
979218 998400
645380 798466
394950 987236
845928 895541
298999 951458
32168 100168
553291 785686
866220 951508
39348 839138
431555 570356
127167 359699
68198 856185
182497 787639
417281 962642
777382 896548
401252 589079
612515 877246
659943 748272
781166 810068
242007 712776
999924 999972
979065 987107
372810 727147
182187 463480
257931 360282
20701 877927
497969 842157
65824 534973
935700 983761
986998 993128
566608 580019
117081 229503
601361 710784
958518 975955
287156 327869
135870 344383
298836 842637
165398 616586
362780 557942
404651 737250
94377 977548
829015 907692
709042 969158
743136 799973
985320 990045
991796 993618
225377 733686
313403 511513
991090 997502
234034 268046
858250 993066
967622 989742
897449 918310
843209 960241
602561 798544
816827 864046
170777 975969
135921 994535
976619 979164
376380 687750
185410 460035
756795 765896
276326 958642
766781 815324
334522 841130
257058 531007
775056 802902
764772 798620
117603 890902
283078 491164
443890 655042
657335 987963
543335 746580
985693 989408
101024 762566
171928 274562
257171 571551
105856 261561
144705 828163
571654 729139
113844 580680
336214 390881
130189 806816
889189 994325
296775 877821
376945 840551
416471 483809
169351 495402
751853 900761
177396 802661
529364 723652
555102 918131
188735 720258
964813 970258
399848 524760
250027 404143
67983 218389
605274 638887
948724 992824
504435 890416
877929 954550
470213 563973
968090 998051
786427 892190
5442 719858
526254 881888
19794 581393
533657 631041
605288 608607
623667 910881
849760 985470
334862 975078
4824 471256
373038 570282
560208 972207
667498 929340
759261 885130
316948 677969
450025 964597
988903 995365
363566 771550
923929 958712
76579 829236
915643 934260
546452 693534
304869 962466
249656 481230
466945 728688
361624 512973
525466 583296
904577 921579
688714 926058
462939 581491
215414 632984
506028 817284
98556 987236
190117 604238
860269 995431
424910 911662
21037 196350
531804 972681
298203 728655
389750 743839
482623 648062
863640 960098
219975 465322
336323 397004
497390 675780
532821 706001
797235 898250
62968 795177
867221 927835
582478 830075
280817 604707
934970 988529
452326 540608
905598 996290
147273 894309
511878 962998
89566 676932
217816 930978
125841 555213
407629 808054
588781 805559
54488 185498
51621 406506
363495 579325
558226 620451
180633 513688
577574 611664
385028 412483
24946 495810
281653 467002
418416 667420
518851 606646
749323 941094
889062 985917
611000 886469
581249 612020
801482 943756
274563 715990
554623 625909
160374 597044
664511 764222
589297 869021
453745 766768
665844 734106
785063 898267
916999 936768
62563 322677
313961 656627
537339 626171
827851 933505
469211 864590
622424 847573
535858 583205
221206 485835
188249 930401
318688 878684
741723 972368
615656 653951
48104 333232
3114 63605
160316 651133
385302 423246
925082 971922
49009 722223
641647 676183
229296 985956
663939 973928
430587 877585
89641 253750
7895 590742
789647 805160
896166 916559
925613 932663
424294 818948
660630 673414
545121 872117
935089 993731
595326 800579
753804 876469
413983 739961
347174 413794
35265 364388
707520 864332
418497 843060
97556 187067
276079 345308
634290 719656
825534 966272
616261 952935
202630 971081
148707 999654
41333 461777
518072 610606
424068 830168
492520 748549
350103 692953
285267 747748
323968 481715
78260 515956
517737 774945
803876 863691
808463 946788
561345 896570
217827 467885
39921 701846
549928 802526
651559 884338
112133 232807
224634 386335
343688 789732
625034 992548
133499 219603
993578 997154
920252 924336
911694 953810
11213 147335
514659 978735
112759 980000
87092 470803
664369 878826
674525 709433
799066 825566
750606 790650
991029 991454
970288 972272
517947 747026
646998 785995
485394 907451
143908 186277
458508 635600
158070 321949
426868 489238
426051 764005
582076 976675
548109 871246
641172 980560
702728 845748
366611 591897
317405 893015
973854 982832
511356 643968
641602 676070
14461 132003
386137 554280
353870 510587
529640 711549
276655 917616
38662 665794
485835 913256
173766 290568
467854 486927
134467 665174
572833 855892
68155 836672
925817 942825
307383 609763
998796 998934
569001 884022
23770 619611
278996 619870
105227 299473
470469 614236
310699 809767
668530 850688
856706 860058
334260 859756
187551 428235
221275 634472
995859 995933
873744 974506
777624 839448
609005 820802
559108 588439
291702 802203
189667 203120
837225 952228
27200 685488
739520 901475
603126 978790
371708 715270
668243 969531
313974 891293
443939 772733
565436 972286
682646 949781
170174 189151
776587 822332
732591 850096
722870 915288
179293 872432
356556 448994
106131 885589
178681 705924
752846 887459
834009 997078
238911 760889
297327 424958
528968 842334
458150 564037
349610 767833
291410 888258
412349 662645
147506 588728
349865 863273
982861 983240
151404 791505
999958 999975
59251 301584
197224 999955
243006 424956
906082 965629
972282 997545
816370 936213
623685 982197
681109 979762
47672 566496
355947 565714
558469 622257
545739 830922
27612 550810
229846 701200
308981 881621
15048 845656
262340 633476
883142 961134
707707 830336
996873 996912
853027 979414
843264 995090
916223 982507
371564 488369
494929 709823
183620 605046
499127 778007
445960 733479
878476 913433
190084 705388
377282 617779
921027 971428
242676 617212
555097 981510
687416 956267
486797 748731
260180 352140
85962 393924
556030 716491
798341 968638
490271 505118
326017 818978
346435 784675
658460 914993
643598 882657
334568 920018
635196 679184
205941 809839
314578 680144
406383 460318
915777 941432
774417 913358
147629 159638
724802 951135
336497 993475
909647 970767
990758 994341
105762 339263
642179 823460
12342 156270
360148 861206
733061 902373
370525 951160
495147 965080
63717 108032
758086 847490
524370 882749
264592 943898
489291 575608
699551 811416
376653 699941
200567 918061
102562 755444
623019 884038
367209 700114
303274 520329
200878 212093
812205 898184
301290 872925
504249 607496
160508 288070
695977 740625
773469 940726
558571 933993
167996 461663
656359 960926
839195 972720
707998 864379
428884 941869
920116 983056
634884 928622
5948 401240
97241 739953
450886 830174
131375 447650
530724 738110
776328 979357
444541 791639
914402 981420
602731 906640
896126 932044
927352 998006
984835 989389
69873 692742
20945 893811
422657 546300
528458 799600
684681 758276
687726 720957
10495 802186
397934 613866
750951 943600
534455 666774
967347 999306
248032 506450
96159 794788
531274 753951
923999 935383
964403 976708
739215 765911
338018 925020
671897 931158
75988 212904
51910 160581
328449 604033
58545 606809
104845 571886
666236 812311
387655 969844
628403 837843
84207 536892
660487 970790
378984 454081
492651 554879
419047 593833
85203 111935
206961 825080
790017 967390
755031 869635
499443 889865
511183 987577
205057 558824
351998 453158
88474 214608
553589 683666
369163 507571
992457 995043
331549 377507
884549 995355
460098 536260
796390 945845
113986 300106
777605 792762
233758 915580
802756 908425
198476 406501
844498 969950
836971 943885
247193 771118
415359 727560
545180 640108
445170 528991
336670 957082
73797 594777
940352 954260
243614 697718
790963 893789
811884 893274
51271 70898
946024 991470
287593 326960
206395 911268
605499 788354
139000 894025
964681 993076
378050 914739
507513 589837
17515 17655
203317 677622
969608 972548
585576 916668
124336 484101
112315 328070
43060 509825
191584 651699
760288 979858
385839 433298
315874 990019
808535 832748
369124 810572
822220 838970
500006 565917
932163 987826
370123 408643
951502 987319
962057 990523
314810 820333
314425 755108
173111 683878
384091 691698
913638 967328
3145 418271
1558 525896
514083 798980
776304 896469
186201 914940
414537 837575
416536 539327
541728 592902
817229 843797
94155 689731
71125 995781
12725 926661
377228 943502
417702 548746
238461 847901
599891 753316
949279 980074
350195 805262
345395 534033
917967 926556
192185 719669
673559 784883
705337 757737
929772 994971
80607 108523
427675 473201
505864 732629
287227 774680
660126 760272
48850 130117
249472 640427
606855 640062
756005 910311
818747 886780
831008 998313
434472 599945
733432 855875
627079 904541
253880 882646
874007 986818
482118 617514
41104 746524
14699 803741
772634 791564
690850 816001
4054 994670
801933 998297
911515 995605
31041 303209
865794 871809
356680 396322
231711 299265
165702 740545
197027 946872
145615 198858
939283 998362
473800 558704
188500 807701
338712 898484
53083 333294
440325 857440
917201 944078
476508 536084
370731 648961
430606 762687
304700 389250
692805 844179
773362 964916
687458 831722
904598 976271
662473 775512
648489 737918
939658 993952
946570 987847
496721 794297
662216 853263
49987 763224
45041 500136
179959 239982
577671 955480
905315 925116
2103 840574
832430 870212
376698 914204
760000 802037
758576 845530
18193 18486
997633 997737
201146 363085
289461 677197
972747 989584
900858 998207
306591 350862
997842 999193
916883 958559
186132 230181
820075 995274
31740 887434
319118 555247
366368 624333
548951 855589
952614 985482
302723 726533
816034 993596
122971 371794
461028 677863
867522 986708
63054 215500
238561 677426
429784 481438
626577 988048
2116 571625
954001 958703
339376 527475
633551 917626
631520 828303
110512 503295
785636 812726
54786 346969
842056 903619
340018 726843
292204 798101
40303 296070
338784 703132
761413 865287
566317 837892
170494 828690
156139 365457
582675 868441
818371 871131
338973 339959
190025 751068
839456 975856
989031 996174
8159 379347
54654 959087
352832 404790
697922 907646
636841 997911
952491 981455
266511 718845
436996 616198
336318 450260
523098 548152
749067 979393
839272 936072
6076 217890
115573 654443
986869 988832
427432 685661
248880 855201
294470 911614
351056 456086
926757 937124
311728 967572
448237 581397
784147 977548
903858 933839
759612 863141
836632 936188
224201 667243
760499 814149
84398 980374
177308 380146
363837 701495
741140 856670
668954 941921
346074 400317
117409 529657
814123 959118
438371 810602
344590 894380
379534 948901
650741 962896
147174 944740
16690 707335
989805 994552
500674 787290
468702 935568
36749 429403
920593 958575
703367 756565
46902 348972
511288 813160
631487 793097
164229 996461
369491 597571
369632 629092
451331 900318
264649 862859
932210 965651
636099 742348
844242 952722
857997 898698
617825 758496
320090 328296
305932 593545
203481 277814
920303 998612
487894 651985
118350 335567
787734 861062
301860 583476
259122 591211
195597 912309
526614 862661
455202 621196
721866 866771
708788 912025
457166 798258
482002 678950
63262 826099
290916 732995
78939 951491
372091 460226
29960 621693
275635 288165
692144 695344
873402 954971
461259 762337
552824 613644
61214 372929
627589 640639
466231 474113
73146 429387
724168 822926
314710 712704
57089 823081
141089 455273
958599 968730
66208 240716
308557 471472
615898 930890
411189 474649
736612 874102
506481 507874
395555 483031
723456 966551
348590 356843
959353 985880
567904 706934
810925 983429
189294 837080
700423 850548
222087 662226
472993 855188
718011 804287
30631 339227
578014 631686
197570 915440
668135 798155
996960 999337
158577 637006
711018 906627
94550 763424
483755 695882
734420 981722
677579 689952
299704 695025
491646 510753
54860 366291
883301 914686
465520 509521
793769 804652
6645 889240
203486 739930
49336 414795
521796 825320
757283 859133
567344 838056
604303 943835
272083 370589
220766 580556
347336 894691
385460 426520
233243 919898
792928 840845
93571 626089
559438 683997
912032 971969
112240 539004
535277 592172
659334 831450
774389 858864
340166 560024
317388 753032
532687 610728
783295 934579
763589 897291
590723 857224
705569 749667
492479 737467
907436 919735
378068 563618
498011 681835
313606 437938
175409 824672
965845 968425
92058 420748
241197 825352
476797 777130
917657 949982
407005 884505
907738 963124
362736 848461
223977 422709
450975 688949
104580 168959
326478 727955
521453 904565
558704 930849
203645 265490
144118 209536
395906 897422
317194 693719
673433 762250
333974 537337
760576 929365
689684 801931
218444 797304
697467 797574
300126 587455
407555 887234
253196 255589
833555 975452
685226 734390
956107 981481
121438 442714
568966 598107
714331 775389
883298 991560
968182 996416
308367 643754
581237 691248
669985 741942
247752 502083
789571 889543
913292 948366
771994 813032
403105 876317
639509 659577
53939 298763
484052 549748
49881 770615
154460 319682
113713 707768
383341 578271
477834 818492
372797 664940
13296 421663
524659 898621
68956 287260
424273 754145
944781 991137
596123 674108
576517 609389
897455 972280
244616 757505
947343 971099
963968 992415
791935 851281
379606 909428
600925 631278
594757 605402
36370 238884
898670 909864
243544 947647
601904 730388
588958 691134
912777 984056
572815 774247
420153 974333
661034 946781
456976 701382
265309 803080
349023 611876
831629 990586
108343 495250
182234 570534
234553 477151
280505 964623
43624 683832
376891 638496
819004 892609
244874 427563
339892 874513
362410 968184
812371 965745
908937 987236
611935 940854
535244 589130
763008 914877
946940 999262
816512 966225
710705 938031
608100 926157
768477 879241
202633 912523
269338 655929
167056 458492
124917 585307
185040 446785
510992 571556
826919 847754
993630 994765
305814 967075
559075 608004
208667 715522
14132 64080
739375 939169
642475 967226
535703 568862
91754 381828
387278 508342
552645 834897
355187 605938
933366 995441
779917 832287
951337 980500
250354 635684
682983 983231
77617 118623
233914 556431
22578 350582
115258 212373
569083 926123
241254 810877
88794 991334
659495 763313
190436 734891
641769 934492
472011 852106
413498 418716
220385 795967
321920 933061
258705 501202
632522 957015
477849 813370
345034 938385
924901 926411
609974 625546
776160 924378
4683 8787
70923 248132
711482 787936
982662 984220
560866 713057
409757 468374
100062 739830
654063 677707
313956 887431
883694 972363
293344 769689
926820 993674
938951 960263
444501 620652
632858 895283
410797 453989
808814 967775
265064 504165
286745 667521
285100 876324
646909 659784
115413 841673
76059 276889
846293 927280
822818 836144
429489 610924
936641 960805
461262 712576
339125 579583
913554 922377
930115 983473
680476 771514
636179 696921
688441 974991
425657 652580
387918 445979
582414 945450
38891 987541
696241 927329
855938 968113
185302 883904
349006 670645
813902 902881
22776 669251
316303 386662
494947 576130
59452 443228
272789 664449
595547 831041
501098 803215
218369 334155
717762 983269
357897 889888
527430 567531
724706 830411
292691 408238
491414 729303
795558 952050
478020 903601
281607 581356
842723 999341
794437 845436
377824 396738
396843 543940
448618 510504
574941 666397
433702 615319
221442 874083
758160 771378
704836 930024
262781 657738
537965 614621
122333 884771
201780 673010
557351 562795
400954 965265
985679 986712
124425 627312
518981 806446
740268 993703
74615 720808
897274 902858
877729 890288
858867 925979
936883 951820
17309 468045
130770 424146
800378 953984
750296 987592
386125 897433
576982 691591
9829 351936
186581 312970
663398 676665
225719 802146
945282 997782
57132 569650
217142 230053
157080 637743
786504 849984
731152 943553
634557 953074
775934 842476
269965 679827
24124 48355
326774 844857
57613 286153
211600 930639
202503 952643
450492 591606
130678 583723
544607 872966
611865 758874
972755 988606
244741 308929
491004 695773
789736 864263
276311 355866
598308 658340
256047 673750
941296 983758
391398 894513
557948 743177
440723 617893
396835 548744
761025 933803
81578 911701
101086 224791
172263 639618
436430 876256
965481 986430
904495 917708
625817 651355
759469 958833
505800 994131
544301 874251
809574 850277
791147 951500
208854 978012
581072 779214
877456 902951
383737 688053
202475 547903
630920 705891
144673 557949
706663 804231
426897 842870
140946 713102
435784 813928
881197 980573
198269 655959
734658 876292
385689 957272
136831 165956
752958 846811
369975 930455
684559 689688
456279 722046
344864 869457
771159 945518
180626 720000
694091 930023
841969 863332
755243 778622
42733 871228
905645 997070
59677 536071
275914 440450
594135 873986
459210 540426
427700 522763
815408 939675
869204 989502
868379 969033
170591 960565
629023 654957
586558 861602
858916 904166
938461 956104
704920 808977
338517 994321
742201 911455
14432 888152
814871 868750
590221 837871
273059 531504
23444 361563
704975 760820
395230 916444
129494 850351
137020 862306
897093 960882
903897 937996
907237 930436
300557 357193
804348 923026
615256 673333
589284 678714
215413 416944
213864 528350
358804 416498
445869 780826
774727 998818
747335 908276
821290 962591
991894 998955
984236 993225
788249 938194
32937 427387
784048 797621
458526 709655
139741 534605
154198 254692
98866 765748
538654 979528
234375 569585
286195 337156
404297 955325
199069 262902
816131 978197
841417 928866
971930 986470
245553 637722
501467 553119
789932 806889
789494 931840
629440 778854
430371 829574
557529 661256
910209 990932
322170 643883
269787 338646
460648 644662
166250 992622
989369 994463
496736 957861
127821 193211
512322 749830
694749 849701
372978 392729
436622 755283
51356 330978
256211 260280
639337 967420
455095 677864
774443 915709
964853 965265
548267 653006
640036 752413
517052 569392
116895 630979
472373 536533
858134 910929
921063 973096
901736 917521
102261 589013
466230 474489
584373 782590
999307 999904
854730 889975
227004 298271
175107 928080
670258 931341
173886 247079
219632 321762
657177 750203
337794 853950
487028 940770
669999 959955
659039 665437
924060 975747
546967 989258
402182 860705
786033 968728
356375 578128
446728 673642
110297 901916
524642 956792
714811 817954
358556 837238
556342 569972
447484 816904
830345 880047
24415 671456
491768 981703
13167 664561
390251 717825
100717 349497
232478 861789
216088 286422
879620 932713
505812 901054
15576 278617
660786 991258
958650 962422
95766 124541
926617 933929
316501 343664
112245 608318
13109 605963
36177 301571
898071 935812
67943 836444
958257 992351
115277 945944
659893 896692
510113 935154
935826 937835
146787 331552
644391 707744
241418 976080
180187 366674
881816 921939
349443 642223
15490 342528
941431 981578
991165 999771
519764 706164
983512 988084
197013 430759
14656 855111
606541 872773
861063 910279
493150 544340
439281 705644
239697 717107
806903 855267
925760 984214
128956 188430
362328 533726
100853 992846
819551 929088
500851 558357
236720 455464
379760 809271
348667 575787
429549 904499
861189 969854
973458 977127
669805 968660
374861 803941
69833 398299
990738 996107
318114 742752
449268 974200
333952 842396
908427 944436
182574 534083
634340 988531
734355 761031
184834 613335
205882 607387
458625 986742
324648 892727
990493 998458
903491 982641
830556 923369
567662 865136
319248 931867
551738 637778
771725 795525
6350 900951
631856 909960
581584 810861
950321 990313
151046 815013
423005 645317
484270 536761
749191 785456
762265 944635
121364 973607
650335 657168
231850 325999
753998 840956
557586 750306
717600 820062
397566 795434
798489 912666
836766 949875
554855 824132
306459 439815
636497 773590
844502 972510
749400 936064
298645 587801
144782 843106
896910 917000
810910 960801
12487 192397
663939 877667
329093 695245
897349 948800
152563 209893
560092 745418
425556 505540
686897 749962
643508 851256
591233 770834
544855 636519
121178 786171
62284 283709
270538 953106
923101 994607
6504 238030
382578 814939
331235 600313
950556 954697
444306 674049
238576 460795
23656 994795
269705 880256
600674 730749
965322 995672
215373 802483
765336 902112
582528 839143
54502 926278
494122 923772
3538 100951
442212 543940
766889 808882
402695 544077
102730 345990
971563 999844
229826 504838
934898 986942
889556 954122
101884 704096
144123 488505
530035 781719
5401 22562
548459 748335
558359 820091
160716 997437
437276 622121
852154 888318
185052 477233
389072 792267
167153 230579
957651 972779
572304 995006
524348 575285
179879 624134
690294 963604
20429 314916
957375 968037
154835 773346
78285 137138
753172 938749
266225 286950
61092 925121
549759 904623
825504 989654
469734 821311
416644 707800
876511 881762
843662 881252
984937 987321
617050 636229
56621 81656
11720 751214
45603 624506
652148 709161
639355 882291
601924 776949
33071 525689
461674 522259
989311 994308
3577 256538
617981 947187
527877 664447
439419 717742
477661 605672
542446 757886
814592 952784
41057 799059
362541 654566
320393 986860
504178 607530
421670 756229
609092 834799
982884 986775
560534 646770
67494 495312
898343 944165
495246 586349
800398 974649
807452 923537
119580 813947
375712 762290
795858 876248
449917 564087
106911 329089
474372 980385
832890 883912
398805 620286
142977 336590
837605 854433
389971 436088
720877 857622
93002 733093
77676 563515
850402 984297
295947 661485
711196 811541
419090 872082
895002 949749
138214 625515
695813 761560
564094 622522
689887 709414
967627 994039
880814 992163
551231 825155
306082 331151
231079 922716
477978 666922
584815 995161
666092 781711
681080 983385
68838 472978
566680 771594
587339 867657
387431 505754
86005 692354
390990 869288
841905 948285
561567 869740
885809 900171
300243 685184
305145 398946
274570 372929
618732 729716
567740 607227
417117 970455
423088 577203
307199 743352
388613 427592
53577 816020
876291 966668
256066 817160
589500 705169
969800 974324
212714 495417
911098 918755
70818 105602
109090 180277
866127 941413
557382 912928
816907 845059
66905 678089
588994 658846
862994 981509
769049 986651
169230 938423
84427 318946
849664 890544
418927 986143
383662 758162
19939 594500
139997 263968
424241 831631
729057 877945
625127 673129
362733 867226
194914 737962
744911 951311
236458 925859
32567 640630
634369 888791
678080 734566
213624 763750
833359 993433
805357 911549
903901 983716
652985 917519
60948 188904
834668 869873
967399 979649
78712 968750
649726 992860
132525 915530
54765 934565
2728 595095
993607 996060
386027 608828
2620 657438
462515 869078
341424 939913
642400 979612
970046 975332
566503 730394
334371 595068
302929 341610
981798 998298
391578 896595
689331 726909
355379 554357
468520 721709
124547 996026
599052 685228
130250 370238
809086 895328
446958 461014
49880 629142
435895 450185
858404 881168
661307 738066
282369 500409
964350 995091
649805 681665
462647 524461
957919 960607
449225 698487
670721 827366
825178 882906
382707 819704
855634 879808
520653 675619
159120 959256
609116 977576
246712 569467
86803 527254
130062 810723
6920 81887
790216 834202
954100 978617
266352 366393
136491 168350
257316 726993
785970 786407
743913 779374
630993 706836
442721 728539
952520 989876
158211 371605
911406 996427
750319 821524
377122 734309
787025 896214
532279 685755
857408 871023
706292 827118
533290 710888
240433 300171
943826 977177
3652 997054
587478 784544
570518 610288
528599 560326
560014 987454
793823 898735
7978 179300
455254 554661
133715 903399
290819 568448
5041 140391
979576 989421
274630 569310
255243 490032
589006 743955
163148 840708
881252 970802
133172 965263
873313 981734
52555 547981
521356 810389
350322 478503
788391 825692
734090 988306
753532 937312
431268 683595
116580 606262
708434 903816
394499 882561
736085 749639
846855 873341
776331 806423
145730 543344
387410 630744
547279 768514
256027 777851
822083 835471
222351 989785
200825 499810
942619 988674
581823 857259
208850 429666
54092 818447
655229 954860
769606 958272
165502 262609
793782 984934
207970 757687
551670 801985
896823 953582
711852 813850
194369 288342
26883 632708
226194 848807
230218 412744
85473 281779
827537 958919
887488 948617
816692 949615
426148 982511
718716 873781
955636 962007
442 640792
477245 998720
303241 365881
400108 449631
954581 993766
274477 975149
348410 754640
345152 920260
193708 204797
586751 696567
759575 907219
930673 937956
721473 780073
349662 819308
654252 909698
6852 385664
544433 656097
252639 465608
534924 850342
106641 796562
312796 930580
931394 948067
876353 984845
180251 981489
679127 825284
20195 861033
289478 707829
462748 470544
256727 362973
240482 871493
448394 886060
447067 745041
645561 806693
214167 842719
631872 913938
225039 361346
319541 333754
698063 700925
37635 489560
505511 988030
374235 387041
813509 818850
569329 585738
829868 920634
762127 824174
529897 577888
376775 900814
964725 986751
464832 963703
927350 929616
783800 798606
762815 965925
232560 429895
270073 738972
851576 922480
490252 696343
385940 695466
896807 899013
399016 607309
241127 736301
304510 981359
736619 784714
367963 678742
588981 947737
774780 894143
608299 822598
593267 632157
468167 989669
193574 860350
395774 917441
355607 804364
722554 950968
980275 997725
462955 558662
761675 809539
11154 328804
472765 627916
249855 459414
474957 924485
740717 817249
171404 526853
437217 805978
496991 861363
264828 805626
187246 676849
72876 353248
432640 527193
541088 562353
623215 871931
436887 727111
7694 924611
526583 591954
606315 918107
660888 891854
890571 998075
594486 901159
476823 610124
288853 691378
36442 608018
81280 292734
393813 975307
358189 737610
796409 833810
159575 587840
999935 999964
165440 528731
787672 946983
502539 525361
935250 990590
949594 972087
648907 747562
792331 855835
548835 733547
460628 734851
254252 407083
508680 681194
620392 896373
842879 905606
826621 851668
938585 988687
287454 739307
134921 310741
934456 940701
611090 938662
729440 794836
683149 956645
387473 961358
425196 878204
628178 854173
754143 864202
332687 456854
892974 942601
894782 915895
706451 885650
144220 588291
896784 991431
250729 802649
678259 950882
125318 693564
537334 637576
720039 883468
751271 862632
610733 770742
926286 932566
587944 981243
887070 951851
641856 957775
851833 904685
993305 996094
702099 735815
389136 538328
119626 380270
679260 706318
527291 942530
248398 899412
384187 689459
748371 911141
898856 989826
55181 577054
592567 964665
957911 966120
93653 483145
14347 813221
246318 371694
188924 267451
497027 835516
888382 922927
499025 649698
985105 994969
637550 899377
939671 942300
12511 334633
645603 709494
274392 634165
930601 993813
487010 535403
407400 899205
129023 626000
435283 937722
193824 223976
86189 368278
794572 848666
400576 998559
222853 338838
139565 650622
532382 583053
75453 385404
422350 957324
399658 992129
117735 672136
631162 684017
19110 922868
990393 999690
157792 848846
657022 899980
48639 510592
919642 967881
307979 459567
324297 723004
157660 783678
358315 754612
893225 981467
90470 367201
182637 212796
248078 356237
229136 790039
790977 843119
562102 756995
457192 733106
124727 495913
795516 939058
894558 987254
501036 814943
409783 704719
266381 971208
531655 714270
982252 997776
562267 867778
246642 849408
887238 961290
112935 240524
631662 735816
840328 921231
235137 866977
437154 527271
973429 985978
714698 845567
198368 944989
285238 941106
501946 835328
102140 146765
943553 998309
651172 794986
616070 726010
493517 864292
672854 821445
73233 249320
958373 968546
509780 715067
344021 440549
828391 955121
813885 965830
793378 986685
450952 690556
618573 720700
370399 692856
638877 985572
757731 964800
544018 623538
652420 742543
197717 503891
320361 379505
607831 809169
804073 967553
897467 960784
240466 669988
682593 725170
569091 579749
428514 765010
783888 848681
243543 898141
558348 582851
587225 608903
328043 877259
678331 804963
334421 935068
427968 724803
564414 836093
194099 440188
710573 904695
56277 385630
686815 979350
688737 845200
337536 662223
86000 111576
136285 251034
419691 578880
595270 659317
765344 997369
151673 337877
73449 674821
814774 909648
987856 989768
964068 975047
541962 895078
577412 746587
556758 948163
433661 931744
718147 897588
287548 851411
658577 935985
209514 564663
157301 793880
149773 599645
694373 883179
764558 786177
149029 764716
291299 347793
605454 940192
258962 386946
76309 177084
304674 538128
658546 741673
657014 713656
682812 758683
265154 783978
513859 740771
534153 863925
988971 997117
392944 873094
341084 479844
280130 589185
283735 968102
558670 660925
512293 763278
448377 610615
450791 666684
8216 218433
842101 984711
175830 435968
30403 789398
414104 690918
24623 280948
110023 385704
531781 793447
452031 934416
866185 975817
544419 619987
391620 752949
468367 505099
337991 931878
190035 896389
481384 713955
834332 871552
844333 982749
994264 995940
42972 469193
84437 932414
888221 995664
426030 740083
781940 791976
416154 809645
523905 937151
177774 207807
497559 862355
551908 928814
295715 523036
688274 702997
36321 171116
458500 591020
541026 877791
808921 825581
507334 849776
570470 827051
609935 805367
593622 982190
468104 622769
698057 981514
587519 745589
881516 985091
533891 883824
155574 444528
146474 301349
263667 529543
134087 935543
218640 506040
2173 728816
640565 706490
56460 853872
392920 486850
969824 995851
439597 952531
559581 842235
429989 766815
941461 970711
75315 623110
990083 996298
636310 875354
260059 760558
864297 992293
660424 951692
177062 456060
704699 763165
147618 195441
166771 366378
862137 880768
807998 845503
750395 890911
154571 873371
873951 966782
430777 524373
195702 874361
359623 865826
986085 993825
351988 457611
681356 732456
234411 328099
579502 995353
457513 492957
637384 638701
626682 802984
32328 393311
413370 840778
94269 161734
868441 890136
309725 462176
606212 835328
23045 864306
214491 562556
944616 980604
984986 986087
853286 975773
258744 802761
314445 844838
295075 873950
523346 926585
898151 916111
138034 503902
645246 651978
686485 748803
540989 916837
914258 953295
566437 741601
60608 424968
699336 701370
120159 419867
644553 845078
271948 450394
251000 705137
832063 841151
908396 956578
259173 953399
308629 405658
290866 787554
827565 857106
31141 120359
851650 869578
961113 975662
102735 481519
839250 879978
735526 931562
767316 907402
848293 856298
780863 982605
538477 831027
200125 776965
384199 669921
265010 834985
551440 912566
734285 972068
620222 736358
54130 974839
119099 786583
891264 961770
843237 851421
578315 901969
905251 915694
817359 826183
124171 394986
91727 152280
134149 619199
737820 749354
73123 105065
491813 966234
127709 238999
388301 474428
538533 930942
760675 830812
430890 633056
732369 931043
282289 352926
834731 866207
871826 969279
434797 498930
888839 894398
343104 599000
652712 679445
967939 969870
111935 982628
946407 971553
483678 729453
891857 994160
843730 884243
510695 723618
810995 971011
732097 934473
602643 727908
582826 969516
97926 150495
292848 488840
179050 257465
411590 593560
311328 904358
406981 792652
819728 866836
627963 861999
543786 930212
9406 73333
773952 795328
604653 645406
838262 845354
39327 953764
713493 748784
434793 669247
974172 997779
375407 849517
550688 781822
974188 998144
866295 929690
117882 880003
715901 791797
177508 747240
366547 795868
949583 956763
482590 534742
586063 952429
756458 959780
641152 920728
48705 982110
13739 39137
669441 830063
776457 956158
186148 347299
209530 501412
663871 803641
182516 387269
490788 807209
200999 978270
203095 483340
186629 518186
472403 519574
654660 753685
798333 895156
463820 739528
58550 65246
99225 322744
489204 985594
328364 933743
639961 815070
766039 829770
909421 927300
993848 997959
754730 897773
399852 403470
946295 964165
143977 352317
151524 773697
955346 957572
465533 525400
200421 223483
167232 985923
40871 543849
316662 335512
772139 921263
285060 427695
782781 863821
413206 788507
493441 549634
67218 177771
274508 482822
114044 858332
470399 983735
531855 781624
121400 719553
363348 485182
10164 654279
553773 728528
832815 968148
265105 902354
574887 939558
207766 910713
928390 978001
688227 771074
3722 200512
133482 742780
966009 978396
948538 962616
933180 992940
735168 903961
824714 874603
436350 466131
670840 843259
170231 533662
977213 978047
285183 661410
370822 823156
712685 883233
282102 659963
982240 994896
217152 421959
10709 263267
367231 510386
444526 834748
738578 845717
620 448218
995425 997866
348026 734000
84522 688193
185793 963442
936573 990769
752785 937990
687256 857636
342154 535671
723726 931232
549481 694254
633750 925059
493735 823130
164760 498241
998401 999710
564476 925211
861870 996959
491217 768455
36565 701542
819683 969050
104720 819363
784105 808766
808640 992296
774153 958722
9746 81120
486759 987889
655431 712411
882705 893255
595478 689010
795567 900997
400674 846150
349728 775335
76459 702750
74716 510548
469915 827462
343045 694863
731812 831904
915926 936716
870530 981009
590188 796337
271683 663265
608504 651629
686781 802998
230282 888011
625843 752971
414233 574670
949538 991502
155473 688295
700463 844006
608874 869767
866163 965083
39129 483748
422402 986840
274702 431195
637286 724181
329735 851924
431657 858425
290347 919462
240531 534482
108805 606289
436895 972753
753736 868447
895817 999885
232450 673858
2822 590337
47180 106981
899382 997285
768228 857114
515401 744788
137298 591319
524472 584458
226651 747482
479631 760931
55622 427849
400074 653024
499198 978460
200044 778823
956728 983650
716868 991325
353142 958205
987264 989138
741392 858812
777320 898397
485571 872204
783690 945404
61140 471937
453476 900559
864870 993778
635293 739264
96028 229524
951580 979246
987707 994955
589584 833679
430635 613867
922855 961823
952019 985765
550617 711910
658623 885954
568067 781534
939723 978485
622796 724340
550637 618037
801749 891253
475609 983902
132470 967232
302160 583564
356480 890914
609255 778102
993183 999564
792623 875574
175530 789398
800200 807510
512460 904528
805232 899076
107955 562706
49284 222473
721500 883478
207460 991316
331193 370169
418264 558081
222736 587620
51692 932587
349876 715064
76786 529567
254539 899342
781662 866485
706324 887084
524281 777445
782049 855206
637701 947445
248830 944246
275805 428181
957988 966846
436273 453585
935908 976092
528989 919870
477536 991153
141570 902428
732540 957747
267462 682389
485125 653925
954687 989550
908099 926778
360841 683389
745306 998845
721304 748601
281265 555952
681117 796511
181802 659639
300957 840493
179961 927504
38479 63711
911226 992041
197203 564553
135348 315252
885416 922887
897545 952621
589991 702014
181227 704824
799189 918272
424433 945416
449291 700110
913009 913426
511427 532231
960647 995197
781455 957028
341278 522703
91331 380265
112308 880986
976535 979868
852338 971521
863240 934004
352254 605583
191711 487086
674372 760754
966232 999851
385078 967937
843112 885719
972963 989377
892631 957271
840121 925064
403643 553885
506453 893800
409275 544860
528798 693659
333655 700568
445271 957346
788390 983328
303245 516844
949450 967140
952360 976563
712750 808016
50565 349626
799682 868125
864524 934012
676168 720866
317186 993062
216629 570102
583285 750740
679316 945820
211876 477496
847920 936544
206656 811705
298105 668904
925745 975109
532476 617649
946534 962259
166591 381246
689916 965221
772208 783944
19305 307858
909332 933399
922943 964621
907778 940029
53184 717029
255196 348155
83202 609133
439426 620047
650677 797115
180337 799538
65445 925926
688244 922448
346305 896674
119766 401771
869189 922847
833843 986496
458070 725949
692001 744678
530356 554436
773823 783826
512798 563339
678725 989343
519977 775537
369684 926883
645889 683691
137909 929106
375630 463663
960477 998222
855763 913593
359951 962208
560432 891233
810284 889363
247051 461683
536095 887154
187190 465427
503970 675455
509576 585678
911224 951884
194958 611010
271400 704832
749704 987983
875971 924857
616510 876310
977525 988316
294691 955190
655884 786805
6118 734437
272590 508638
733374 999585
296696 447472
310949 718387
495081 962998
814415 981763
576562 619915
229273 982210
734118 888473
627815 805366
606642 893907
232512 677989
532375 763829
315084 386950
316826 498927
508357 779310
600285 630867
320990 906919
187018 396911
790110 797563
630514 850075
399834 619091
267932 279993
300179 438906
477981 807137
327713 529478
21403 577146
586874 782475
900290 983860
847236 881695
72099 433230
333712 417523
682069 849459
316448 738232
374186 940064
940317 945035
891563 911781
173357 670388
705060 823013
311915 408936
482010 612118
177937 896452
510731 520452
152233 385866
714544 882094
770943 862985
761276 904669
117437 546249
146844 249689
400074 825644
369024 704046
163960 622103
96298 907498
762247 881649
469597 908448
895609 969405
972026 972564
541409 919553
885576 895770
110819 627166
232075 997708
240946 892340
187776 384821
423418 580207
85959 313739
35112 205185
270021 358676
503906 703378
870575 899609
376523 747725
738016 738552
66169 70008
762926 819667
791426 792764
177115 703658
586213 822247
92967 985106
330879 554822
231063 771948
407522 686521
125179 754825
160158 649033
363508 819495
890869 894271
277464 797490
973825 996162
704201 745767
529115 802772
146636 174002
795721 937559
572152 879890
203486 616799
421284 690093
551530 796097
353394 872649
276510 914506
55207 417946
912856 955465
226020 672467
131217 963644
367822 525216
354718 750056
979577 982227
799188 915784
66457 960190
913382 983899
799559 944261
793921 866020
780282 832971
633776 696305
60446 327179
70401 520802
43400 991853
458649 954848
601317 900015
277003 968541
639805 749191
836802 861868
836050 991644
260929 549855
657667 992536
455911 834397
251125 617814
110769 857390
419832 860198
972901 975597
191682 447037
40562 144984
242170 994650
243775 825742
867398 886810
119912 347082
248631 464194
764699 949603
874618 973035
133695 667916
165406 912359
387767 538122
881778 952629
161773 263732
634582 933374
101701 866647
689466 985189
522814 672014
29479 220118
859620 969747
96977 573317
797153 917707
117456 771493
468614 788131
623574 710086
554778 801907
405904 704720
458271 833285
176676 664762
784658 862595
529822 612446
529187 928421
952531 959983
864677 888899
834713 946885
179588 552663
437653 933359
590060 638298
947976 994175
176732 481180
803660 898150
387802 910033
60118 290583
626156 918048
220934 783063
289871 783158
524342 961795
231776 557147
975915 976033
804956 898900
417291 993411
510385 733372
833611 959723
686143 797529
730571 779844
252124 659341
973834 989325
332222 744814
572355 966766
588989 680180
998346 999385
167470 806888
336064 792157
121780 922438
197509 560483
429787 596021
724811 916091
163043 873250
446229 915655
309559 834151
859219 885905
127496 791402
249283 339109
555470 980095
962678 967661
647440 860664
477201 755161
612378 743015
638823 927029
770846 784763
339835 871354
704851 813341
926459 988769
980453 995221
686127 927422
24924 504326
173505 237484
576593 856902
254787 455771
645295 649662
196983 829575
680689 878331
716309 788511
542558 662648
963638 996664
978321 987666
800989 903343
63213 908480
33310 958184
81414 728379
380159 943530
391546 686807
680837 994923
878097 968026
254225 335878
920682 976257
913721 956159
57068 309155
925117 996881
934636 985572
616926 791301
570794 680523
980916 996931
374776 504698
946450 992295
412576 704991
64295 685988
545448 759461
670334 769196
856780 986565
295920 325340
491454 999906
444602 524750
694127 790630
383285 573920
642025 752186
94387 989190
814342 869545
899694 932741
639321 988064
500169 972876
64734 456502
798566 972146
366832 465749
860137 939675
412980 799946
417987 818413
753649 991672
18532 880768
359482 407137
499128 637192
658380 927261
674508 794118
517516 544765
89227 853884
583270 625052
253685 654362
999849 999860
75239 524628
747057 835992
782838 938367
649859 891266
713434 950213
482607 705329
680868 859547
437107 771896
41522 904227
258294 276605
545932 674110
894576 967719
737705 838652
459839 825942
815560 954074
20631 885169
832576 980368
924950 994355
541197 761897
936929 948191
515267 894364
434340 981755
990476 996038
808203 993086
127364 770993
791380 798287
918882 942086
330091 773225
723455 767611
106822 392719
533821 876201
662492 815397
829149 850157
852908 926465
962476 990127
680318 954313
579358 866990
218739 399535
935270 993195
243622 698027
844778 975272
896923 972980
93978 332140
78602 130269
248863 360370
824213 947138
51062 386615
62922 778576
357645 879035
372914 957986
398771 530409
829868 937010
59808 846142
650791 949289
239746 361215
427689 892725
818369 975529
686399 961895
891541 895666
143875 401614
489428 752241
73712 536447
428878 660979
375328 749956
385481 391827
421798 999916
295452 393599
309333 410695
969558 987244
612551 938304
931296 975028
647308 978007
626424 849327
844362 951964
851456 948436
145844 889057
892056 919028
663646 689558
569920 737019
606804 659062
657674 918247
956063 958112
894684 911101
113413 946860
391843 850910
45455 115986
304431 885995
279965 827040
928070 957638
914688 940341
288071 528845
503400 728921
576217 678285
517479 900353
283991 411182
313199 326321
285129 837479
59085 141090
575088 917227
613092 831818
183766 436203
219947 886744
262964 914330
71224 558907
187850 957890
618295 807105
473262 893001
690597 816469
332732 777367
11125 263115
501788 535589
431407 502618
71312 246827
930296 933545
316978 781555
898489 925166
66101 423646
984844 991901
22496 191352
844325 959442
560041 575421
950971 954642
454171 877807
787770 911208
84076 307798
485509 548000
727970 944823
143289 725910
950396 964115
998369 999482
579660 936934
115687 810071
845900 851164
231424 910091
886934 999182
15144 64430
547477 581517
951763 982554
881757 988309
179999 814300
482772 831020
319762 790112
501503 814832
703145 770560
671163 969184
466013 978053
568823 660216
698627 936704
665335 727952
797460 942800
760127 812946
449136 584258
331149 336645
706951 841753
726053 727053
206148 279677
482951 962608
738184 791542
80971 349957
476773 673160
738380 898605
926185 997545
25814 746698
736223 770000
947307 959791
452275 578536
846087 887862
137061 882976
663478 682098
973283 994219
440090 516810
382182 661849
885822 887320
59864 738643
877833 987132
330105 960169
365191 928218
627154 696963
293903 312195
861702 968290
127506 678385
44443 93307
856722 867962
852710 894985
553346 974679
33225 283478
928605 994539
864857 892915
332466 786555
561559 990895
445201 898173
589675 758873
942134 984845
757350 807029
696871 802669
692087 871611
254290 448162
25636 529246
372753 854641
392882 755531
213707 215298
625571 688064
116514 966413
808834 809059
165190 595673
876291 902513
941228 972688
952482 981028
153452 262973
399067 935333
716930 961455
772415 779977
222805 682348
786745 899301
716785 790515
109021 621771
339252 385618
504580 986475
941753 972443
708771 878109
885747 996975
151431 813226
149352 471686
430742 636961
277033 861697
891993 991070
503640 898935
978415 981127
153108 865115
139776 428340
934386 999033
349497 739401
188431 525855
989301 995759
562454 967820
885977 937619
477963 853871
503715 972442
678928 729961
958907 984911
464346 724763
971772 972620
849521 896131
856635 901110
66554 916527
748721 820997
273825 770460
962899 992301
860488 934945
791770 950392
343687 448010
634054 967017
323205 845217
112651 402108
636863 826853
654972 932662
820368 855118
23231 282235
24966 534383
864155 927914
215615 453918
858433 998123
403190 775932
922640 941807
765598 967763
698427 738919
846941 998285
378530 874399
220014 556992
565374 722771
849561 870555
675657 700676
612154 975510
423378 487948
939062 966673
922074 944815
397108 760639
495479 595240
446860 751911
344632 504693
683806 811284
322217 540070
831177 880981
196423 580954
523143 657946
54178 721217
374908 859009
607001 647096
580441 964981
920378 976416
730333 932073
129411 953921
766276 860834
369116 802527
254711 255644
761413 769115
623692 962904
952180 974718
948870 952955
699617 944207
294929 732553
210306 470992
34103 465697
605229 755801
241335 628185
47201 505537
765789 789530
376577 656838
637894 839455
493915 841911
882738 912621
248119 510438
70861 108777
52814 633528
799982 993210
683315 699905
808428 916762
718626 841833
101631 861425
80630 113926
563378 637964
103636 886650
68810 670118
625083 985803
639077 888810
479148 563696
836068 986023
665864 767914
795409 996297
250679 423584
44756 347356
732264 920882
808210 936637
614528 696663
188427 750498
237015 308597
430917 835376
948511 973047
809036 841012
230836 243385
372684 424318
699137 926718
381111 619617
826480 880825
130922 904117
904697 994052
925364 947362
708300 776767
653773 659469
499257 636561
663919 923647
53310 150419
466545 557700
593379 783050
810827 979023
647773 725533
382342 396773
292601 751764
192133 390010
732483 779065
206009 773362
222870 903901
856388 988058
974834 990398
766431 869980
756617 881842
854041 901932
239135 445255
355595 647554
825553 875952
226954 896737
171813 892079
818048 852160
969253 999062
710069 807716
132487 161704
760926 904671
948334 969769
604960 899153
174995 848167
177948 539898
588525 692198
600590 631102
584244 877837
114120 350502
616336 778889
758729 935678
434709 914004
672858 708959
678291 883998
303966 766620
301773 475236
978718 993687
619276 774863
394812 679888
859717 929311
959278 993424
930437 959369
21648 71468
599441 808423
427648 653672
769330 903671
373533 856836
172943 467262
177137 255295
226246 951005
172829 332988
953088 974290
466328 815675
800685 818100
880862 898805
374841 636642
61008 786137
617254 718864
69410 301825
515582 740687
876676 927637
733749 923053
39365 500776
783519 899604
49761 451665
205814 869400
694847 863517
585421 645354
551603 553947
40744 935273
477213 945277
389257 777152
735445 822735
841208 952452
605814 667640
434573 842137
237722 630777
704436 880075
927461 991500
873315 996214
680340 828148
103388 505154
142364 410877
803491 990366
518914 772046
758215 793492
388329 749287
441950 795796
793051 991206
558399 646955
250538 384850
674871 730488
406593 504380
778230 857214
598825 755632
882291 967631
575750 802678
674885 832811
799703 847283
198163 784364
443121 876140
234793 853933
387009 528034
792440 842422
132716 618889
938918 951514
47795 993682
665717 699459
232285 899616
46049 226111
318430 364094
718364 942068
379574 678927
974873 980194
191463 372352
399531 790920
518035 831981
937854 947542
511867 697683
127714 978752
569896 733122
713362 744095
176065 942728
814808 881126
448258 979855
459456 781731
130400 811878
834242 986689
739644 876193
923736 945011
122245 125784
67539 871952
849067 969526
207540 940285
24775 321033
128370 291528
971213 999141
647515 765857
888789 986952
50525 133832
208564 981511
627688 756271
821646 858257
934814 963868
750728 774572
283176 339499
966714 995469
184531 242237
596309 870802
429649 508388
211240 639523
986444 989872
223796 887475
645626 946549
279771 899247
680761 988368
825511 987525
363685 945872
776127 920523
876631 877835
350404 948601
884932 994282
706454 799160
35608 525343
673715 681969
573824 663011
428002 984956
375131 494610
930408 993777
269525 561359
155936 204867
805901 884801
256114 370861
59589 873138
618266 707630
336650 756656
595787 968342
921374 977773
757938 912875
649290 689464
902973 916185
20526 417095
447756 908039
86887 975487
358205 662055
471748 954678
769033 889011
376930 521490
18433 172854
642775 788393
800283 891818
531791 781156
891929 965733
263999 492776
127050 783430
458937 763167
59867 623520
57796 290545
455420 478562
372285 930840
361576 619996
438106 952526
701436 954535
637231 666103
23150 192139
417975 476156
730437 846491
801872 905805
361124 840190
800157 867727
735384 746489
877340 897291
21100 967148
748168 874343
613834 781627
676230 906442
606596 920096
784509 897643
346950 750519
4844 785041
706422 983813
971371 983014
71772 749026
236708 922056
459552 917453
906099 949465
524300 800522
394479 796734
530553 943823
575531 800327
554165 854076
587891 595940
819146 847084
318866 431363
677315 851908
667748 984638
558949 663070
442900 672226
993265 995689
769264 966853
791338 881964
561558 601917
615126 959502
43787 153738
332752 472066
489122 913474
365400 657267
3080 746306
88813 592673
878143 896529
205288 273563
502140 921316
971062 983511
921448 930444
642299 859442
224407 924536
963063 976517
411125 693146
720592 804459
284850 932969
820955 840898
749704 812602
967948 972119
829645 893558
686575 870545
323721 922443
815546 826650
380076 833216
97606 752042
253304 779697
988140 992677
853710 913874
631070 926166
4705 391521
866944 892153
82134 638378
704522 850199
412701 729775
650666 926269
74737 126857
604425 868596
254503 679781
685611 974700
698704 899925
541995 947300
184516 240833
415700 888969
680186 887141
267665 276544
320444 599955
873548 942565
570680 571642
250565 991032
538047 825057
980788 994249
517957 634056
129313 839653
775037 873010
108786 513627
468786 687603
218289 338437
855572 871917
465032 609423
527911 928300
238305 988140
920822 923678
989335 996841
145064 632272
880064 898426
336435 916153
313059 615660
964517 995299
546128 826647
505912 875932
231308 330588
810109 813987
465326 771840
329067 489349
777283 847869
101765 340481
594986 596518
370038 577836
602325 797495
666381 969602
497467 705875
179249 681438
515646 855653
109042 461064
715625 887212
452300 478295
192647 309380
551938 994454
867410 976755
610533 970431
853251 920335
874417 909144
458015 575459
604534 769755
479039 842061
527377 705215
597060 975194
493057 504167
159584 292340
306015 891261
384007 806469
74519 237191
283939 791577
30401 355714
524407 825708
766173 949527
729829 978896
559593 688197
135467 852609
155795 651975
507899 565728
216997 929379
541122 921406
856974 984984
898337 992459
834707 917725
875692 999137
955972 960663
207604 878005
775038 924086
695065 837371
166552 558531
309650 882051
609180 773335
376922 597130
221143 542823
49528 593831
612904 769602
885636 951028
64418 192455
672359 865812
500419 788214
970600 977356
654339 969314
632066 706472
586705 913208
688440 752904
241734 844127
121215 821260
72501 151735
442562 982341
622903 945982
831389 922168
216063 452744
556797 633885
693513 706934
464637 732650
510437 517122
446604 977304
613435 934554
305346 616815
834606 877065
837270 956006
56932 983020
859758 974000
504375 553354
640991 910773
655479 809534
489148 866386
878383 986155
427684 501825
956851 969627
843557 877804
715995 949653
302301 712479
983423 998021
172647 821544
354816 676171
746420 948862
530152 710154
146447 741242
465955 790297
798289 999275
709489 977549
248210 661866
657494 788051
587925 767707
548773 556306
45399 984721
588513 908023
716013 730606
583752 740414
509986 753535
34099 39413
77464 932176
776118 870510
782440 903198
379913 578520
880874 937118
287638 389651
817105 909529
772752 999233
840753 932415
501945 621569
622951 989809
105243 430958
327136 875805
595893 953207
893622 998545
848178 923739
493884 895300
134592 186281
937690 961952
819066 873675
276774 679737
841668 858896
333032 853461
312858 850721
605438 705613
869071 976356
872797 989357
761419 992189
766673 880993
260514 830105
567381 753645
114194 723792
832046 837388
574035 800268
741799 920874
233285 356955
169382 234333
816873 974571
798708 996717
408499 428202
408884 554869
549191 683356
607484 637170
620777 834954
669638 978379
564777 959656
706993 953866
485464 502455
998028 998541
376580 960552
499423 873757
659849 767802
698357 764354
971310 995381
954261 975418
609847 615385
440170 755339
136551 631461
156922 681578
147371 523473
420636 913359
849274 875147
323300 841494
944844 994294
870795 874346
815751 900182
409193 869101
318714 646921
321394 868380
951631 968536
298865 787062
359451 404540
10306 62448
594328 610166
491300 755683
759384 999654
597087 766296
632014 657516
317081 659147
78604 673458
744810 942826
418288 773785
232831 529720
625221 925688
924371 978698
110910 845988
428211 460745
557424 908502
913686 948211
778135 887053
483514 545407
264698 876955
456690 715753
161707 642272
891371 998926
368953 520431
755461 963970
428947 999968
260545 773723
188794 651299
276832 923898
507792 715690
75476 725646
997006 998590
101668 649610
409953 742347
538458 763619
50692 833170
59288 194026
945550 995330
341496 647974
497575 786137
157842 586494
908121 920355
218656 735084
481376 809133
478765 928461
201397 275048
543584 593579
353037 963505
394298 469302
631575 989568
203328 830888
914496 978228
442151 950980
363189 547620
522935 783522
350255 737525
733646 843492
582682 641038
854342 973947
774529 839203
432286 455582
476673 829914
350670 616100
141432 329956
788006 962131
366827 467589
206183 727609
192828 637331
260479 735969
186151 989914
172817 408507
671542 813427
493103 723612
372051 460848
874029 892093
92049 686122
46781 852188
816345 829452
688849 927638
760579 914015
8878 740489
898907 969201
396875 730944
477461 725356
612660 663513
646029 908294
469964 830438
922104 983024
829212 957514
57558 415462
708463 852666
743388 778844
946580 980177
828384 942144
143831 856044
510986 580310
344642 814847
865692 873493
759994 930505
574734 899609
957403 967521
988770 993258
803729 825434
365068 450963
669853 672303
869517 969405
590999 906758
718908 914744
306066 842832
970017 987322
519338 616387
612654 999790
845599 849165
707795 946233
509467 788296
433421 931298
273980 317348
417312 475135
354666 746588
268942 755467
451500 456873
837483 873115
616826 915427
549214 617446
972328 980024
298845 397862
230411 272959
895252 895773
385731 724036
137408 326588
914087 928513
950760 981208
587925 599325
709226 775642
322871 588821
315290 769308
790315 827618
8687 886507
905798 995765
88969 853773
596785 632012
991286 995595
450964 545336
927789 929513
665967 817389
780758 987497
287336 985513
531361 692638
569236 776135
709270 833735
399815 480404
349436 530930
250670 989450
742624 784407
179525 581549
126150 193186
732304 966977
361017 680512
644728 845895
932269 988046
666277 680357
314876 937412
62551 374214
125137 776111
400277 911436
182005 238812
935810 951343
548615 992603
688256 831967
825753 882250
105451 780376
189856 392830
975274 989460
347523 994555
954667 956172
863210 903772
81082 528259
942906 962950
452628 529835
734689 755551
7997 718963
482276 647719
466616 684090
736545 956089
469123 585592
718117 746504
573625 720195
774864 809128
938612 998919
290200 682510
966246 984149
208178 851572
92964 161776
927483 998579
268794 464809
819653 962583
893320 978388
520669 762993
752239 839643
381114 520822
777864 962169
726718 777129
160848 907122
819606 905876
227345 577349
496781 606970
475086 493638
826953 925050
109716 900564
538558 808187
737567 795091
48166 622005
172883 490946
774029 871364
582125 847226
616072 726925
122435 696795
440048 818435
984434 993876
512415 704271
374604 893415
853986 986357
442449 631263
978354 983523
691587 957622
790265 999270
39500 988387
825472 980522
213282 693384
685365 734743
250348 368900
164327 935334
212802 865539
711365 714305
896932 922449
721397 815412
288292 587878
465732 967480
281180 985838
584221 934033
450740 576061
569456 944512
617567 900648
520444 924727
103960 356524
651751 759575
659232 707682
931201 963636
645565 770242
917074 922317
885946 995594
744559 976708
401484 547167
302976 409063
818040 842641
627568 728501
505295 556819
784168 873372
520094 947907
481588 723010
445014 935591
424787 928305
180095 188178
110129 660010
638589 733222
854850 891879
668500 833494
445842 931975
561268 657642
247968 738060
616545 835158
978099 991159
284730 332151
448134 450837
926461 989097
131473 782271
965801 989382
898095 986074
245995 526700
296552 326728
490995 660349
503532 647748
333632 974757
50312 625715
130544 426009
152144 972928
59040 307836
200807 657151
921079 982664
965232 981008
554155 874766
393590 682803
205519 276604
739035 822537
485969 713928
531229 914117
767073 895374
744410 909322
117095 654831
430341 660310
369137 764649
317079 730039
194839 694236
762471 978510
467635 548473
294943 358298
968007 992859
283307 953683
754074 880047
664827 915956
235668 262198
154420 270023
881820 892082
930671 964820
160994 194926
518005 849553
402063 930138
440615 932052
944660 958716
157434 656053
225781 448015
873477 931464
476187 801098
781300 796238
968681 993806
917077 941396
546454 832490
605211 798373
744010 938733
256033 482974
502502 900738
805884 817951
615772 895694
697324 942475
361091 391596
197917 349497
416749 524231
905910 948600
928669 972174
756663 963375
487622 948797
713046 746492
561360 589897
510585 875555
274185 838696
91826 897190
9034 54245
405606 932169
267576 945832
551530 770846
375824 421991
81009 192005
97281 727675
108370 689447
90721 317959
37844 793015
301559 619500
561671 710662
902239 936151
987634 994186
533909 721542
384305 485876
145324 169978
383681 408433
165933 768599
313552 781130
31699 891085
524526 707621
630483 722458
287011 337095
45628 695919
777057 890219
79463 442510
176564 848954
323479 964542
582061 819370
412904 548175
571291 669926
207070 279800
147682 960326
868608 891668
288551 586349
104121 797407
526479 529907
317166 507421
482925 565886
586618 653071
422887 621162
327204 398407
421470 485697
699700 982700
595768 687855
655887 861739
951517 977732
857166 979112
508640 669470
949026 994318
750777 861222
379983 703898
358504 724390
329798 447901
21657 718149
752195 908394
476154 604331
837401 912619
172111 727014
234245 254446
291557 353295
90293 729184
364474 776470
584219 891936
429822 548489
145001 619073
878243 889914
683043 889780
110174 843679
651469 842318
168141 230433
192553 499045
4716 262452
63873 101001
767613 815835
463610 844902
273317 708181
543577 574731
637272 637308
913856 974005
757275 951254
964541 982655
115382 850378
189723 620640
887544 932374
890381 942713
156933 566348
880694 923985
258218 652768
467940 875505
724939 878679
409926 534201
415475 558707
939124 978078
856558 866537
118944 727160
800313 967208
754584 900048
48509 311251
399320 435668
461377 480545
736023 974933
375209 483755
326456 677880
982718 999136
677804 964895
2103 199765
9512 729811
134911 223867
448010 914071
561129 998087
755437 995488
135474 646673
550374 806640
919292 935769
52513 83577
28952 608199
713892 885913
482558 848145
854272 893397
153979 648188
587975 951555
321238 607518
357219 973321
18891 980446
611010 874704
761713 831540
946068 971930
157000 725038
433918 833738
808975 902428
708282 783346
237615 756055
547070 734282
244205 941068
715501 928210
685891 717250
800930 844088
213139 350245
189644 227194
464760 491200
217610 652821
910123 962499
393089 889734
827015 966889
515608 625484
54036 495213
551781 587653
133929 885652
306602 454619
836647 898586
712325 851746
642792 683314
57330 435882
577707 876423
907919 961762
349952 980639
775468 824148
57772 973766
640090 964697
212756 228655
134937 174891
323207 642447
573020 702093
354688 648645
252388 331693
13866 929042
701570 732881
15055 600807
212726 626267
842883 869356
261155 920723
224555 354231
150906 263499
682531 828487
427086 602215
61606 306122
698909 946728
706534 708317
579809 788134
573168 933453
948777 959382
631253 884460
111894 169688
307752 960763
460460 745393
636072 637577
895001 919894
653 103781
245232 798438
168010 632034
239072 760595
189005 785213
814977 929818
573699 951796
767394 894151
899621 911390
839698 929679
51708 599256
895496 936761
585120 953538
494105 901016
38061 872185
806660 850418
387808 995183
994793 997783
475007 491268
200685 441471
554698 595525
844350 913507
357217 903848
682663 767170
570783 654227
467052 507462
613121 894366
855281 989337
428104 605106
170352 348969
635469 695658
84 699207
355099 388609
894930 936449
595390 631499
427928 616682
851503 937117
39942 671371
649217 758390
512979 584629
700594 782356
920521 950326
162295 535706
276061 928970
776382 877106
103881 975953
527762 974400
94838 641874
578058 768673
98345 630801
669092 774480
93301 698085
214202 425588
488712 882136
767607 778245
31102 696232
397266 762784
738771 973962
631506 980611
546345 573492
521205 700437
121893 576387
928223 984577
380644 942940
155388 475481
780197 924395
548157 663239
297460 968358
595925 928955
469426 620056
294158 724842
983603 997012
563659 968390
106400 898240
689759 863303
259553 946468
767239 856097
380376 954997
540470 907647
536938 668064
375383 520370
161633 577950
335389 985611
148465 186867
348291 519507
933528 997442
821386 859012
30084 58420
894739 994390
498175 633456
680413 802490
25445 457002
679261 962331
686099 976440
471739 835275
142479 766984
474000 677135
252968 304069
205598 614774
631955 938054
317201 355822
260591 361112
223810 295050
786523 847250
869639 879426
446910 806979
239956 329024
511540 988441
951675 977338
293698 726170
274461 856139
640557 816983
267343 401222
556652 869226
471904 731251
53171 71845
722280 811359
698847 760224
137081 574120
751221 964933
679194 800100
745817 930720
131943 307374
600817 612090
327204 548763
877433 893140
381224 642668
491017 891543
939437 992673
179440 903587
837923 912799
24544 869193
100853 193211
148484 840475
417887 790245
269286 408462
861997 878795
416197 492631
931967 986373
530540 556531
168667 365181
812065 817292
716887 752383
532848 746123
493833 845389
940168 942893
367236 568015
93558 224218
490414 929265
50084 952319
113812 189725
193852 640873
354949 526668
54298 520085
289540 432076
481610 646538
736948 967705
889617 986727
500356 878039
546526 856025
821388 876818
781628 810715
664851 732091
895337 975735
239512 824204
361554 877142
902076 929929
283758 449372
200536 699276
957618 974088
396899 868402
155221 897481
681064 892711
90836 628529
379665 400211
127756 886372
503508 837317
21117 207645
976268 992478
889042 986586
415933 510811
11558 181767
835731 917802
83751 749677
390458 932688
327526 329277
133132 933916
243065 393471
699495 878795
191321 979394
913901 916068
423424 476437
134696 922773
545185 635264
724006 872093
782002 800064
180084 641176
151914 574103
401914 639233
156719 198999
856327 909808
422776 558595
940338 954919
151020 908637
897724 963252
973986 974469
148166 937342
586588 909716
240773 409266
370009 765495
63209 924302
275448 839004
960946 987624
622462 997268
754178 842968
594565 757209
591242 781184
912422 992781
8644 714704
347085 775923
501714 588959
870965 956217
935222 977509
170685 987052
715824 758809
580507 864490
375349 633971
957840 963577
954456 998376
972456 987424
38825 444291
46227 801265
678725 858434
658510 967701
608422 984903
423906 620257
439880 920301
50212 926409
151492 667951
869253 957368
631923 825331
625982 914314
389927 523196
923026 933165
710178 777511
326941 483583
913607 915539
950451 999791
75473 743726
626774 832238
582486 764692
917808 990087
122494 885515
924348 988987
337353 951373
515136 533731
320715 734463
788281 947524
683667 932639
790380 862783
425095 666616
158222 826664
991721 995147
137367 942451
231739 502677
645446 689368
632308 695273
610866 842795
460886 631426
950529 978623
51152 930714
929818 963193
917558 995780
726888 908463
696175 789429
599844 969126
525152 976170
520740 646473
804046 837892
536348 653396
690930 769709
870882 983565
16929 839597
60058 232270
643331 656048
568507 700428
590324 934943
994957 999298
304391 837612
7945 253261
924475 984228
204924 957370
191229 823586
409451 622832
166874 604562
872614 879898
786379 890953
498459 981803
391611 890334
126442 437388
963669 995923
440013 627676
67261 877802
988078 996233
766963 856699
212038 411798
349636 600339
457432 978683
358135 426600
112252 542902
203136 874356
54568 614941
599919 667898
537592 920603
197803 720675
394570 580933
480230 855962
408522 657975
446486 456563
101650 206179
103916 409018
936064 960219
39393 138717
922923 923000
31385 226652
579460 864746
64651 604427
480218 503843
135981 554869
917037 961246
824320 830934
515049 864149
722231 843485
428159 438343
397085 754702
311224 418582
861570 927601
581796 711158
198155 708280
199441 583525
541006 945755
750761 754273
333941 475591
365758 480178
204722 543000
163238 696489
787461 791210
193441 454757
498622 617694
129999 444678
828639 882848
444292 519238
118365 454543
815925 911299
169419 339216
589201 860867
894649 920574
956099 969147
384355 579907
425917 566767
454009 690766
144728 795882
423787 651189
529794 686561
137431 603972
430884 513061
221589 332506
994990 998523
587588 758719
344491 354534
466429 903898
362494 689010
273985 562492
398829 596066
731198 898557
490599 575283
158336 317291
959088 976406
588429 619265
874275 910286
994910 997102
11296 915378
115232 419079
433002 692499
350411 510194
195375 755673
264571 368488
92590 348318
380853 579949
899593 910535
858747 987136
270886 827785
998675 999708
706704 931116
408371 673686
907726 988857
500494 527099
571102 863813
336497 930131
509839 987448
877500 964416
703462 848731
42999 420366
834306 844137
251018 490308
938650 948754
634438 983906
882248 897113
468531 727225
130319 796846
761527 990296
600227 929707
608552 621238
832142 908556
781665 964281
725881 895762
752899 858560
605166 910930
502118 919242
228058 265206
763068 793768
505871 954500
734639 838457
731526 969947
618145 998944
753606 840255
269774 353631
566342 614551
478349 545875
815041 917640
873764 989283
594282 686402
540896 991389
342490 797176
601689 893644
988865 993535
771307 971931
651870 986330
343440 811565
906420 918488
689315 786397
227654 784217
640103 644873
701841 987780
394590 395857
371968 485489
124029 424681
441637 986049
223220 663886
284715 861375
923418 991552
439404 711388
385675 461321
317054 859127
885218 932987
931656 987036
125529 511553
294803 850816
553949 758526
857110 974969
319429 680852
814899 861402
658787 842050
810395 820315
988240 990379
455814 457905
806011 915535
862831 976830
90167 248684
817721 942118
562156 671727
652018 652397
121781 281548
338018 590735
87255 273451
149150 338601
380303 883945
762101 885760
833491 977707
145851 766996
285673 352937
636791 968387
898488 928477
317491 974081
216084 370240
639192 874217
636791 807038
710289 784172
193106 351403
203858 928937
520216 724325
652074 719867
585368 929368
286349 798281
672024 750552
306477 946776
142429 262098
730646 789730
636501 912218
388157 656556
627395 845492
746948 901679
235090 431130
416878 828743
424337 492599
231712 514918
455336 526334
254049 522696
725837 868459
48419 317724
868689 943625
751958 963912
440437 957888
562314 966252
271442 972338
944170 974156
765394 804462
776332 878308
911900 933294
341959 875199
33612 960116
921750 931413
983499 996744
59449 253526
766070 809977
666762 745889
590082 943806
10905 648570
164114 787881
208294 775845
507996 551532
84120 750264
911276 991571
794578 976719
225723 231566
362094 725426
925442 989771
360441 914459
133237 499292
573558 575752
135035 795723
79564 826221
796872 858824
73084 808169
879721 930302
771196 905627
670162 843001
601323 897750
549787 649620
253613 955868
694661 712393
257607 435035
751300 797782
740253 964469
848828 904021
111218 934123
31347 664025
857741 935073
943726 947329
276636 345531
398498 979647
12444 645394
540298 713058
725658 930457
992120 995707
658891 709680
528082 868796
136441 645706
438504 992210
928165 953271
330947 850170
396592 493802
850875 888714
510134 742441
404617 783398
871839 954651
416148 479862
606799 719717
468486 619647
974973 999830
308917 772551
516704 753199
688115 778715
647011 681103
270869 948031
748475 828499
125983 333016
451663 635811
313413 621283
236254 460964
540304 869320
550444 994234
653124 739247
245592 651926
757621 890611
919203 947677
736009 865005
616926 669852
801764 810071
844857 871525
691992 764876
880437 937310
620049 880607
608793 826208
184035 238331
347210 642381
587503 929919
545547 815651
579371 599115
652404 945855
777551 783562
87996 424636
282727 410013
404584 689129
189715 539273
861512 919276
344617 714769
115046 226424
823534 905497
591039 929118
388018 598747
498142 611732
847262 851113
337433 476390
404821 580071
482690 727308
319410 740792
832380 854286
216996 740004
533369 724319
334922 754693
167330 442322
693318 706200
620988 949490
997350 999765
775417 966562
641525 865758
378941 487519
349451 420509
616350 711264
850198 990967
293862 295797
495173 907964
563176 583949
925315 971540
623353 724208
465291 824452
858711 901138
133624 950338
118162 129808
346009 685498
206657 354467
231751 442820
964205 986924
19240 728712
401290 740506
609825 931079
715273 855225
267679 835162
60486 472916
89518 549588
261342 919903
787171 895895
696248 871631
462201 572782
176348 473820
129333 353365
497307 840652
426674 472839
465738 658774
174090 262288
984934 987667
630781 721015
698525 746214
848555 867781
188699 875697
201163 968811
104627 352963
601573 637657
102791 666683
591007 615879
687877 954671
660567 809271
987506 996235
959833 977704
590543 730493
225019 560821
76875 940345
242674 406532
133528 686270
501232 648381
499974 669378
206771 948827
253141 809867
930523 969298
438484 682777
50799 700177
148519 634534
335020 933090
769919 830044
442175 829604
968913 972986
759775 763520
342340 462618
687460 708373
598186 871166
895248 946583
684398 730714
143848 799407
692785 810038
450365 848018
922202 971626
760454 775193
985180 989281
46163 619541
529320 976661
423160 692447
346324 739019
875555 997217
400423 994190
195452 304362
245841 783773
167161 910017
442119 744577
453175 861929
422 121804
264198 598837
672837 887749
363876 865080
703278 939412
606612 799364
734643 943736
142456 892602
393389 947308
678607 813818
169049 488955
943152 950051
617694 711087
926373 957822
910545 977430
294867 631491
21679 216266
975160 983962
322302 561401
761105 863269
214989 776349
378521 554561
160639 401562
762236 792769
443196 880894
373117 535155
151856 482486
981750 985837
150434 708868
106203 281585
291548 496871
659672 874766
43053 341650
672662 938111
306550 532184
566700 807233
168123 982333
602629 698599
338774 715843
544233 967866
322332 888536
182610 268803
559077 874251
992879 993258
821285 949628
968929 987649
492469 923157
956401 957403
667600 844755
910025 953110
110003 750750
250223 927431
642162 906690
372252 552024
587623 822516
508302 554772
741273 918495
573059 880006
63237 951988
344452 913613
330731 619027
333447 368882
291646 782574
912048 945420
323583 823103
749339 996701
138748 603180
684088 879687
529696 537593
319134 762196
7212 794491
803170 979622
777118 976077
216352 619816
818552 892240
186591 603404
603378 993991
774879 954077
795035 881363
118892 603091
435313 939689
689421 987479
144188 763154
585839 685127
731114 800870
859608 920604
424969 779546
283537 881688
120193 558488
37006 599559
446383 858031
503104 699923
391882 699900
500868 567051
87334 365483
146790 761114
337401 453089
576341 775657
238721 534237
131535 940148
368388 978489
752748 783361
785627 875507
973501 981867
535766 659062
893905 895960
115868 130637
457308 569494
955868 958607
923062 923542
115453 589062
700580 720798
464793 943019
368281 757598
589079 813129
659066 793616
752341 770281
135479 641911
544680 710225
329377 615437
64610 648364
793688 994273
528840 961582
796320 949197
408805 588697
944136 946182
884347 895538
442704 460904
536091 892630
670425 994516
607128 778448
823117 870516
935300 953896
205816 445418
893447 940604
433182 799813
448367 849424
463591 647594
733187 914180
791236 986963
261044 964659
759787 899384
375683 886145
118940 377715
191958 205566
389669 486250
747364 804718
343716 562565
831582 915726
973333 987503
321388 340690
628720 850123
845227 846489
977993 985309
944966 952802
27951 580108
698327 972221
764138 866969
76433 498748
627678 860681
785569 917440
914879 988490
858904 971832
727780 756978
694309 922450
526896 739894
573304 647440
290703 416773
74070 225014
848892 964648
884705 927832
571614 897384
179154 675373
174450 551541
592148 764834
23379 265357
31566 635290
173613 684517
799358 902382
226757 300340
362869 883137
956059 975514
516319 788524
211123 761855
603831 675880
683076 924056
430710 581706
649233 794887
292218 700136
902698 973999
563407 959555
412514 832936
71603 346981
402698 658052
121635 441474
161131 849602
320334 641008
783489 828536
579061 948590
134724 680949
942993 953511
924138 995463
155984 420129
565586 716741
534246 627498
58317 60353
882 351946
73218 863237
891424 893926
153939 493872
596322 705441
302333 340801
995298 995584
459267 764110
959570 973571
352440 353432
603142 656567
859099 863324
458706 751148
163718 252628
27077 494367
912908 918677
677572 757760
969199 980352
996216 997961
351621 741737
680904 885750
399734 605256
372796 733120
613830 875938
663897 752530
918021 980432
39617 285730
467304 693509
741946 812146
691338 894373
714720 972625
80693 823732
966988 975783
615015 785429
149161 184269
641831 653916
158232 369696
624542 810163
268994 467585
19368 832978
971459 986039
149735 549365
647015 796746
163152 349333
548492 736373
618628 849039
528300 673981
955811 985679
744000 991631
568457 881504
478131 932183
876201 895342
60571 311899
312290 364556
214918 872341
257985 999184
550850 820184
933403 978854
80082 831595
440972 782021
899659 962510
460021 513398
143624 889292
903098 996553
647167 973265
916214 951678
529092 777987
608478 967091
81473 204552
664118 676360
671323 942093
954143 955406
434405 805060
311390 388181
239977 986909
305176 944145
247470 502508
672072 971477
928757 965424
526114 589957
597729 661149
599119 801421
124121 947438
475548 776781
348956 827313
646744 920436
850272 876401
197710 817112
500804 990146
832099 854738
452361 500420
401573 942400
932594 958400
320825 975539
294537 848357
83496 243425
578911 777058
910848 994823
114447 358432
787275 801967
873354 976335
74969 824139
441987 899023
796382 986711
445553 555629
275415 786203
318990 418979
318151 981441
308859 639764
189700 248796
857309 943140
22076 857906
573841 844791
175836 571980
633900 777129
769142 798457
854799 962194
740708 918952
627255 630205
409034 515225
916611 987894
62994 431981
610467 714462
796961 823130
310386 863731
620187 999033
172621 623179
120812 966896
534825 672793
610733 977064
303646 516020
546591 695058
958116 976970
732981 972254
585805 930782
313742 921417
694637 751672
793038 850833
553947 727350
868951 881355
281852 813214
750887 991760
710063 727423
101060 652485
518621 694435
903545 907652
131056 633834
590277 647372
968623 972435
683148 759776
239177 239358
788734 804348
866049 956973
485741 974979
251288 259322
202311 218219
865484 885892
413846 644361
786250 966957
881117 943583
544170 910463
754556 836071
564119 873787
892594 918630
835339 835527
206909 956579
656700 863422
299995 333072
128090 465073
458221 984108
615747 626988
12024 383741
586649 840856
100480 360007
533164 557194
137643 499492
103019 392607
821178 851121
189667 416176
215481 571567
743814 917265
868284 992158
186547 817308
81347 303506
81748 308910
499379 594083
887172 963936
319514 943032
501165 961974
443027 484263
803382 842205
563113 756779
169838 990745
340706 361180
855178 898171
260466 746666
67977 417662
333546 965044
489508 691901
489089 823692
520490 974651
504745 837133
859707 927586
805755 931942
454064 994122
554893 670250
758726 859758
392363 516464
868468 884259
957195 989321
819749 970552
934467 936078
984322 984794
190841 716027
844470 858293
97918 854862
202544 832687
798668 838124
739600 832340
479909 512682
128990 619179
156813 541685
982841 986239
445245 745806
121101 855130
225991 566581
589250 681677
905918 917306
995177 997698
553230 680511
527966 948624
33645 628771
235674 961838
31136 533315
131362 559151
632084 687686
381951 519558
266913 828266
475395 805961
9053 90948
501787 618887
413623 951830
13302 587623
966750 984125
288459 677207
50045 223905
56763 486749
667568 775979
357981 949494
663137 722534
544063 790911
884291 901573
159805 939392
423399 997122
596670 696527
921335 968210
590397 918260
42921 596185
272796 662679
752942 901546
513577 556547
717631 784737
646045 785767
380937 956061
33340 399879
557712 647041
959779 997154
55563 908019
634716 999047
499419 937299
258153 431498
419326 987059
8303 253977
59902 79206
926118 947533
177787 514261
979486 981007
207607 481126
905439 959817
495765 862239
27292 806224
650660 722713
271076 614994
733035 761479
667135 707681
671579 697040
800189 884573
155023 513720
1298 577630
95855 184190
875687 987027
875619 907453
431205 938626
901100 924631
996514 998915
994854 995319
330228 992104
956883 985357
341543 811324
693700 876592
216591 285151
159507 936520
986529 996961
400086 574763
990534 992273
121955 390705
860223 890282
756694 841898
630785 651427
543560 750531
235273 764931
928330 995879
575981 743892
713179 910298
918785 949329
978115 993114
771449 910934
877680 959693
356579 612483
259856 314306
778150 827282
257745 874333
542354 966733
173266 301251
299601 428222
440812 971076
373739 456762
837769 874025
908038 913218
809035 858156
226048 529542
117995 441200
410702 828485
864848 993379
465785 647416
597711 793047
620290 675036
468592 468799
578524 856126
968077 981322
566787 639792
788249 870614
443017 966006
149102 342913
387713 582121
694981 844287
328435 557896
729469 839603
409002 782757
31664 220692
789226 946478
387829 510226
506446 988282
621374 986027
60617 569262
775150 832700
336135 450534
211373 314522
317525 939650
618238 991232
466927 631894
389389 878800
576315 595662
541135 688108
162949 798485
688228 828059
893633 897316
778815 834577
386683 614000
595358 908440
533327 758996
853467 938037
723838 902011
175277 374285
583166 787120
50228 193471
702890 968458
121258 659874
719619 745963
57018 81700
103358 254221
840470 868607
675100 745919
309244 404838
703868 771604
209939 600748
378972 824805
619595 851407
422598 710404
70327 479133
533398 987599
909937 988247
793583 984247
975763 999732
908994 946576
26371 405493
792534 996324
264099 811720
286434 905586
793060 913398
975092 981004
617511 690767
98520 639064
35885 823087
242080 732122
792902 876249
256186 586824
45450 674073
753979 853180
234780 366482
846698 849964
443294 872285
484938 705400
804052 887576
921675 967939
885832 966687
835785 978651
260206 815643
305492 806608
405846 669128
512810 540600
765012 815009
757616 824367
259425 898593
481216 625673
825528 914335
580279 639733
109612 437995
773184 973440
257848 303006
268018 953307
297840 530030
452210 701689
674621 812262
990721 998766
9709 710432
960969 968649
186308 843238
300148 302744
699714 793019
298560 588003
342821 710716
259121 688203
822778 974349
604668 902258
298840 515182
766232 866068
127312 530933
393604 877372
376724 405915
150594 251827
297134 958552
420697 525235
859876 952478
240838 770451
609763 760226
264548 324931
142762 549600
154856 863941
294182 702331
587148 984285
693288 932080
151018 369370
703675 790290
172826 356117
874580 952885
245952 690890
308978 942067
848971 938589
104880 364293
159233 226908
264850 733011
364688 747674
824674 946517
709475 952670
510421 785178
507054 842523
171711 290261
515144 554648
887679 976688
192289 818962
84547 360712
27382 398838
134881 241811
678669 786524
860160 966692
854514 858770
267940 991896
591078 663092
919000 953766
310815 959139
506047 652247
866527 977777
308699 645727
5978 965717
842753 955760
268920 646427
533854 981999
850942 876161
819775 834295
815677 988521
696707 723849
883274 949811
470040 892019
15197 962826
306527 465201
691737 756779
566553 918531
806529 862959
549623 841357
84014 811048
124526 602903
66215 605470
990102 998085
912047 976205
760624 859004
764203 924434
429660 452383
799778 968675
245523 836064
142935 772869
983584 996333
376297 438908
170511 226381
474992 542228
229651 930027
346777 455176
343034 880193
707469 867911
971160 978557
421644 584538
969901 977697
996473 998032
59725 467794
527356 650833
829044 962115
470036 794786
496488 855505
21477 182340
881617 915757
832389 959753
770207 995247
536418 792938
99665 620180
294802 379408
584478 949136
93082 788289
673420 785904
415827 789325
68561 764779
546893 939081
981997 987596
729452 932523
122478 712721
357548 819122
520481 767963
743499 973295
348323 682106
505499 850251
928277 943140
542335 599442
206545 260918
431083 466917
248940 696537
405768 851782
897610 985731
802736 902851
261253 487402
891696 905534
370235 743955
76593 882741
530121 656850
909733 983391
533330 898169
321522 688611
758265 917169
676661 870979
522164 612445
21088 292035
669104 895971
477997 937234
128211 663126
970670 978952
539323 985310
371549 449810
889602 996193
607346 916848
284684 783399
841636 900234
986478 993456
9947 557618
46226 684281
350917 772814
888965 920278
29080 526624
246439 552444
360686 406918
676323 784527
607956 610008
812029 856000
581300 686399
691858 912847
439793 778439
630416 923722
680682 811936
10936 48244
334061 763762
395488 617014
669847 866891
360522 919103
440401 595586
121240 359464
730849 859953
441803 850705
732234 810374
731421 896093
684832 799301
350894 817324
382830 799868
505443 550296
566506 945355
725433 971980
28809 386788
522917 524017
810413 983574
32011 396030
983216 994977
462452 881514
303907 305424
610672 801938
169861 683374
407586 814332
946437 991502
959797 988548
16057 555317
237438 320925
370964 498814
417200 504019
989767 991296
187578 647657
617586 901624
256521 824763
235425 444785
208890 597821
942885 957915
810019 958713
725360 914281
198751 913678
221197 765592
231118 256075
237547 495014
451153 664435
442990 957042
706060 828109
403170 637981
285134 550066
141165 567477
101061 297893
916190 996281
924931 965986
219549 504667
708548 738635
599918 987460
429266 849053
467517 845425
98619 911053
237872 333898
635578 667626
264922 282531
972872 997684
862590 943295
126197 444279
609918 946538
634572 813421
874808 906730
104578 852694
475812 857996
398220 641434
281622 838014
72683 175590
160955 999757
200225 676966
447157 690193
191923 439278
544176 936857
114790 799733
486658 822611
896201 937357
536769 599226
86686 941910
455405 930346
521383 567096
114229 702164
432755 932719
777263 913302
908347 924097
940865 944801
299745 987386
817067 912814
21617 484224
133883 299364
826218 950233
723171 797793
842129 864855
476595 641593
750645 822111
245994 378890
821264 873174
911573 962320
369859 897135
808729 870827
855845 943701
526820 757782
942130 993189
203264 264893
265078 705802
818754 949092
713917 729438
569572 802247
556457 663583
454488 587110
572000 801732
965869 970232
7706 9160
546843 956002
905538 933552
852840 944894
39099 111706
165963 849147
114481 765480
414038 607349
825883 930264
747788 791341
269391 559141
19416 79163
583267 650257
87581 299757
330082 908760
189898 746868
710631 824761
207479 932103
990604 990704
662630 674990
188149 489811
231306 990638
513883 563787
77744 904047
274162 416099
475447 617632
856811 981700
661035 721308
200111 936946
535848 625930
863057 934009
360636 718316
635305 795942
342987 826154
440260 620204
871561 913961
607903 982136
854634 873179
419267 701773
187126 507780
570986 869982
714889 758190
325408 741054
398017 576826
230761 671851
436860 843480
143836 224673
791245 949784
394373 881182
407675 964612
802025 860407
964905 968154
205544 348630
702664 891159
49646 510326
570053 866468
601953 635782
228383 485532
166062 798841
55414 307790
937152 963001
681800 990487
787350 864647
3281 269171
377621 424341
16084 476727
972954 984657
294938 799566
525026 817007
440685 677408
539518 865530
472317 686598
638844 824557
952969 958028
482240 992480
975844 978407
617598 813253
472235 689386
824679 961711
760525 801023
760195 873618
850175 904464
698190 740954
475919 803260
614343 946493
225334 922002
684301 790501
959443 963608
89802 632692
602468 907061
757504 856258
950555 987171
154163 503683
524212 584801
442667 912871
59738 215338
51357 114357
487462 824327
799309 912287
539204 860967
645963 835793
314751 852345
690601 801960
107115 985242
161251 278611
874610 982218
961170 995642
112791 348271
400396 510420
839296 972140
771313 902748
484932 595791
851816 873215
268701 910691
23351 634091
196163 662656
616815 958417
560521 665463
207719 402804
866475 920989
221038 230382
528321 629437
391002 530769
698463 977327
310977 432076
250515 718973
91871 923152
338167 684627
225440 889457
629900 851417
763215 931351
16389 320568
356498 952782
766310 821723
678781 869985
567399 998080
687606 700330
20083 404938
741337 909461
123819 297905
307027 447763
149561 877968
872732 997946
732936 910968
751174 755115
614985 846962
448944 562946
11481 699516
317656 690759
671026 820668
574090 707095
840907 985193
985744 997068
473722 479039
479440 994024
794481 868490
375914 615903
216852 595964
903646 996994
542811 550217
378481 489426
588347 959097
625458 957565
453932 611413
257065 304877
653759 729181
468176 788179
905850 956441
490580 789200
333243 720407
654675 887355
816302 931262
163131 947460
806763 872176
665040 957118
625365 846413
365478 993500
620376 882672
97876 987225
743997 916922
396964 634388
407779 706250
853242 881766
830364 956023
864879 997734
903328 970033
556926 669621
675808 736273
733253 975178
946362 992140
423646 562783
431732 659796
773988 789813
107834 998564
545312 936753
787499 809562
455469 913413
575815 782398
665945 922222
545106 687916
591180 984258
412828 767833
696275 853854
42076 803797
601528 681334
859482 875696
939006 939470
723460 737328
365478 855593
50546 717204
592587 939236
308598 488346
735744 995060
486422 858825
318289 400357
35151 613134
792932 871723
582489 685570
269621 469710
654752 809019
944419 969224
593251 845213
471121 527091
715871 876405
340689 610390
247879 668125
719576 799956
58451 934398
227667 568551
457555 759279
949804 990740
216706 925414
316288 734748
346248 531299
640719 847198
940066 973337
197092 422606
185728 683074
575457 794692
271560 319901
638760 944062
716376 772893
475081 544289
686015 804808
776894 796864
237929 539328
572028 701277
386426 918957
945710 969858
45314 82584
407795 794687
392390 868814
870392 946033
749907 995584
386603 517236
400294 665297
323727 849476
723260 846966
369609 945688
696564 961076
901529 947284
966543 992651
435408 933610
49995 483692
888358 984708
570413 659892
682340 876892
144285 174538
514451 822460
694943 864176
832495 983037
507807 656037
106835 804631
34640 615158
3347 852834
849496 933446
913955 938120
359975 963372
311460 520103
188610 620223
563580 889122
60102 620856
111831 187120
223037 539142
209877 655837
6195 609302
329248 901248
317444 607487
860492 893431
542373 874665
512716 606718
719829 876309
760409 877290
130156 191609
519560 901856
179576 713464
674908 959386
128143 379617
156021 579528
452752 644044
49201 612547
790625 962324
204590 207365
722301 755674
532094 747749
558018 819552
318704 793940
129576 329181
375688 952381
1857 486269
398932 524815
634374 689124
35676 692333
315103 943676
473375 857595
462951 553333
249163 917134
800492 852005
1029 59375
910880 940081
597192 918880
515598 737362
372425 957767
846509 953846
2640 738146
212039 976859
830874 984009
977632 989823
804848 981119
216685 353421
585480 695052
461612 842484
565658 680029
652195 925650
31905 899616
40573 912057
484686 896344
611685 829454
109250 338881
135021 316147
835792 893674
260147 706321
935021 972890
844571 986375
398553 588810
569520 661465
922146 938772
210037 660564
817884 855591
7433 699412
556615 703729
713457 837697
126370 828660
68957 963810
814112 962002
269024 645030
13170 688971
342406 681988
135531 754739
283893 757455
219438 435309
565434 778336
425045 828378
625081 899142
820769 944030
408269 704633
517260 838014
157131 514001
315304 665259
209192 857177
92685 758894
646807 662759
852252 897819
520193 613816
838393 985349
597751 747241
504455 926102
582308 741253
171477 186168
854923 947148
313595 794040
234926 672762
867476 994855
162348 209853
257351 313992
287654 300548
513580 776559
789060 882410
387561 892149
779874 862319
58324 613221
617410 645589
439925 890490
185928 726398
953296 973608
439447 718936
29190 843103
280889 563189
393410 999157
933456 974960
930223 935947
517568 809806
161282 644384
751054 900630
490634 947631
613748 665242
639237 789810
421940 799083
136615 726140
193683 996433
666734 805018
512344 594740
66366 920637
212238 312322
493559 580427
205691 207877
51681 449456
375629 621987
272950 313100
768374 821306
665627 935545
211894 703788
740244 840241
45174 145099
668831 763407
402965 968000
970298 987689
70168 811068
621093 792293
107801 742840
352539 602895
122638 939263
907829 961847
396118 907249
914601 942326
733813 944439
908382 934145
925354 972522
48783 704680
292987 664776
234981 249269
275486 647135
249036 928234
576773 806956
764476 911493
284809 935333
538914 765818
984427 991929
695127 713284
288427 298336
763362 946618
736605 952283
959723 969777
13614 981741
837600 912888
80570 730481
386093 757110
397317 838494
67909 622556
294568 549815
598935 842386
382582 538603
274863 695830
685072 858451
139001 747037
518464 879747
959087 987638
464426 769450
250949 543058
211105 420960
860651 900852
504908 782131
313986 583368
237103 457462
477299 976391
177228 753782
404193 727373
881220 906365
297573 682241
634002 714421
248901 794319
719983 893833
867602 929611
209997 444258
874619 963307
750973 837270
548623 580355
83244 933842
263157 549442
6217 199867
586509 971013
575824 752186
74108 728157
865601 918394
773273 872430
329214 697103
371681 772227
336233 366519
834656 937741
472767 833023
137302 950117
377437 957673
368693 631262
116953 832621
822857 881929
517709 855919
604703 955394
397074 652483
450798 562481
744920 895106
227571 857604
931795 963011
967636 992905
479294 779379
316115 762912
550973 559889
566517 877269
478310 502637
161441 919494
142825 879673
890024 896031
599769 958122
421268 763108
333613 650173
126246 638184
116984 445996
216351 504488
209586 864843
557515 698720
895463 909090
945152 960797
203846 904424
311695 818056
138020 834100
410244 883224
766481 992182
66538 636310
258777 887078
335048 916758
691029 873456
452843 943099
759982 833744
191352 495789
935103 941232
963447 989731
172919 843828
895880 952487
480952 979745
673446 817982
961874 963956
566447 903752
867083 949900
646580 838957
87857 433057
317687 578190
394112 759450
141530 470697
504534 578746
745933 869277
707320 999855
279113 554875
297884 984902
485838 985352
39075 757831
409811 591040
766939 856512
410862 742359
444931 894928
876146 899952
584310 813702
506192 557861
166992 842576
671232 760766
580234 886646
221807 530037
746713 833797
356098 957066
313112 952406
751007 980449
494369 831953
647449 984410
586956 819186
60463 710649
175968 738685
926993 948458
155966 544512
313501 523070
504946 740185
309360 643237
641371 841713
474375 715782
9085 928704
871634 991948
120264 714787
465024 616794
252679 594611
715222 978812
588422 691410
734352 875891
946575 946652
881629 964832
948518 949536
10090 104309
279341 480353
1421 102597
555720 596837
354307 862381
794095 885306
304394 522726
370914 655654
869537 942483
471586 745977
296411 451455
426734 535436
763234 985763
421258 423237
182060 566865
867973 896349
433590 835334
805723 881484
303763 608638
206845 457575
82893 116763
165432 868853
80870 137515
382899 637718
343639 864827
417498 968641
655599 677101
532395 576256
825236 908627
834468 862275
468403 629935
927950 947126
525885 534699
95872 550982
63980 266580
785077 833395
139281 820899
266654 983577
359000 386499
537249 856431
275666 854537
343146 748848
610256 968078
638589 707119
162921 556698
892826 935355
243883 654628
840040 854016
428078 455793
365404 984084
170194 918161
462350 748202
292891 866021
717121 925931
443012 863762
139629 183400
324032 862155
153046 442016
831625 948258
724029 834974
774016 986287
609938 776476
751354 937744
976238 996444
461295 772575
793145 967703
85542 315059
767384 980633
875894 934737
11811 587690
273316 285915
912093 990061
566050 904864
775658 892113
972016 995001
710652 738656
752150 988374
711852 838203
472275 723418
445537 500453
997453 998975
552349 875530
736566 835916
261649 282225
233286 984728
970687 973145
381916 652158
731176 904541
67153 349128
578886 874705
60385 936466
536754 686928
773139 802746
193259 889522
960628 992595
358701 878824
906608 942488
366840 962732
902910 988963
307660 648491
130924 809274
316090 471558
594460 811767
69861 586603
263098 404581
977178 980099
578555 816850
450000 536945
953306 997452
958527 978743
368080 786017
480277 861758
795078 823529
832568 943692
711709 956551
941063 986500
350709 386662
821900 974690
915147 997412
641273 697176
797831 917725
564266 762469
331990 836988
657182 942794
75672 357496
538426 721130
2293 460234
576402 736840
719565 809189
667605 784616
280492 528783
225228 849519
308306 766196
446187 811195
532409 709181
987215 994033
149375 908324
340964 447808
95619 648419
159081 239535
418255 648448
559226 905625
115170 121416
338050 996414
140957 770212
619981 645583
808575 951400
724505 768137
100829 832567
741986 917013
306316 600698
555321 607657
762436 946134
739884 942732
389953 400073
647024 784105
972792 984944
899361 962964
497214 542440
693586 910569
921528 969578
799659 998172
282901 582382
287174 466335
724528 920599
478051 988964
971870 980590
25010 206071
180731 463795
537755 930212
21490 378770
563914 885544
141556 573170
482691 810655
22509 700580
41884 980322
82662 654021
444756 805179
692391 972399
808620 944744
633022 970183
48989 195476
272787 427167
226889 497349
88639 743341
735666 897104
82017 187772
564078 910869
777417 989395
197160 245593
886293 967088
571229 596545
274672 620183
938318 973592
30247 951508
150205 439996
819775 991992
919323 952591
281480 679298
566411 641312
366534 779029
680917 811346
971490 981419
596286 612928
349610 970564
885475 938549
445169 883401
67413 239981
428937 703768
137531 506218
405242 858516
893103 974465
98442 769792
987706 995315
42395 299897
195743 898886
743754 763333
402276 404880
97136 867147
966294 997997
192954 378293
150913 690468
916570 955662
260787 448962
910326 960120
433212 584152
69810 819273
476797 629275
626480 687057
714084 846944
349266 965891
674729 836973
918653 995459
432657 444469
500113 979910
566648 707340
250533 826613
885958 924111
569603 847327
415276 769675
305184 524046
664679 739264
771915 945395
44577 561744
544825 551956
455460 856471
522624 914274
39462 321846
300958 549756
636626 794094
96507 828932
24557 140752
759405 759937
728027 767861
254569 684728
876994 969554
917037 937307
312143 483029
670573 993659
767760 997251
82045 943739
721853 733367
178234 942978
820393 846087
760410 813114
712758 926540
517614 756601
760375 858421
747226 831710
424040 837691
864975 938781
830669 833479
142072 359368
640412 870533
238288 720634
597625 806333
674351 965952
788740 949632
299659 851848
537850 587653
105797 752263
497412 712985
561932 696053
290185 962755
980276 997697
211159 645121
738531 958397
418674 779813
478456 625047
295601 839418
403358 931884
545461 950110
221791 782886
370816 908668
785770 792950
835922 985337
671017 741907
519037 616472
292214 449853
301383 948710
863859 964406
281272 481752
867977 976893
10393 650599
365824 583506
425133 630911
147463 535484
193706 597999
293221 789828
336572 750874
481118 848058
435020 631082
496392 753829
198835 262227
860713 881683
596699 844889
457762 805113
252973 774271
523316 608794
918395 946708
580059 767107
764242 811132
965649 983336
427721 981307
851301 941672
384091 809907
830483 987036
190658 748977
270102 476937
523278 998382
861734 926517
967538 967937
77744 995952
884698 904742
546907 784158
560984 608547
373922 974147
808384 822535
381270 716304
358621 807528
63484 86849
459368 972376
564279 830634
109410 160358
793694 801125
182021 896493
432954 627008
209839 322719
962624 963848
454258 553531
44280 762673
247865 663505
432045 465376
484398 770864
703565 868833
934042 948479
149983 700234
63800 120870
515403 788800
483222 662294
458150 549432
738105 819917
662864 735071
747462 837228
666551 814517
34659 358462
881721 906215
571375 981468
156655 732938
312239 858554
403654 911886
277565 455326
457034 537275
857436 910326
229642 435403
57294 824299
956322 968111
597504 661103
650027 729305
531856 550489
137545 270202
317180 667181
4109 977728
211898 531170
284732 440688
435766 603356
996075 997554
288492 586348
860645 921814
362999 640834
163120 763744
873848 977174
557162 634405
607637 948054
871597 965976
480188 940516
894511 939086
925211 934419
781241 869868
459798 867326
829164 952490
907871 912107
172491 220601
20401 478041
414049 736188
6041 739798
973163 996274
235955 806130
321994 816351
70616 637208
542745 576718
774738 844550
778498 927408
186309 348685
450545 639605
914610 979614
492495 997073
128787 302257
791775 855478
334649 703601
287167 562967
779378 820616
765582 860494
110164 285233
33048 928548
989938 999726
425131 942652
144472 668288
173805 573877
755838 981450
721681 821720
191325 894968
384150 392969
544033 582626
330702 981288
334711 492429
144002 965637
139704 497471
985553 987534
517288 546391
443686 740456
587007 975826
18266 19086
497389 542199
693047 759379
557216 812531
440412 609697
809294 877529
440013 610627
440393 813928
797208 812556
638848 936151
136306 214986
101413 945987
350425 854898
26944 295128
294587 936811
138017 732922
941495 999536
811079 838800
94991 822755
597528 804956
339006 756319
556985 773253
371457 669786
750291 862114
400992 773444
158446 933099
42167 884180
30158 891171
588554 917922
974678 974812
310887 901654
790907 821845
137013 679871
242637 402699
790793 821633
684209 845048
910467 995701
710269 860417
555578 556524
81597 96716
90944 884656
352620 524718
162199 492746
336184 659088
719534 891582
643830 980722
58107 149126
614189 943637
151554 243344
550689 945108
268305 612863
72012 821305
262727 303524
469413 684898
39324 914931
349377 850414
210064 939507
623280 832249
412495 473763
676079 889129
521776 616446
864044 925113
217136 226214
827336 887945
586279 748113
505408 618421
128394 358781
695825 962089
616643 725988
189673 755203
806845 952602
529136 983791
525233 992339
85354 337144
246909 796073
936779 952177
425402 718259
910812 915975
881758 915821
446224 775738
591855 877908
709117 758998
167092 618895
808559 905976
614806 990482
315932 445980
252068 432507
929848 967067
658542 744443
748948 842576
845314 853903
692149 765114
676357 985964
55591 359000
1742 499133
483604 577272
434259 865051
479001 959779
158118 177297
990764 998725
502646 857419
259246 989936
917943 987005
272394 503894
945141 980561
860477 887430
217567 931359
450600 774518
2260 984078
706973 717409
29900 398416
473392 636203
443900 596673
917018 933556
854678 859584
919911 933199
475736 717846
802409 839916
994120 999450
479171 893274
6165 762941
424891 928434
318365 518889
37414 960415
982399 989190
161805 514108
310370 559814
328944 993714
899012 932342
856777 893416
475620 571806
850120 852721
245287 827330
970949 986977
568686 640936
753792 868485
247270 362633
990769 997516
929179 958672
880885 913615
317609 464085
753456 824635
942746 955098
250266 381905
389426 825853
374714 569617
287445 747170
850030 908461
448469 684256
598489 718408
685507 973827
90073 924723
511898 831078
333806 688107
390788 472219
266595 632932
904246 930053
148261 525739
183430 197533
607420 956163
525634 528520
798956 881190
86411 218094
468307 884498
744371 781630
939950 991114
558774 733591
462291 728570
21592 803593
392115 886306
446225 508378
214308 292489
280706 710165
484264 739173
278950 691697
295396 466920
158420 956710
581367 644257
696237 859109
836853 853383
311632 465575
981125 994485
838 151326
624467 913755
786329 863197
600013 779072
358849 642273
878169 898723
517986 842683
582263 987341
261212 498206
469481 559296
7174 974372
563602 663708
946712 955621
897996 949632
655926 737038
254478 964027
494742 952720
911011 993259
202402 956738
868255 931360
580535 737231
442499 484714
793296 902725
715644 866253
58387 485382
650681 986813
31929 852309
589280 816012
683514 812066
737020 797572
606803 634504
479695 784378
214479 344519
634389 777448
21432 427675
216514 270586
515004 657704
387718 853946
344947 613548
589933 622276
286022 427865
650720 959799
159249 745010
739690 866749
448402 797741
201484 847216
826693 936769
817433 845268
961314 971198
435739 506855
171040 774008
519282 605967
13618 421733
426026 638312
313957 798321
723582 825198
173336 693866
328683 767318
192632 608290
942488 953149
447497 767769
13727 812296
462872 698874
975090 999881
416692 535461
596666 949990
61619 698034
953573 959948
636514 991210
726748 997186
204942 806564
457058 702421
487860 716296
772969 976249
878578 939847
55971 667186
759585 949263
846562 906614
467920 872160
17083 487595
401039 739049
862021 984983
445147 517712
143326 888999
89168 275447
221644 581670
48098 220551
158191 689119
951720 990553
327573 620755
796754 924527
929680 963038
97382 551431
350264 646345
5051 63237
82329 270120
813264 972088
648446 829657
337180 811664
802541 932615
814473 969646
740840 748938
2946 266460
216539 828967
249363 393083
467449 756046
738226 970777
10728 949204
101957 411711
589743 964663
206154 341073
314137 972631
4912 701261
804572 811626
712719 814907
637704 839627
543017 616578
306603 632942
974437 995865
456124 480979
29596 939333
261981 877471
59292 883268
187596 518525
871790 989784
481119 640682
112696 725270
151686 557926
266508 391108
433874 966696
546102 912049
777307 877887
342387 604584
7398 576347
934999 975721
492085 677795
280061 690437
858819 923079
290623 973144
399562 441955
160345 612177
150390 831911
690232 890956
557637 809971
454852 573887
653276 902343
475888 874066
136636 893755
515075 761404
864369 961507
208790 407020
830291 853512
485316 670092
994737 996292
317859 728166
310265 781396
813312 973381
123201 508197
569712 987818
465646 790066
396406 411419
385533 950224
908948 946305
240892 270704
862816 984406
499751 831401
233958 911614
824490 886756
836169 979303
707290 826848
273049 301050
968262 980767
788442 888316
252305 614486
733343 993557
466077 910849
877196 923173
639754 969446
907761 998997
245688 664755
521954 848459
576468 906383
345630 676613
523638 593507
739354 743518
932973 947220
262961 432113
89896 617197
480354 642826
564472 626441
371981 606341
631954 887292
542079 671508
845803 986018
503886 982080
442466 969114
231991 835989
455765 763257
382607 614063
585884 647338
380390 516272
961619 986286
377609 454539
119318 800398
859063 873015
574709 787448
41137 608789
639922 862743
974522 999052
4864 391411
271588 876263
399265 794674
576665 767952
479199 854774
709954 769478
51444 902989
559947 672999
593637 870981
400949 718552
261543 764255
92033 235522
49189 289344
373998 509218
50927 777028
977390 994464
237710 898722
115290 449646
815790 832059
774291 863152
337862 978814
778233 963786
973346 974688
333077 431889
473183 893777
639954 808848
307957 425566
817231 857555
468041 487075
503476 616301
270437 424717
890737 991147
965539 983595
120765 424821
662558 974668
140898 929167
621491 935998
20652 320926
527008 602098
565477 587709
608343 663577
987764 998241
85809 167497
102721 777420
98799 322154
36350 945545
457864 840809
422589 916982
495035 632999
804044 862222
119207 909152
609418 665392
53832 856939
505220 937479
626940 990369
834275 943318
451192 727224
203638 299655
331084 645255
547793 782958
599531 877462
833987 879215
554418 965638
539505 995389
203301 303916
601258 965696
776307 845669
91578 943879
514387 596638
610438 736041
267982 577399
269869 967456
801140 929027
872535 940918
864891 933979
585887 602561
367570 468993
420888 600237
273675 736598
13638 628071
193412 252039
801140 968158
136143 693616
903177 991320
639332 929761
35025 692558
399461 985947
176339 269472
173963 419857
909421 910712
792180 814868
755479 905953
544457 645149
325309 790678
881095 983454
897052 908503
117718 525418
611098 749461
596436 922438
720896 886286
676551 689441
312221 759484
875613 940277
350676 800318
168426 897318
689059 918736
618218 992866
658079 725032
431938 663331
307764 857563
529518 869282
336552 558808
385258 899292
182512 723700
856671 887491
464429 607738
79144 155189
472661 621487
275294 566320
716625 739520
356168 889232
707727 932592
246013 598108
614915 827493
27894 729812
327432 705750
117160 995153
585512 614473
612893 613494
719113 945658
985694 992612
341542 413979
824773 825179
228761 803797
484820 643284
918367 979259
552898 660866
148025 220759
386722 981417
293390 423406
353390 806488
975059 996317
437038 519525
639345 810742
979661 995330
14614 375646
592398 799658
112614 954706
190375 442822
821641 945791
999197 999200
941088 949373
253810 934832
951006 990874
413272 433399
59605 240974
964856 990245
621524 852943
970125 974703
598301 896077
151754 333980
375282 519636
309194 565691
820683 881475
666754 916300
919408 993937
805902 873027
814823 831947
766779 925720
971586 987051
133592 687859
500568 840322
6474 209633
989826 998418
131436 622438
632140 994766
198874 682382
65384 152840
556148 738944
597300 697569
574056 942730
166671 300384
985880 994243
826340 904632
44409 854830
976065 995030
683984 756118
772841 898141
818084 987017
710979 767785
192966 203311
280467 365140
714707 896002
665458 714715
112573 316390
688654 888585
398092 967304
268803 810407
761173 863853
280366 557949
157608 267379
506205 926041
339357 878152
587862 977596
333952 682923
252275 401966
998656 998845
96305 423127
40130 85485
255959 662923
355420 758453
808189 997352
648367 818380
345996 511603
225248 559969
222313 429427
313344 613234
648443 885952
944104 981510
695548 975307
235581 548937
927180 971361
564496 826392
130398 904098
638830 848181
884815 973233
178863 573699
404027 917909
348551 374351
433786 669125
846602 904017
991863 996082
788149 908118
125182 822712
187888 888572
749357 783405
879401 902610
139974 433887
423680 714565
524769 962502
553398 699516
567066 663095
746994 892609
758614 984124
698566 794481
41163 132473
145194 891369
967239 982795
759797 886999
958854 984789
948773 981320
219705 387924
301035 538395
131454 354421
715317 912441
493032 599382
272039 622564
902896 991353
935374 972180
366948 413523
418976 912813
252242 488433
23493 493536
340241 467357
180188 277959
258488 704781
608326 897515
754894 995856
110962 896820
271702 947971
72685 186821
772737 908811
469905 976136
148443 641257
826123 987060
934343 946891
908380 963209
256373 423504
695872 791126
37861 85765
326322 724850
229692 452278
984435 992810
468994 969163
467901 772138
418667 621815
509700 873819
141435 513364
676929 781942
29076 168622
568641 727334
924218 967234
450196 807728
659505 789814
941781 986970
944799 968151
976305 998096
246263 646397
191684 675364
293514 421019
787569 854730
891033 913762
350160 457926
938927 988688
732052 746933
87124 381957
119093 568020
344890 532382
566593 834110
680928 943386
547455 741328
728482 883395
301605 902744
634807 897549
809641 958571
807428 922255
644594 788376
46723 67749
72434 846738
401204 633538
818810 849366
565157 753503
520724 814247
358688 400021
54219 873172
192543 843589
273064 813075
701676 745413
384700 896939
796381 827487
344097 491267
669884 700841
147816 389679
823798 936667
467571 605776
406878 732493
211911 537740
242431 289896
511128 905554
121562 509858
56581 739148
172096 880882
560586 851447
755404 955164
996231 998114
182393 998110
642098 650927
833479 886656
501686 698108
805946 821198
514348 518228
289885 918711
792429 845470
237815 450832
229529 756746
824748 999676
683342 717577
576356 586600
419927 675314
424737 954971
129482 471350
543509 996681
815827 938291
412639 624962
330227 372461
150274 653343
163926 933663
824283 975165
475708 784112
76542 178311
365600 437145
373514 699133
765106 955704
904428 921664
696663 871071
963047 972672
306447 871863
567627 784063
79936 491882
577807 885732
496563 664029
67487 709436
23225 340252
415222 869885
808201 979244
474620 855187
656276 823395
808450 842489
360413 433176
154228 939420
771563 880648
965848 992131
426577 789394
929768 949518
489191 497586
712464 894927
717607 758276
469831 841928
45161 133353
704228 734001
347243 708284
46903 248469
864864 956845
597940 744571
986596 993074
480179 967725
377230 730131
336729 379772
406609 470829
307069 848074
346237 597940
671292 726310
975049 989842
964853 966638
725190 955646
25057 291388
45492 352700
31761 386991
763378 906289
393305 536701
921893 945772
1324 164564
366104 476968
81464 196976
296776 784041
916347 916700
948385 990950
575325 734337
385959 424776
525672 585404
763910 974714
70359 303805
606067 792484
888116 954914
605230 659890
499060 914233
906187 994247
380980 612875
734021 950003
627252 850426
692421 927257
440731 606108
875775 993878
150193 166387
262318 282956
222363 985956
531327 964690
443783 896921
736356 849856
700619 735441
269316 680389
197175 699242
156442 500736
87032 879929
804369 820734
614890 786008
382451 422108
614917 999106
165083 295683
283390 284411
946390 970620
432868 827337
242196 470705
681923 951926
107402 688833
807455 852673
724293 862223
80318 690960
64594 784920
141206 550779
563547 750070
904466 929665
104752 197773
157225 325012
720721 886079
568534 695407
61671 391157
752205 976196
456116 903797
915340 969218
232958 582475
718412 855707
53437 281326
353594 890642
167861 655497
348397 598552
992446 998025
210158 234188
552191 680094
565529 865250
970382 976857
967075 968534
804621 906665
912820 913298
551717 875167
192567 335732
404496 853877
852785 973090
821848 861169
647042 794961
627641 708460
245085 720260
212304 706328
185645 362089
251630 583107
599487 838630
448329 755775
491447 568973
262432 331321
718324 836855
462456 949364
364557 938315
6962 447222
160381 889651
92835 739957
554111 988790
563451 941588
569745 986586
719978 837398
674447 855310
670398 827051
414043 978969
974561 991790
412354 806864
101213 856250
701711 853637
208032 522776
505422 814308
525990 814945
487277 867619
817895 899431
435063 582221
225682 827639
79778 292856
32809 763722
744806 892847
139366 948268
122591 573006
674670 918219
826954 974469
265267 903486
884964 960175
577228 624626
869880 972787
668005 768649
544445 935702
745236 908007
308125 529037
289178 845340
410052 565039
702845 842042
768532 814696
903562 958088
421965 673920
797525 896112
197314 237167
1115 371762
948648 951142
323224 380060
168239 186258
196764 883050
998297 998918
393914 449951
482723 777655
333718 681484
818714 998165
427987 666022
191662 424091
664641 665545
879779 980637
85830 114597
987210 997616
164294 263283
706645 867839
81197 105859
39213 462093
361171 514216
355687 396329
597844 792584
373687 447416
821788 970234
837717 998987
256441 878830
267623 581268
1662 866914
325062 371019
776381 991707
653805 930997
601247 817748
852888 881793
556454 838573
674160 880502
648585 871344
156760 984831
375230 641595
940741 974503
641753 669319
898337 914840
393606 473131
234977 502058
22458 148766
221617 478127
998178 998346
22609 446955
0
